bucket,year,month,era_tag,filename_original,filename_saved,url,source_page,downloaded_at,http_status,content_length,last_modified,etag,content_type,sha256,status
再編後,2025,1,R07,setaisu-jinkousu_area_r07-01.xlsx,setaisu-jinkousu_area_r07-01.xlsx,https://www.city.hamamatsu.shizuoka.jp/documents/3757/setaisu-jinkousu_area_r07-01.xlsx,https://www.city.hamamatsu.shizuoka.jp/gyousei/library/1_jinkou-setai/005_kubetsu.html,2025-12-17T22:26:46.777532+09:00,200,97581,"Wed, 07 May 2025 03:01:52 GMT","""17d2d-63482f47b775b""",application/vnd.openxmlformats-officedocument.spreadsheetml.sheet,05ff3e3eee8568c4abb5b0edf2f37b414100a9d5f470d2c5cb007399767ea1f8,downloaded
再編後,2025,2,R07,setaisu-jinkousu_area_r07-02.xlsx,setaisu-jinkousu_area_r07-02.xlsx,https://www.city.hamamatsu.shizuoka.jp/documents/3757/setaisu-jinkousu_area_r07-02.xlsx,https://www.city.hamamatsu.shizuoka.jp/gyousei/library/1_jinkou-setai/005_kubetsu.html,2025-12-17T22:26:48.511532+09:00,200,97125,"Wed, 07 May 2025 03:01:52 GMT","""17b65-63482f47ef1fe""",application/vnd.openxmlformats-officedocument.spreadsheetml.sheet,2313e760950d9c0f6b4a2d31ab78daa4b21010b6e3cb36e22ed7e22a33f3a414,downloaded
再編後,2025,3,R07,setaisu-jinkousu_area_r07-03.xlsx,setaisu-jinkousu_area_r07-03.xlsx,https://www.city.hamamatsu.shizuoka.jp/documents/3757/setaisu-jinkousu_area_r07-03.xlsx,https://www.city.hamamatsu.shizuoka.jp/gyousei/library/1_jinkou-setai/005_kubetsu.html,2025-12-17T22:26:49.839532+09:00,200,95637,"Wed, 07 May 2025 03:01:52 GMT","""17595-63482f481d830""",application/vnd.openxmlformats-officedocument.spreadsheetml.sheet,9d8bda73c78cbe69812abb68b592bcdc2251f1ea57d07748a94cccbc545b28c7,downloaded
再編後,2025,4,R07,setaisu-jinkousu_area_r07-04.xlsx,setaisu-jinkousu_area_r07-04.xlsx,https://www.city.hamamatsu.shizuoka.jp/documents/3757/setaisu-jinkousu_area_r07-04.xlsx,https://www.city.hamamatsu.shizuoka.jp/gyousei/library/1_jinkou-setai/005_kubetsu.html,2025-12-17T22:26:51.339532+09:00,200,95698,"Wed, 07 May 2025 03:01:52 GMT","""175d2-63482f484c632""",application/vnd.openxmlformats-officedocument.spreadsheetml.sheet,1d1f3e6a7859164e134824b7c82d1470a94a67c6fd73e5a2181ba8fb0db79479,downloaded
再編後,2025,5,R07,setaisu-jinkousu_area_r07-05.xlsx,setaisu-jinkousu_area_r07-05.xlsx,https://www.city.hamamatsu.shizuoka.jp/documents/3757/setaisu-jinkousu_area_r07-05.xlsx,https://www.city.hamamatsu.shizuoka.jp/gyousei/library/1_jinkou-setai/005_kubetsu.html,2025-12-17T22:26:52.980532+09:00,200,97505,"Wed, 07 May 2025 03:01:53 GMT","""17ce1-63482f487b04c""",application/vnd.openxmlformats-officedocument.spreadsheetml.sheet,f8e70db3480e9e9d54cc7a25a14dccdf3ec1306ff32111d92a2caaef2ae9c34d,downloaded
再編後,2025,6,R07,setaisu-jinkousu_area_r07-06.xlsx,setaisu-jinkousu_area_r07-06.xlsx,https://www.city.hamamatsu.shizuoka.jp/documents/3757/setaisu-jinkousu_area_r07-06.xlsx,https://www.city.hamamatsu.shizuoka.jp/gyousei/library/1_jinkou-setai/005_kubetsu.html,2025-12-17T22:26:54.480532+09:00,200,73359,"Fri, 06 Jun 2025 06:00:15 GMT","""11e8f-636e0f1ad4154""",application/vnd.openxmlformats-officedocument.spreadsheetml.sheet,1964bbe20006a4aa34a846d240d7a4e55858a748a0f9b3b8b1c7c1e4038b607d,downloaded
再編後,2025,7,R07,setaisu-jinkousu_area_r07-07.xlsx,setaisu-jinkousu_area_r07-07.xlsx,https://www.city.hamamatsu.shizuoka.jp/documents/3757/setaisu-jinkousu_area_r07-07.xlsx,https://www.city.hamamatsu.shizuoka.jp/gyousei/library/1_jinkou-setai/005_kubetsu.html,2025-12-17T22:26:55.793532+09:00,200,71659,"Thu, 10 Jul 2025 09:00:28 GMT","""117eb-6398f6cc88af6""",application/vnd.openxmlformats-officedocument.spreadsheetml.sheet,935fb085df86d980a3efa5f9dccaddecea9b83acdcbeb50a500c14e75df3a808,downloaded
再編後,2025,8,R07,setaisu-jinkousu_area_r07-08.xlsx,setaisu-jinkousu_area_r07-08.xlsx,https://www.city.hamamatsu.shizuoka.jp/documents/3757/setaisu-jinkousu_area_r07-08.xlsx,https://www.city.hamamatsu.shizuoka.jp/gyousei/library/1_jinkou-setai/005_kubetsu.html,2025-12-17T22:26:57.402532+09:00,200,95880,"Fri, 08 Aug 2025 03:00:32 GMT","""17688-63bd1c6f1ea19""",application/vnd.openxmlformats-officedocument.spreadsheetml.sheet,9c42063bde8827f74c4dadf70f5ba47c1ab6e2e178714525064d8676cbf20e99,downloaded
再編後,2025,9,R07,setaisu-jinkousu_area_r07-09.xlsx,setaisu-jinkousu_area_r07-09.xlsx,https://www.city.hamamatsu.shizuoka.jp/documents/3757/setaisu-jinkousu_area_r07-09.xlsx,https://www.city.hamamatsu.shizuoka.jp/gyousei/library/1_jinkou-setai/005_kubetsu.html,2025-12-17T22:26:59.011532+09:00,200,95754,"Fri, 05 Sep 2025 03:01:01 GMT","""1760a-63e050c460395""",application/vnd.openxmlformats-officedocument.spreadsheetml.sheet,94d72fd0ce78d6b3ed35d163b0aa049643394c8437938410aab2a1d9d2e706a9,downloaded
再編後,2025,10,R07,setaisu-jinkousu_area_r07-10.xlsx,setaisu-jinkousu_area_r07-10.xlsx,https://www.city.hamamatsu.shizuoka.jp/documents/3757/setaisu-jinkousu_area_r07-10.xlsx,https://www.city.hamamatsu.shizuoka.jp/gyousei/library/1_jinkou-setai/005_kubetsu.html,2025-12-17T22:27:00.699532+09:00,200,96854,"Tue, 07 Oct 2025 03:00:52 GMT","""17a56-64088c69eea2c""",application/vnd.openxmlformats-officedocument.spreadsheetml.sheet,ad80f22850e4e9c63b9ccfad9f4f52926be8be11393046f93acc6c4b543bc2cc,downloaded
再編後,2025,11,R07,setaisu-jinkousu_area_r07-11.xlsx,setaisu-jinkousu_area_r07-11.xlsx,https://www.city.hamamatsu.shizuoka.jp/documents/3757/setaisu-jinkousu_area_r07-11.xlsx,https://www.city.hamamatsu.shizuoka.jp/gyousei/library/1_jinkou-setai/005_kubetsu.html,2025-12-17T22:27:02.324532+09:00,200,97720,"Fri, 07 Nov 2025 03:00:32 GMT","""17db8-642f8628c8b98""",application/vnd.openxmlformats-officedocument.spreadsheetml.sheet,a3cf6f2531becf60aa08028ec6518dcbb51f99eb5ccc0ed6461d43ba17377228,downloaded
再編後,2025,12,R07,setaisu-jinkousu_area_r07-12.xlsx,setaisu-jinkousu_area_r07-12.xlsx,https://www.city.hamamatsu.shizuoka.jp/documents/3757/setaisu-jinkousu_area_r07-12.xlsx,https://www.city.hamamatsu.shizuoka.jp/gyousei/library/1_jinkou-setai/005_kubetsu.html,2025-12-17T22:27:03.605532+09:00,200,91082,"Thu, 04 Dec 2025 15:01:30 GMT","""163ca-645219a9ceb67""",application/vnd.openxmlformats-officedocument.spreadsheetml.sheet,df255df0339903dcaf9c0d917b28a8f9481ceb691da383f86dc9303c28cef56d,downloaded
再編後,2024,1,R06,setaisu-jinkousu_area_r06-01.xlsx,setaisu-jinkousu_area_r06-01.xlsx,https://www.city.hamamatsu.shizuoka.jp/documents/89116/setaisu-jinkousu_area_r06-01.xlsx,https://www.city.hamamatsu.shizuoka.jp/gyousei/library/1_jinkou-setai/005_past_kubetsu2.html,2025-12-17T22:27:05.089532+09:00,200,89444,"Fri, 10 Jan 2025 03:02:29 GMT","""15d64-62b515342f371""",application/vnd.openxmlformats-officedocument.spreadsheetml.sheet,2201a5ffa30c787286400c7181e23318ce456cffef3323621173947ca0587085,downloaded
再編後,2024,2,R06,setaisu-jinkousu_area_r06-02.xlsx,setaisu-jinkousu_area_r06-02.xlsx,https://www.city.hamamatsu.shizuoka.jp/documents/89116/setaisu-jinkousu_area_r06-02.xlsx,https://www.city.hamamatsu.shizuoka.jp/gyousei/library/1_jinkou-setai/005_past_kubetsu2.html,2025-12-17T22:27:06.402532+09:00,200,89257,"Fri, 10 Jan 2025 03:02:29 GMT","""15ca9-62b515346f2e3""",application/vnd.openxmlformats-officedocument.spreadsheetml.sheet,2fcda5d484c540865d86ecbc89a57750c614a0cf272a4b0a59ca858cc1649881,downloaded
再編後,2024,3,R06,setaisu-jinkousu_area_r06-03_.xlsx,setaisu-jinkousu_area_r06-03_.xlsx,https://www.city.hamamatsu.shizuoka.jp/documents/89116/setaisu-jinkousu_area_r06-03_.xlsx,https://www.city.hamamatsu.shizuoka.jp/gyousei/library/1_jinkou-setai/005_past_kubetsu2.html,2025-12-17T22:27:07.980532+09:00,200,76804,"Fri, 10 Jan 2025 03:02:29 GMT","""12c04-62b51534a5616""",application/vnd.openxmlformats-officedocument.spreadsheetml.sheet,5f95cc2532c29868a25d83f7b331f5fec05430c80b92d8ad9a0837aa013380cd,downloaded
再編後,2024,4,R06,setaisu-jinkousu_area_r06-04.xlsx,setaisu-jinkousu_area_r06-04.xlsx,https://www.city.hamamatsu.shizuoka.jp/documents/89116/setaisu-jinkousu_area_r06-04.xlsx,https://www.city.hamamatsu.shizuoka.jp/gyousei/library/1_jinkou-setai/005_past_kubetsu2.html,2025-12-17T22:27:09.480532+09:00,200,87444,"Fri, 10 Jan 2025 03:02:30 GMT","""15594-62b51534ddc70""",application/vnd.openxmlformats-officedocument.spreadsheetml.sheet,513bc5e4b06b292eb9bf12a2ce95cd0a3a49ff83096bc7f93e9adef53bc8d146,downloaded
再編後,2024,5,R06,setaisu-jinkousu_area_r06-05.xlsx,setaisu-jinkousu_area_r06-05.xlsx,https://www.city.hamamatsu.shizuoka.jp/documents/89116/setaisu-jinkousu_area_r06-05.xlsx,https://www.city.hamamatsu.shizuoka.jp/gyousei/library/1_jinkou-setai/005_past_kubetsu2.html,2025-12-17T22:27:11.027532+09:00,200,87584,"Fri, 10 Jan 2025 03:02:30 GMT","""15620-62b5153522deb""",application/vnd.openxmlformats-officedocument.spreadsheetml.sheet,ce473cee8b2e7916bac9f7a8a9e592d6322c9ecc3a5edefbff82c670ba1a266c,downloaded
再編後,2024,6,R06,setaisu-jinkousu_area_r06-06.xlsx,setaisu-jinkousu_area_r06-06.xlsx,https://www.city.hamamatsu.shizuoka.jp/documents/89116/setaisu-jinkousu_area_r06-06.xlsx,https://www.city.hamamatsu.shizuoka.jp/gyousei/library/1_jinkou-setai/005_past_kubetsu2.html,2025-12-17T22:27:12.605532+09:00,200,100499,"Fri, 10 Jan 2025 03:02:30 GMT","""18893-62b515355b445""",application/vnd.openxmlformats-officedocument.spreadsheetml.sheet,078e7d3079f2921f33bc6f8a8cae59e803f35105911f3bf16646807bcd4ebf6d,downloaded
再編後,2024,7,R06,setaisu-jinkousu_area_r06-07.xlsx,setaisu-jinkousu_area_r06-07.xlsx,https://www.city.hamamatsu.shizuoka.jp/documents/89116/setaisu-jinkousu_area_r06-07.xlsx,https://www.city.hamamatsu.shizuoka.jp/gyousei/library/1_jinkou-setai/005_past_kubetsu2.html,2025-12-17T22:27:14.089532+09:00,200,98207,"Fri, 10 Jan 2025 03:02:31 GMT","""17f9f-62b51535b55b1""",application/vnd.openxmlformats-officedocument.spreadsheetml.sheet,d09425bdea8387d614a2d80c45843b618e309a168e5edc24dd4229cd791cf08d,downloaded
再編後,2024,8,R06,setaisu-jinkousu_area_r06-08.xlsx,setaisu-jinkousu_area_r06-08.xlsx,https://www.city.hamamatsu.shizuoka.jp/documents/89116/setaisu-jinkousu_area_r06-08.xlsx,https://www.city.hamamatsu.shizuoka.jp/gyousei/library/1_jinkou-setai/005_past_kubetsu2.html,2025-12-17T22:27:15.621532+09:00,200,98271,"Fri, 10 Jan 2025 03:02:31 GMT","""17fdf-62b51535f31fc""",application/vnd.openxmlformats-officedocument.spreadsheetml.sheet,07a2aa9cfa5d9f2894fbe1bb164ddd968e764104c5dbe06f8a17a9a6692e7693,downloaded
再編後,2024,9,R06,setaisu-jinkousu_area_r06-09.xlsx,setaisu-jinkousu_area_r06-09.xlsx,https://www.city.hamamatsu.shizuoka.jp/documents/89116/setaisu-jinkousu_area_r06-09.xlsx,https://www.city.hamamatsu.shizuoka.jp/gyousei/library/1_jinkou-setai/005_past_kubetsu2.html,2025-12-17T22:27:17.027532+09:00,200,98060,"Fri, 10 Jan 2025 03:02:31 GMT","""17f0c-62b515363604f""",application/vnd.openxmlformats-officedocument.spreadsheetml.sheet,aca27a2d181fb1d5184b463ec2f5ca6697ef9f5ded53f9fb0255c2fc7cf2ee90,downloaded
再編後,2024,10,R06,setaisu-jinkousu_area_r06-10.xlsx,setaisu-jinkousu_area_r06-10.xlsx,https://www.city.hamamatsu.shizuoka.jp/documents/89116/setaisu-jinkousu_area_r06-10.xlsx,https://www.city.hamamatsu.shizuoka.jp/gyousei/library/1_jinkou-setai/005_past_kubetsu2.html,2025-12-17T22:27:18.543532+09:00,200,98165,"Fri, 10 Jan 2025 03:02:31 GMT","""17f75-62b51536738b1""",application/vnd.openxmlformats-officedocument.spreadsheetml.sheet,3843ec825f9f7015ee6d2533fc768fdb3164a72a4f56eb2fca43c7dd23dfe455,downloaded
再編後,2024,11,R06,setaisu-jinkousu_area_r06-11.xlsx,setaisu-jinkousu_area_r06-11.xlsx,https://www.city.hamamatsu.shizuoka.jp/documents/89116/setaisu-jinkousu_area_r06-11.xlsx,https://www.city.hamamatsu.shizuoka.jp/gyousei/library/1_jinkou-setai/005_past_kubetsu2.html,2025-12-17T22:27:19.918532+09:00,200,98204,"Fri, 10 Jan 2025 03:02:32 GMT","""17f9c-62b51536b0d2c""",application/vnd.openxmlformats-officedocument.spreadsheetml.sheet,ccbb158bfb01983179e492e8c59a6abbf15c87fb3c3121b0d25d7c62434f4507,downloaded
再編後,2024,12,R06,setaisu-jinkousu_area_r06-12.xlsx,setaisu-jinkousu_area_r06-12.xlsx,https://www.city.hamamatsu.shizuoka.jp/documents/89116/setaisu-jinkousu_area_r06-12.xlsx,https://www.city.hamamatsu.shizuoka.jp/gyousei/library/1_jinkou-setai/005_past_kubetsu2.html,2025-12-17T22:27:21.449532+09:00,200,97561,"Fri, 10 Jan 2025 03:02:32 GMT","""17d19-62b51536f3b7f""",application/vnd.openxmlformats-officedocument.spreadsheetml.sheet,be9ee01c55795bac63a72f7740e4b8713fcbdb006376521b397e6a7036bb7734,downloaded
再編前,2023,1,R05,setaisu-jinkousu_area_r05-01.xlsx,setaisu-jinkousu_area_r05-01.xlsx,https://www.city.hamamatsu.shizuoka.jp/documents/89116/setaisu-jinkousu_area_r05-01.xlsx,https://www.city.hamamatsu.shizuoka.jp/gyousei/library/1_jinkou-setai/005_past_kubetsu2.html,2025-12-17T22:27:23.136532+09:00,200,104207,"Wed, 10 Jan 2024 09:01:46 GMT","""1970f-60e93ae3f2c41""",application/vnd.openxmlformats-officedocument.spreadsheetml.sheet,8a0cace255275e8ddfd8faa4907bc7d8b62c9f9cb4f2fbd991050b44e112c459,downloaded
再編前,2023,2,R05,setaisu-jinkousu_area_r05-02.xlsx,setaisu-jinkousu_area_r05-02.xlsx,https://www.city.hamamatsu.shizuoka.jp/documents/89116/setaisu-jinkousu_area_r05-02.xlsx,https://www.city.hamamatsu.shizuoka.jp/gyousei/library/1_jinkou-setai/005_past_kubetsu2.html,2025-12-17T22:27:24.824532+09:00,200,104230,"Wed, 10 Jan 2024 09:01:46 GMT","""19726-60e93ae43ef03""",application/vnd.openxmlformats-officedocument.spreadsheetml.sheet,510872eb6bf79ad9e2fa8656296a4425c87c9769804af37a880905e85bd42fa7,downloaded
再編前,2023,3,R05,setaisu-jinkousu_area_r05-03.xlsx,setaisu-jinkousu_area_r05-03.xlsx,https://www.city.hamamatsu.shizuoka.jp/documents/89116/setaisu-jinkousu_area_r05-03.xlsx,https://www.city.hamamatsu.shizuoka.jp/gyousei/library/1_jinkou-setai/005_past_kubetsu2.html,2025-12-17T22:27:26.527532+09:00,200,100896,"Wed, 10 Jan 2024 09:01:47 GMT","""18a20-60e93ae47cf34""",application/vnd.openxmlformats-officedocument.spreadsheetml.sheet,7826d840b23e6a858d8a25763140199aa206fb2f17172d5f0f4c37f94ca1addc,downloaded
再編前,2023,4,R05,setaisu-jinkousu_area_r05-04.xlsx,setaisu-jinkousu_area_r05-04.xlsx,https://www.city.hamamatsu.shizuoka.jp/documents/89116/setaisu-jinkousu_area_r05-04.xlsx,https://www.city.hamamatsu.shizuoka.jp/gyousei/library/1_jinkou-setai/005_past_kubetsu2.html,2025-12-17T22:27:28.105532+09:00,200,104258,"Wed, 10 Jan 2024 09:01:47 GMT","""19742-60e93ae4b8855""",application/vnd.openxmlformats-officedocument.spreadsheetml.sheet,9c448cf83195446eaf959c251af1175ab1563fd4dbf0f169d0ce49e7d0ad8abf,downloaded
再編前,2023,5,R05,setaisu-jinkousu_area_r05-05.xlsx,setaisu-jinkousu_area_r05-05.xlsx,https://www.city.hamamatsu.shizuoka.jp/documents/89116/setaisu-jinkousu_area_r05-05.xlsx,https://www.city.hamamatsu.shizuoka.jp/gyousei/library/1_jinkou-setai/005_past_kubetsu2.html,2025-12-17T22:27:29.543532+09:00,200,106412,"Wed, 10 Jan 2024 09:01:47 GMT","""19fac-60e93ae4f5116""",application/vnd.openxmlformats-officedocument.spreadsheetml.sheet,b8f6aa586a9b7735080265d8a380265f7355c48bdff9b382c250fe72c59e37c2,downloaded
再編前,2023,6,R05,setaisu-jinkousu_area_r05-06.xlsx,setaisu-jinkousu_area_r05-06.xlsx,https://www.city.hamamatsu.shizuoka.jp/documents/89116/setaisu-jinkousu_area_r05-06.xlsx,https://www.city.hamamatsu.shizuoka.jp/gyousei/library/1_jinkou-setai/005_past_kubetsu2.html,2025-12-17T22:27:31.199532+09:00,200,109745,"Wed, 10 Jan 2024 09:01:47 GMT","""1acb1-60e93ae52fe80""",application/vnd.openxmlformats-officedocument.spreadsheetml.sheet,a772ee834b8defd94b8e47bb2c3b0d17076fd4a4b31c142702e0cc79d71a71b4,downloaded
再編前,2023,7,R05,setaisu-jinkousu_area_r05-07.xlsx,setaisu-jinkousu_area_r05-07.xlsx,https://www.city.hamamatsu.shizuoka.jp/documents/89116/setaisu-jinkousu_area_r05-07.xlsx,https://www.city.hamamatsu.shizuoka.jp/gyousei/library/1_jinkou-setai/005_past_kubetsu2.html,2025-12-17T22:27:32.808532+09:00,200,109786,"Wed, 10 Jan 2024 09:01:48 GMT","""1acda-60e93ae5680f1""",application/vnd.openxmlformats-officedocument.spreadsheetml.sheet,d352b9d429146c6f6cbf298058f29e7796d8ce3d7683d675bd485087413c3348,downloaded
再編前,2023,8,R05,setaisu-jinkousu_area_r05-08.xlsx,setaisu-jinkousu_area_r05-08.xlsx,https://www.city.hamamatsu.shizuoka.jp/documents/89116/setaisu-jinkousu_area_r05-08.xlsx,https://www.city.hamamatsu.shizuoka.jp/gyousei/library/1_jinkou-setai/005_past_kubetsu2.html,2025-12-17T22:27:34.355532+09:00,200,109743,"Wed, 10 Jan 2024 09:01:48 GMT","""1acaf-60e93ae59bd12""",application/vnd.openxmlformats-officedocument.spreadsheetml.sheet,e9ce71fb90488bd085516386f8b7c57a5f62522889e5d1f928cfcebe0deff068,downloaded
再編前,2023,9,R05,setaisu-jinkousu_area_r05-09.xlsx,setaisu-jinkousu_area_r05-09.xlsx,https://www.city.hamamatsu.shizuoka.jp/documents/89116/setaisu-jinkousu_area_r05-09.xlsx,https://www.city.hamamatsu.shizuoka.jp/gyousei/library/1_jinkou-setai/005_past_kubetsu2.html,2025-12-17T22:27:35.746532+09:00,200,106410,"Wed, 10 Jan 2024 09:01:48 GMT","""19faa-60e93ae5cca53""",application/vnd.openxmlformats-officedocument.spreadsheetml.sheet,9194e454b2097b4a42971009fc52405cf8e27a7cace7b768226aa82c9d977da0,downloaded
再編前,2023,10,R05,setaisu-jinkousu_area_r05-10.xlsx,setaisu-jinkousu_area_r05-10.xlsx,https://www.city.hamamatsu.shizuoka.jp/documents/89116/setaisu-jinkousu_area_r05-10.xlsx,https://www.city.hamamatsu.shizuoka.jp/gyousei/library/1_jinkou-setai/005_past_kubetsu2.html,2025-12-17T22:27:37.261532+09:00,200,106461,"Wed, 10 Jan 2024 09:01:48 GMT","""19fdd-60e93ae600e44""",application/vnd.openxmlformats-officedocument.spreadsheetml.sheet,0d07186defdbeac6abf7eccd219befccecbf69e579b75ed8c6e4dc439cd1da49,downloaded
再編前,2023,11,R05,setaisu-jinkousu_area_r05-11.xlsx,setaisu-jinkousu_area_r05-11.xlsx,https://www.city.hamamatsu.shizuoka.jp/documents/89116/setaisu-jinkousu_area_r05-11.xlsx,https://www.city.hamamatsu.shizuoka.jp/gyousei/library/1_jinkou-setai/005_past_kubetsu2.html,2025-12-17T22:27:38.871532+09:00,200,109802,"Wed, 10 Jan 2024 09:01:48 GMT","""1acea-60e93ae634a65""",application/vnd.openxmlformats-officedocument.spreadsheetml.sheet,ac6b82e8bac125525c333cfc02818f535d5bb14a5f2ddd3d0d291338fdbd223e,downloaded
再編前,2023,12,R05,setaisu-jinkousu_area_r05-12.xlsx,setaisu-jinkousu_area_r05-12.xlsx,https://www.city.hamamatsu.shizuoka.jp/documents/89116/setaisu-jinkousu_area_r05-12.xlsx,https://www.city.hamamatsu.shizuoka.jp/gyousei/library/1_jinkou-setai/005_past_kubetsu2.html,2025-12-17T22:27:40.449532+09:00,200,106367,"Wed, 10 Jan 2024 09:01:49 GMT","""19f7f-60e93ae66a5c6""",application/vnd.openxmlformats-officedocument.spreadsheetml.sheet,d575c6b462fb38447a084be6aa6aa28d9f995281473caa4445b8fc11e14a859e,downloaded
再編前,2022,1,R04,setaisu-jinkousu_area_r04-01.xlsx,setaisu-jinkousu_area_r04-01.xlsx,https://www.city.hamamatsu.shizuoka.jp/documents/89116/setaisu-jinkousu_area_r04-01.xlsx,https://www.city.hamamatsu.shizuoka.jp/gyousei/library/1_jinkou-setai/005_past_kubetsu2.html,2025-12-17T22:27:41.933532+09:00,200,106263,"Fri, 06 Jan 2023 06:00:21 GMT","""19f17-5f192220294a9""",application/vnd.openxmlformats-officedocument.spreadsheetml.sheet,c4a46fd56706e27094afe1d3becab852fc1e0e627b6da51c39c7855c5b3f21f8,downloaded
再編前,2022,2,R04,setaisu-jinkousu_area_r04-02.xlsx,setaisu-jinkousu_area_r04-02.xlsx,https://www.city.hamamatsu.shizuoka.jp/documents/89116/setaisu-jinkousu_area_r04-02.xlsx,https://www.city.hamamatsu.shizuoka.jp/gyousei/library/1_jinkou-setai/005_past_kubetsu2.html,2025-12-17T22:27:43.543532+09:00,200,109046,"Fri, 06 Jan 2023 06:00:22 GMT","""1a9f6-5f19222082671""",application/vnd.openxmlformats-officedocument.spreadsheetml.sheet,ae45bab4880d0d83076cceadc8ff59a80bb60ba4c4cd064e2940e29912808a64,downloaded
再編前,2022,3,R04,setaisu-jinkousu_area_r04-03.xlsx,setaisu-jinkousu_area_r04-03.xlsx,https://www.city.hamamatsu.shizuoka.jp/documents/89116/setaisu-jinkousu_area_r04-03.xlsx,https://www.city.hamamatsu.shizuoka.jp/gyousei/library/1_jinkou-setai/005_past_kubetsu2.html,2025-12-17T22:27:45.308532+09:00,200,109348,"Fri, 06 Jan 2023 06:00:22 GMT","""1ab24-5f192220bcff2""",application/vnd.openxmlformats-officedocument.spreadsheetml.sheet,db3befacf106f51ac1fcfc556672c0056094abd6dd7c5a8ef732c360724a6dc3,downloaded
再編前,2022,4,R04,setaisu-jinkousu_area_r04-04.xlsx,setaisu-jinkousu_area_r04-04.xlsx,https://www.city.hamamatsu.shizuoka.jp/documents/89116/setaisu-jinkousu_area_r04-04.xlsx,https://www.city.hamamatsu.shizuoka.jp/gyousei/library/1_jinkou-setai/005_past_kubetsu2.html,2025-12-17T22:27:46.871532+09:00,200,109616,"Fri, 06 Jan 2023 06:00:22 GMT","""1ac30-5f192220f6dba""",application/vnd.openxmlformats-officedocument.spreadsheetml.sheet,766fb662c6eac4cb35e8bef32f65cba9e063ef04821555a1ebdc339a8d5546ff,downloaded
再編前,2022,5,R04,setaisu-jinkousu_area_r04-05.xlsx,setaisu-jinkousu_area_r04-05.xlsx,https://www.city.hamamatsu.shizuoka.jp/documents/89116/setaisu-jinkousu_area_r04-05.xlsx,https://www.city.hamamatsu.shizuoka.jp/gyousei/library/1_jinkou-setai/005_past_kubetsu2.html,2025-12-17T22:27:48.371532+09:00,200,104473,"Fri, 06 Jan 2023 06:00:22 GMT","""19819-5f192221303b2""",application/vnd.openxmlformats-officedocument.spreadsheetml.sheet,af2d00d10f1c89b7844ac3916832745f95621f93af1da62b79b8e7e03a2e7839,downloaded
再編前,2022,6,R04,setaisu-jinkousu_area_r04-06.xlsx,setaisu-jinkousu_area_r04-06.xlsx,https://www.city.hamamatsu.shizuoka.jp/documents/89116/setaisu-jinkousu_area_r04-06.xlsx,https://www.city.hamamatsu.shizuoka.jp/gyousei/library/1_jinkou-setai/005_past_kubetsu2.html,2025-12-17T22:27:49.730532+09:00,200,104758,"Fri, 06 Jan 2023 06:00:22 GMT","""19936-5f1922216bcd3""",application/vnd.openxmlformats-officedocument.spreadsheetml.sheet,667f19f50db33fb8cd057f0e6be35fee6d1da14f2624206e3bb78608bf2fafba,downloaded
再編前,2022,7,R04,setaisu-jinkousu_area_r04-07.xlsx,setaisu-jinkousu_area_r04-07.xlsx,https://www.city.hamamatsu.shizuoka.jp/documents/89116/setaisu-jinkousu_area_r04-07.xlsx,https://www.city.hamamatsu.shizuoka.jp/gyousei/library/1_jinkou-setai/005_past_kubetsu2.html,2025-12-17T22:27:51.543532+09:00,200,103857,"Fri, 06 Jan 2023 06:00:23 GMT","""195b1-5f192221a81ab""",application/vnd.openxmlformats-officedocument.spreadsheetml.sheet,037dea09c073c5b9c4955fa3adf5d49cd71b10d8d2f03986d4ba0ad645d49882,downloaded
再編前,2022,8,R04,setaisu-jinkousu_area_r04-08.xlsx,setaisu-jinkousu_area_r04-08.xlsx,https://www.city.hamamatsu.shizuoka.jp/documents/89116/setaisu-jinkousu_area_r04-08.xlsx,https://www.city.hamamatsu.shizuoka.jp/gyousei/library/1_jinkou-setai/005_past_kubetsu2.html,2025-12-17T22:27:53.027532+09:00,200,104651,"Fri, 06 Jan 2023 06:00:23 GMT","""198cb-5f192221e4683""",application/vnd.openxmlformats-officedocument.spreadsheetml.sheet,3b09b79f62158a871d6c5e41c6eb24e2ff9b53b7c0247a84adfd1aa5a2d0c72f,downloaded
再編前,2022,9,R04,setaisu-jinkousu_area_r04-09.xlsx,setaisu-jinkousu_area_r04-09.xlsx,https://www.city.hamamatsu.shizuoka.jp/documents/89116/setaisu-jinkousu_area_r04-09.xlsx,https://www.city.hamamatsu.shizuoka.jp/gyousei/library/1_jinkou-setai/005_past_kubetsu2.html,2025-12-17T22:27:54.683532+09:00,200,104849,"Fri, 06 Jan 2023 06:00:23 GMT","""19991-5f19222220b5c""",application/vnd.openxmlformats-officedocument.spreadsheetml.sheet,b1ed1ccd750d90052edc80c076a2f93bca933197dce475e50a5ca85e3e5a02cd,downloaded
再編前,2022,10,R04,setaisu-jinkousu_area_r04-10.xlsx,setaisu-jinkousu_area_r04-10.xlsx,https://www.city.hamamatsu.shizuoka.jp/documents/89116/setaisu-jinkousu_area_r04-10.xlsx,https://www.city.hamamatsu.shizuoka.jp/gyousei/library/1_jinkou-setai/005_past_kubetsu2.html,2025-12-17T22:27:56.339532+09:00,200,104924,"Fri, 06 Jan 2023 06:00:24 GMT","""199dc-5f1922226a324""",application/vnd.openxmlformats-officedocument.spreadsheetml.sheet,1d64cb47f60d884534e04c95edcd8efe1e0f6729589a2a0a1ad6b70e891744b1,downloaded
再編前,2022,11,R04,setaisu-jinkousu_area_r04-11.xlsx,setaisu-jinkousu_area_r04-11.xlsx,https://www.city.hamamatsu.shizuoka.jp/documents/89116/setaisu-jinkousu_area_r04-11.xlsx,https://www.city.hamamatsu.shizuoka.jp/gyousei/library/1_jinkou-setai/005_past_kubetsu2.html,2025-12-17T22:27:57.746532+09:00,200,104842,"Fri, 06 Jan 2023 06:00:24 GMT","""1998a-5f192222a4ca4""",application/vnd.openxmlformats-officedocument.spreadsheetml.sheet,288aa5aa2f632922131bdc92ce13670f95b7a116fc4871ab5a27e216186076f3,downloaded
再編前,2022,12,R04,setaisu-jinkousu_area_r04-12.xlsx,setaisu-jinkousu_area_r04-12.xlsx,https://www.city.hamamatsu.shizuoka.jp/documents/89116/setaisu-jinkousu_area_r04-12.xlsx,https://www.city.hamamatsu.shizuoka.jp/gyousei/library/1_jinkou-setai/005_past_kubetsu2.html,2025-12-17T22:27:59.261532+09:00,200,105059,"Fri, 06 Jan 2023 06:00:24 GMT","""19a63-5f192222e30bd""",application/vnd.openxmlformats-officedocument.spreadsheetml.sheet,135b09ebfdac77f9072b1242a39b8732262e163afbe9fefce1bfe48c716d8608,downloaded
再編前,2021,1,R03,setaisu-jinkousu_area_r03-01.xlsx,setaisu-jinkousu_area_r03-01.xlsx,https://www.city.hamamatsu.shizuoka.jp/documents/89116/setaisu-jinkousu_area_r03-01.xlsx,https://www.city.hamamatsu.shizuoka.jp/gyousei/library/1_jinkou-setai/005_past_kubetsu2.html,2025-12-17T22:28:00.824532+09:00,200,108790,"Thu, 06 Jan 2022 03:00:25 GMT","""1a8f6-5d4e112681611""",application/vnd.openxmlformats-officedocument.spreadsheetml.sheet,d878c2281afe60a79895e1523abd8a7670a316b3a6e3ca1e3f05872182f1c7fb,downloaded
再編前,2021,2,R03,setaisu-jinkousu_area_r03-02.xlsx,setaisu-jinkousu_area_r03-02.xlsx,https://www.city.hamamatsu.shizuoka.jp/documents/89116/setaisu-jinkousu_area_r03-02.xlsx,https://www.city.hamamatsu.shizuoka.jp/gyousei/library/1_jinkou-setai/005_past_kubetsu2.html,2025-12-17T22:28:02.574532+09:00,200,109610,"Thu, 06 Jan 2022 03:00:25 GMT","""1ac2a-5d4e1126ba439""",application/vnd.openxmlformats-officedocument.spreadsheetml.sheet,53c4da960ccf070ab33c7c37645f6ed04cd53ecd5f39be3c45840812cc5ffadf,downloaded
再編前,2021,3,R03,setaisu-jinkousu_area_r03-03.xlsx,setaisu-jinkousu_area_r03-03.xlsx,https://www.city.hamamatsu.shizuoka.jp/documents/89116/setaisu-jinkousu_area_r03-03.xlsx,https://www.city.hamamatsu.shizuoka.jp/gyousei/library/1_jinkou-setai/005_past_kubetsu2.html,2025-12-17T22:28:04.324532+09:00,200,109617,"Thu, 06 Jan 2022 03:00:25 GMT","""1ac31-5d4e1126f26a9""",application/vnd.openxmlformats-officedocument.spreadsheetml.sheet,2ebc09dcef19ecf98837308bd2cdc1343ad81994dd3c56910c76998d5cd3a981,downloaded
再編前,2021,4,R03,setaisu-jinkousu_area_r03-04.xlsx,setaisu-jinkousu_area_r03-04.xlsx,https://www.city.hamamatsu.shizuoka.jp/documents/89116/setaisu-jinkousu_area_r03-04.xlsx,https://www.city.hamamatsu.shizuoka.jp/gyousei/library/1_jinkou-setai/005_past_kubetsu2.html,2025-12-17T22:28:05.793532+09:00,200,109839,"Thu, 06 Jan 2022 03:00:25 GMT","""1ad0f-5d4e11272a14a""",application/vnd.openxmlformats-officedocument.spreadsheetml.sheet,57f4ae2b5e43d5eac174e77ed164a0f97fb13216a60c2eae99964b94af244326,downloaded
再編前,2021,5,R03,setaisu-jinkousu_area_r03-05.xlsx,setaisu-jinkousu_area_r03-05.xlsx,https://www.city.hamamatsu.shizuoka.jp/documents/89116/setaisu-jinkousu_area_r03-05.xlsx,https://www.city.hamamatsu.shizuoka.jp/gyousei/library/1_jinkou-setai/005_past_kubetsu2.html,2025-12-17T22:28:07.371532+09:00,200,106472,"Thu, 06 Jan 2022 03:00:26 GMT","""19fe8-5d4e112761fd2""",application/vnd.openxmlformats-officedocument.spreadsheetml.sheet,6d25e970077290fc421699bdf3810b800d1e022c66bc3d39f2c0122893c22a41,downloaded
再編前,2021,6,R03,setaisu-jinkousu_area_r03-06.xlsx,setaisu-jinkousu_area_r03-06.xlsx,https://www.city.hamamatsu.shizuoka.jp/documents/89116/setaisu-jinkousu_area_r03-06.xlsx,https://www.city.hamamatsu.shizuoka.jp/gyousei/library/1_jinkou-setai/005_past_kubetsu2.html,2025-12-17T22:28:08.996532+09:00,200,106578,"Thu, 06 Jan 2022 03:00:26 GMT","""1a052-5d4e11279b1e2""",application/vnd.openxmlformats-officedocument.spreadsheetml.sheet,2157b771996c79309eb39a5be0911d0d82f6d69d2b42480636c72eca60dfe8dc,downloaded
再編前,2021,7,R03,setaisu-jinkousu_area_r03-07.xlsx,setaisu-jinkousu_area_r03-07.xlsx,https://www.city.hamamatsu.shizuoka.jp/documents/89116/setaisu-jinkousu_area_r03-07.xlsx,https://www.city.hamamatsu.shizuoka.jp/gyousei/library/1_jinkou-setai/005_past_kubetsu2.html,2025-12-17T22:28:10.511532+09:00,200,106117,"Thu, 06 Jan 2022 03:00:26 GMT","""19e85-5d4e1127d3452""",application/vnd.openxmlformats-officedocument.spreadsheetml.sheet,352392688a1e2df9be373f5e364db0c11cac96cc5526041e92e963bd66d4d19b,downloaded
再編前,2021,8,R03,setaisu-jinkousu_area_r03-08.xlsx,setaisu-jinkousu_area_r03-08.xlsx,https://www.city.hamamatsu.shizuoka.jp/documents/89116/setaisu-jinkousu_area_r03-08.xlsx,https://www.city.hamamatsu.shizuoka.jp/gyousei/library/1_jinkou-setai/005_past_kubetsu2.html,2025-12-17T22:28:12.168532+09:00,200,109726,"Thu, 06 Jan 2022 03:00:26 GMT","""1ac9e-5d4e11280c662""",application/vnd.openxmlformats-officedocument.spreadsheetml.sheet,0c9b2474c075b2b66b1cd3ff83dfc382073acc09db8ae19ff4794bdc54a53755,downloaded
再編前,2021,9,R03,setaisu-jinkousu_area_r03-09.xlsx,setaisu-jinkousu_area_r03-09.xlsx,https://www.city.hamamatsu.shizuoka.jp/documents/89116/setaisu-jinkousu_area_r03-09.xlsx,https://www.city.hamamatsu.shizuoka.jp/gyousei/library/1_jinkou-setai/005_past_kubetsu2.html,2025-12-17T22:28:13.824532+09:00,200,106081,"Thu, 06 Jan 2022 03:00:26 GMT","""19e61-5d4e1128444ea""",application/vnd.openxmlformats-officedocument.spreadsheetml.sheet,21ab5eefd0780e4621510e0482bdf81f761299ae94b9da1e4dc4d83adcab5bc1,downloaded
再編前,2021,10,R03,setaisu-jinkousu_area_r03-10.xlsx,setaisu-jinkousu_area_r03-10.xlsx,https://www.city.hamamatsu.shizuoka.jp/documents/89116/setaisu-jinkousu_area_r03-10.xlsx,https://www.city.hamamatsu.shizuoka.jp/gyousei/library/1_jinkou-setai/005_past_kubetsu2.html,2025-12-17T22:28:15.355532+09:00,200,106068,"Thu, 06 Jan 2022 03:00:27 GMT","""19e54-5d4e11287deca""",application/vnd.openxmlformats-officedocument.spreadsheetml.sheet,a195e23393f3c1d0280883b87dd7ad1e1b17a3edf15f7a23f0677dcae1134700,downloaded
再編前,2021,11,R03,setaisu-jinkousu_area_r03-11.xlsx,setaisu-jinkousu_area_r03-11.xlsx,https://www.city.hamamatsu.shizuoka.jp/documents/89116/setaisu-jinkousu_area_r03-11.xlsx,https://www.city.hamamatsu.shizuoka.jp/gyousei/library/1_jinkou-setai/005_past_kubetsu2.html,2025-12-17T22:28:16.886532+09:00,200,106073,"Thu, 06 Jan 2022 03:00:27 GMT","""19e59-5d4e1128b74c2""",application/vnd.openxmlformats-officedocument.spreadsheetml.sheet,b24e3db7b27357da51111e8e45774cc3bcf4aa9866a20f77c38b3a4118e8a72f,downloaded
再編前,2021,12,R03,setaisu-jinkousu_area_r03-12.xlsx,setaisu-jinkousu_area_r03-12.xlsx,https://www.city.hamamatsu.shizuoka.jp/documents/89116/setaisu-jinkousu_area_r03-12.xlsx,https://www.city.hamamatsu.shizuoka.jp/gyousei/library/1_jinkou-setai/005_past_kubetsu2.html,2025-12-17T22:28:18.511532+09:00,200,109559,"Thu, 06 Jan 2022 03:00:27 GMT","""1abf7-5d4e1128e7e1a""",application/vnd.openxmlformats-officedocument.spreadsheetml.sheet,db1dd65bfe981365ff7d894bf6101c3854843dbf449d9ccb084bf3c452a251a7,downloaded
再編前,2020,1,R02,setaisu-jinkousu_area_r02-01.xlsx,setaisu-jinkousu_area_r02-01.xlsx,https://www.city.hamamatsu.shizuoka.jp/documents/89116/setaisu-jinkousu_area_r02-01.xlsx,https://www.city.hamamatsu.shizuoka.jp/gyousei/library/1_jinkou-setai/005_past_kubetsu2.html,2025-12-17T22:28:19.855532+09:00,200,105389,"Tue, 05 Jan 2021 23:00:21 GMT","""19bad-5b82f2bc72b40""",application/vnd.openxmlformats-officedocument.spreadsheetml.sheet,42fc4ce30651746761cfdb90bd6e5b29442d089ced842bf1ea30926700df0a22,downloaded
再編前,2020,2,R02,setaisu-jinkousu_area_r02-02.xlsx,setaisu-jinkousu_area_r02-02.xlsx,https://www.city.hamamatsu.shizuoka.jp/documents/89116/setaisu-jinkousu_area_r02-02.xlsx,https://www.city.hamamatsu.shizuoka.jp/gyousei/library/1_jinkou-setai/005_past_kubetsu2.html,2025-12-17T22:28:21.371532+09:00,200,106724,"Tue, 05 Jan 2021 23:00:21 GMT","""1a0e4-5b82f2bc72b40""",application/vnd.openxmlformats-officedocument.spreadsheetml.sheet,2fd2c3bdedfd2efcae4a4633bf35be065161b455e5afb7d69b2d061e40a0e639,downloaded
再編前,2020,3,R02,setaisu-jinkousu_area_r02-03.xlsx,setaisu-jinkousu_area_r02-03.xlsx,https://www.city.hamamatsu.shizuoka.jp/documents/89116/setaisu-jinkousu_area_r02-03.xlsx,https://www.city.hamamatsu.shizuoka.jp/gyousei/library/1_jinkou-setai/005_past_kubetsu2.html,2025-12-17T22:28:22.839532+09:00,200,106780,"Tue, 05 Jan 2021 23:00:22 GMT","""1a11c-5b82f2bd66d80""",application/vnd.openxmlformats-officedocument.spreadsheetml.sheet,64ca19061e6f2c1f370cc21f12c7ee2b0e72e25a3a845a57ffd8c3a3c04cf057,downloaded
再編前,2020,4,R02,setaisu-jinkousu_area_r02-04.xlsx,setaisu-jinkousu_area_r02-04.xlsx,https://www.city.hamamatsu.shizuoka.jp/documents/89116/setaisu-jinkousu_area_r02-04.xlsx,https://www.city.hamamatsu.shizuoka.jp/gyousei/library/1_jinkou-setai/005_past_kubetsu2.html,2025-12-17T22:28:24.324532+09:00,200,107667,"Tue, 05 Jan 2021 23:00:22 GMT","""1a493-5b82f2bd66d80""",application/vnd.openxmlformats-officedocument.spreadsheetml.sheet,2bd0cf01d03ee7b0b655f5d8cb336bc6fb548563867b04cd3b5ff641253a2c1b,downloaded
再編前,2020,5,R02,setaisu-jinkousu_area_r02-05.xlsx,setaisu-jinkousu_area_r02-05.xlsx,https://www.city.hamamatsu.shizuoka.jp/documents/89116/setaisu-jinkousu_area_r02-05.xlsx,https://www.city.hamamatsu.shizuoka.jp/gyousei/library/1_jinkou-setai/005_past_kubetsu2.html,2025-12-17T22:28:25.699532+09:00,200,105220,"Tue, 05 Jan 2021 23:00:22 GMT","""19b04-5b82f2bd66d80""",application/vnd.openxmlformats-officedocument.spreadsheetml.sheet,f1f567ae90c1a73390edb78a7a1f3fb08c5bfd54b9de493baea87a80c3c3f3ed,downloaded
再編前,2020,6,R02,setaisu-jinkousu_area_r02-06.xlsx,setaisu-jinkousu_area_r02-06.xlsx,https://www.city.hamamatsu.shizuoka.jp/documents/89116/setaisu-jinkousu_area_r02-06.xlsx,https://www.city.hamamatsu.shizuoka.jp/gyousei/library/1_jinkou-setai/005_past_kubetsu2.html,2025-12-17T22:28:27.371532+09:00,200,107546,"Tue, 05 Jan 2021 23:00:22 GMT","""1a41a-5b82f2bd66d80""",application/vnd.openxmlformats-officedocument.spreadsheetml.sheet,756a6e24f52a73a2e014d27f1fdb349e01f50945e4c7c6848dc6f3b3d61416cf,downloaded
再編前,2020,7,R02,setaisu-jinkousu_area_r02-07.xlsx,setaisu-jinkousu_area_r02-07.xlsx,https://www.city.hamamatsu.shizuoka.jp/documents/89116/setaisu-jinkousu_area_r02-07.xlsx,https://www.city.hamamatsu.shizuoka.jp/gyousei/library/1_jinkou-setai/005_past_kubetsu2.html,2025-12-17T22:28:28.996532+09:00,200,107574,"Tue, 05 Jan 2021 23:00:22 GMT","""1a436-5b82f2bd66d80""",application/vnd.openxmlformats-officedocument.spreadsheetml.sheet,24a8950ac0d05911a8e1e834f60c9a311868301f7fa029f462add170ce0e0ed1,downloaded
再編前,2020,8,R02,setaisu-jinkousu_area_r02-08.xlsx,setaisu-jinkousu_area_r02-08.xlsx,https://www.city.hamamatsu.shizuoka.jp/documents/89116/setaisu-jinkousu_area_r02-08.xlsx,https://www.city.hamamatsu.shizuoka.jp/gyousei/library/1_jinkou-setai/005_past_kubetsu2.html,2025-12-17T22:28:30.418532+09:00,200,107388,"Tue, 05 Jan 2021 23:00:22 GMT","""1a37c-5b82f2bd66d80""",application/vnd.openxmlformats-officedocument.spreadsheetml.sheet,81b3ed6650ba3e1fab29270c91b945f0a717fe22cb45f045e93c867d59d08b95,downloaded
再編前,2020,9,R02,setaisu-jinkousu_area_r02-09.xlsx,setaisu-jinkousu_area_r02-09.xlsx,https://www.city.hamamatsu.shizuoka.jp/documents/89116/setaisu-jinkousu_area_r02-09.xlsx,https://www.city.hamamatsu.shizuoka.jp/gyousei/library/1_jinkou-setai/005_past_kubetsu2.html,2025-12-17T22:28:31.777532+09:00,200,107753,"Tue, 05 Jan 2021 23:00:22 GMT","""1a4e9-5b82f2bd66d80""",application/vnd.openxmlformats-officedocument.spreadsheetml.sheet,77ba61be638adbe05d9fb1b3adaaab6a056cdd8302a93e6a22fd9dbe55e04073,downloaded
再編前,2020,10,R02,setaisu-jinkousu_area_r02-10.xlsx,setaisu-jinkousu_area_r02-10.xlsx,https://www.city.hamamatsu.shizuoka.jp/documents/89116/setaisu-jinkousu_area_r02-10.xlsx,https://www.city.hamamatsu.shizuoka.jp/gyousei/library/1_jinkou-setai/005_past_kubetsu2.html,2025-12-17T22:28:33.371532+09:00,200,108830,"Tue, 05 Jan 2021 23:00:23 GMT","""1a91e-5b82f2be5afc0""",application/vnd.openxmlformats-officedocument.spreadsheetml.sheet,09755dcd441f570022029efccc9cb6c03e70ddd968daa865fa205931b0ad17ae,downloaded
再編前,2020,11,R02,setaisu-jinkousu_area_r02-11.xlsx,setaisu-jinkousu_area_r02-11.xlsx,https://www.city.hamamatsu.shizuoka.jp/documents/89116/setaisu-jinkousu_area_r02-11.xlsx,https://www.city.hamamatsu.shizuoka.jp/gyousei/library/1_jinkou-setai/005_past_kubetsu2.html,2025-12-17T22:28:35.074532+09:00,200,108885,"Tue, 05 Jan 2021 23:00:23 GMT","""1a955-5b82f2be5afc0""",application/vnd.openxmlformats-officedocument.spreadsheetml.sheet,ac6086fc7267ac5fddc7b4b81244b1ca9e67a1653a41d608eb9c51c8ff1d7655,downloaded
再編前,2020,12,R02,setaisu-jinkousu_area_r02-12.xlsx,setaisu-jinkousu_area_r02-12.xlsx,https://www.city.hamamatsu.shizuoka.jp/documents/89116/setaisu-jinkousu_area_r02-12.xlsx,https://www.city.hamamatsu.shizuoka.jp/gyousei/library/1_jinkou-setai/005_past_kubetsu2.html,2025-12-17T22:28:36.527532+09:00,200,108885,"Tue, 05 Jan 2021 23:00:23 GMT","""1a955-5b82f2be5afc0""",application/vnd.openxmlformats-officedocument.spreadsheetml.sheet,a9de156028197b66172d63f4774832d52515338361f6b01f49a9d3520f678e75,downloaded
再編前,2019,1,H31,setaisu-jinkousu_area_h31-01.xlsx,setaisu-jinkousu_area_h31-01.xlsx,https://www.city.hamamatsu.shizuoka.jp/documents/89116/setaisu-jinkousu_area_h31-01.xlsx,https://www.city.hamamatsu.shizuoka.jp/gyousei/library/1_jinkou-setai/005_past_kubetsu2.html,2025-12-17T22:28:37.980532+09:00,200,100887,"Tue, 05 Jan 2021 23:00:23 GMT","""18a17-5b82f2be5afc0""",application/vnd.openxmlformats-officedocument.spreadsheetml.sheet,4239715df98a20073afeef919d0b3acb460da4ea5b0fd7df27aeb8541179f769,downloaded
再編前,2019,2,H31,setaisu-jinkousu_area_h31-02.xlsx,setaisu-jinkousu_area_h31-02.xlsx,https://www.city.hamamatsu.shizuoka.jp/documents/89116/setaisu-jinkousu_area_h31-02.xlsx,https://www.city.hamamatsu.shizuoka.jp/gyousei/library/1_jinkou-setai/005_past_kubetsu2.html,2025-12-17T22:28:39.355532+09:00,200,102740,"Tue, 05 Jan 2021 23:00:23 GMT","""19154-5b82f2be5afc0""",application/vnd.openxmlformats-officedocument.spreadsheetml.sheet,7894daaeba8f7c1432cb757969051b5c3c6e67bd8990e2f52ce95eb3a6637ad3,downloaded
再編前,2019,3,H31,setaisu-jinkousu_area_h31-03.xlsx,setaisu-jinkousu_area_h31-03.xlsx,https://www.city.hamamatsu.shizuoka.jp/documents/89116/setaisu-jinkousu_area_h31-03.xlsx,https://www.city.hamamatsu.shizuoka.jp/gyousei/library/1_jinkou-setai/005_past_kubetsu2.html,2025-12-17T22:28:40.793532+09:00,200,102761,"Tue, 05 Jan 2021 23:00:23 GMT","""19169-5b82f2be5afc0""",application/vnd.openxmlformats-officedocument.spreadsheetml.sheet,f1e042e0d6cab2ec92c5d4dc4b7e847d64619212926931275daf1f04d9a33b5e,downloaded
再編前,2019,4,H31,setaisu-jinkousu_area_h31-04.xlsx,setaisu-jinkousu_area_h31-04.xlsx,https://www.city.hamamatsu.shizuoka.jp/documents/89116/setaisu-jinkousu_area_h31-04.xlsx,https://www.city.hamamatsu.shizuoka.jp/gyousei/library/1_jinkou-setai/005_past_kubetsu2.html,2025-12-17T22:28:42.308532+09:00,200,102976,"Tue, 05 Jan 2021 23:00:23 GMT","""19240-5b82f2be5afc0""",application/vnd.openxmlformats-officedocument.spreadsheetml.sheet,6a98b5849e0b61a2ceab28bb40c4067a35fd34ef99ccb39eb78fa449d1783e67,downloaded
再編前,2019,5,R01,setaisu-jinkousu_area_r01-05.xlsx,setaisu-jinkousu_area_r01-05.xlsx,https://www.city.hamamatsu.shizuoka.jp/documents/89116/setaisu-jinkousu_area_r01-05.xlsx,https://www.city.hamamatsu.shizuoka.jp/gyousei/library/1_jinkou-setai/005_past_kubetsu2.html,2025-12-17T22:28:43.668532+09:00,200,103000,"Tue, 05 Jan 2021 23:00:24 GMT","""19258-5b82f2bf4f200""",application/vnd.openxmlformats-officedocument.spreadsheetml.sheet,1b7e96db6fbfea14a8cba142f01d5c6de16c97d900c67bdbd6757b935061e2af,downloaded
再編前,2019,6,R01,setaisu-jinkousu_area_r01-06.xlsx,setaisu-jinkousu_area_r01-06.xlsx,https://www.city.hamamatsu.shizuoka.jp/documents/89116/setaisu-jinkousu_area_r01-06.xlsx,https://www.city.hamamatsu.shizuoka.jp/gyousei/library/1_jinkou-setai/005_past_kubetsu2.html,2025-12-17T22:28:44.996532+09:00,200,101328,"Tue, 05 Jan 2021 23:00:24 GMT","""18bd0-5b82f2bf4f200""",application/vnd.openxmlformats-officedocument.spreadsheetml.sheet,0abfcd1c949258ec295f7777ca2073b49b8e09752af5136c7d5e0e4ec9ce696e,downloaded
再編前,2019,7,R01,setaisu-jinkousu_area_r01-07.xlsx,setaisu-jinkousu_area_r01-07.xlsx,https://www.city.hamamatsu.shizuoka.jp/documents/89116/setaisu-jinkousu_area_r01-07.xlsx,https://www.city.hamamatsu.shizuoka.jp/gyousei/library/1_jinkou-setai/005_past_kubetsu2.html,2025-12-17T22:28:46.746532+09:00,200,101226,"Tue, 05 Jan 2021 23:00:24 GMT","""18b6a-5b82f2bf4f200""",application/vnd.openxmlformats-officedocument.spreadsheetml.sheet,0fa980bbc6e54c5cac231a860a304d4430f9b9b1b7835c1a5b626485130ca66b,downloaded
再編前,2019,8,R01,setaisu-jinkousu_area_r01-08.xlsx,setaisu-jinkousu_area_r01-08.xlsx,https://www.city.hamamatsu.shizuoka.jp/documents/89116/setaisu-jinkousu_area_r01-08.xlsx,https://www.city.hamamatsu.shizuoka.jp/gyousei/library/1_jinkou-setai/005_past_kubetsu2.html,2025-12-17T22:28:48.464532+09:00,200,102849,"Tue, 05 Jan 2021 23:00:24 GMT","""191c1-5b82f2bf4f200""",application/vnd.openxmlformats-officedocument.spreadsheetml.sheet,d86e92445c52add6c6f36e225f985ba22f5ed12853f34a517deafc8a3712f096,downloaded
再編前,2019,9,R01,setaisu-jinkousu_area_r01-09.xlsx,setaisu-jinkousu_area_r01-09.xlsx,https://www.city.hamamatsu.shizuoka.jp/documents/89116/setaisu-jinkousu_area_r01-09.xlsx,https://www.city.hamamatsu.shizuoka.jp/gyousei/library/1_jinkou-setai/005_past_kubetsu2.html,2025-12-17T22:28:50.074532+09:00,200,102730,"Tue, 05 Jan 2021 23:00:24 GMT","""1914a-5b82f2bf4f200""",application/vnd.openxmlformats-officedocument.spreadsheetml.sheet,7c01586be33c10d62c5f639a68093bd592d5f209a04995aa3f6c0686f7030b2b,downloaded
再編前,2019,10,R01,setaisu-jinkousu_area_r01-10.xlsx,setaisu-jinkousu_area_r01-10.xlsx,https://www.city.hamamatsu.shizuoka.jp/documents/89116/setaisu-jinkousu_area_r01-10.xlsx,https://www.city.hamamatsu.shizuoka.jp/gyousei/library/1_jinkou-setai/005_past_kubetsu2.html,2025-12-17T22:28:51.793532+09:00,200,101121,"Tue, 05 Jan 2021 23:00:24 GMT","""18b01-5b82f2bf4f200""",application/vnd.openxmlformats-officedocument.spreadsheetml.sheet,e2b16a615c11f689e4050896f0b25acec99fc30b29951e0998ca1188addbbb90,downloaded
再編前,2019,11,R01,setaisu-jinkousu_area_r01-11.xlsx,setaisu-jinkousu_area_r01-11.xlsx,https://www.city.hamamatsu.shizuoka.jp/documents/89116/setaisu-jinkousu_area_r01-11.xlsx,https://www.city.hamamatsu.shizuoka.jp/gyousei/library/1_jinkou-setai/005_past_kubetsu2.html,2025-12-17T22:28:53.464532+09:00,200,102811,"Tue, 05 Jan 2021 23:00:24 GMT","""1919b-5b82f2bf4f200""",application/vnd.openxmlformats-officedocument.spreadsheetml.sheet,07f764665b0ea17eefaebf5fb2b5c63dc0d3a86c521273245536a214ad268a91,downloaded
再編前,2019,12,R01,setaisu-jinkousu_area_r01-12.xlsx,setaisu-jinkousu_area_r01-12.xlsx,https://www.city.hamamatsu.shizuoka.jp/documents/89116/setaisu-jinkousu_area_r01-12.xlsx,https://www.city.hamamatsu.shizuoka.jp/gyousei/library/1_jinkou-setai/005_past_kubetsu2.html,2025-12-17T22:28:55.121532+09:00,200,101053,"Tue, 05 Jan 2021 23:00:25 GMT","""18abd-5b82f2c043440""",application/vnd.openxmlformats-officedocument.spreadsheetml.sheet,cfd36a7974b64f9424bb2faf413acf18ce0d8687a25ac3afc2855e6f111a5d53,downloaded
再編前,2018,1,H30,setaisu-jinkousu_area_h30-01.xlsx,setaisu-jinkousu_area_h30-01.xlsx,https://www.city.hamamatsu.shizuoka.jp/documents/27951/setaisu-jinkousu_area_h30-01.xlsx,https://www.city.hamamatsu.shizuoka.jp/gyousei/library/1_jinkou-setai/005_past_kubetsu1.html,2025-12-17T22:28:56.699532+09:00,200,85134,"Mon, 04 Jan 2021 03:00:39 GMT","""14c8e-5b80a4b79a3c0""",application/vnd.openxmlformats-officedocument.spreadsheetml.sheet,898190a38cd748769b24fb2d66f0ff5cab451789d90492308bf9955bd32d2eba,downloaded
再編前,2018,2,H30,setaisu-jinkousu_area_h30-02.xlsx,setaisu-jinkousu_area_h30-02.xlsx,https://www.city.hamamatsu.shizuoka.jp/documents/27951/setaisu-jinkousu_area_h30-02.xlsx,https://www.city.hamamatsu.shizuoka.jp/gyousei/library/1_jinkou-setai/005_past_kubetsu1.html,2025-12-17T22:28:58.168532+09:00,200,101225,"Mon, 04 Jan 2021 03:00:39 GMT","""18b69-5b80a4b79a3c0""",application/vnd.openxmlformats-officedocument.spreadsheetml.sheet,6c00d75aa10208f9384805b02e0a7049cff970db12dd97375a3a9f354ba364fc,downloaded
再編前,2018,3,H30,setaisu-jinkousu_area_h30-03.xlsx,setaisu-jinkousu_area_h30-03.xlsx,https://www.city.hamamatsu.shizuoka.jp/documents/27951/setaisu-jinkousu_area_h30-03.xlsx,https://www.city.hamamatsu.shizuoka.jp/gyousei/library/1_jinkou-setai/005_past_kubetsu1.html,2025-12-17T22:28:59.699532+09:00,200,101205,"Mon, 04 Jan 2021 03:00:39 GMT","""18b55-5b80a4b79a3c0""",application/vnd.openxmlformats-officedocument.spreadsheetml.sheet,911b88ae7bb15d97c25167b561d0fbf39c1a0cbd8acc367998c1d3a4f14c76a1,downloaded
再編前,2018,4,H30,setaisu-jinkousu_area_h30-04.xlsx,setaisu-jinkousu_area_h30-04.xlsx,https://www.city.hamamatsu.shizuoka.jp/documents/27951/setaisu-jinkousu_area_h30-04.xlsx,https://www.city.hamamatsu.shizuoka.jp/gyousei/library/1_jinkou-setai/005_past_kubetsu1.html,2025-12-17T22:29:01.214532+09:00,200,104490,"Mon, 04 Jan 2021 03:00:39 GMT","""1982a-5b80a4b79a3c0""",application/vnd.openxmlformats-officedocument.spreadsheetml.sheet,7b0e75545294fdafdfdcd3d06f76f880a235590289d9333b81547db2192257fe,downloaded
再編前,2018,5,H30,setaisu-jinkousu_area_h30-05.xlsx,setaisu-jinkousu_area_h30-05.xlsx,https://www.city.hamamatsu.shizuoka.jp/documents/27951/setaisu-jinkousu_area_h30-05.xlsx,https://www.city.hamamatsu.shizuoka.jp/gyousei/library/1_jinkou-setai/005_past_kubetsu1.html,2025-12-17T22:29:02.793532+09:00,200,103318,"Mon, 04 Jan 2021 03:00:39 GMT","""19396-5b80a4b79a3c0""",application/vnd.openxmlformats-officedocument.spreadsheetml.sheet,a87769e8071984db6e7345dd4b93d6f118931758c521fd3eb5c821b7734fd0b2,downloaded
再編前,2018,6,H30,setaisu-jinkousu_area_h30-06.xlsx,setaisu-jinkousu_area_h30-06.xlsx,https://www.city.hamamatsu.shizuoka.jp/documents/27951/setaisu-jinkousu_area_h30-06.xlsx,https://www.city.hamamatsu.shizuoka.jp/gyousei/library/1_jinkou-setai/005_past_kubetsu1.html,2025-12-17T22:29:04.402532+09:00,200,103384,"Mon, 04 Jan 2021 03:00:39 GMT","""193d8-5b80a4b79a3c0""",application/vnd.openxmlformats-officedocument.spreadsheetml.sheet,7dc84ab932e5e9feb9f0aaf6ed38065c8fc4341c9609bd19a9462dd82eaab8fb,downloaded
再編前,2018,7,H30,setaisu-jinkousu_area_h30-07.xlsx,setaisu-jinkousu_area_h30-07.xlsx,https://www.city.hamamatsu.shizuoka.jp/documents/27951/setaisu-jinkousu_area_h30-07.xlsx,https://www.city.hamamatsu.shizuoka.jp/gyousei/library/1_jinkou-setai/005_past_kubetsu1.html,2025-12-17T22:29:06.121532+09:00,200,103045,"Mon, 04 Jan 2021 03:00:39 GMT","""19285-5b80a4b79a3c0""",application/vnd.openxmlformats-officedocument.spreadsheetml.sheet,88e456873a37c7a4edfc23ac21604c5a33d21b432323e08816648e4902d419c7,downloaded
再編前,2018,8,H30,setaisu-jinkousu_area_h30-08.xlsx,setaisu-jinkousu_area_h30-08.xlsx,https://www.city.hamamatsu.shizuoka.jp/documents/27951/setaisu-jinkousu_area_h30-08.xlsx,https://www.city.hamamatsu.shizuoka.jp/gyousei/library/1_jinkou-setai/005_past_kubetsu1.html,2025-12-17T22:29:07.777532+09:00,200,102164,"Mon, 04 Jan 2021 03:00:40 GMT","""18f14-5b80a4b88e600""",application/vnd.openxmlformats-officedocument.spreadsheetml.sheet,2c17a25c62bcc8acd710c27f260df186f79024ea1a659e71ba4021e2ff28de13,downloaded
再編前,2018,9,H30,setaisu-jinkousu_area_h30-09.xlsx,setaisu-jinkousu_area_h30-09.xlsx,https://www.city.hamamatsu.shizuoka.jp/documents/27951/setaisu-jinkousu_area_h30-09.xlsx,https://www.city.hamamatsu.shizuoka.jp/gyousei/library/1_jinkou-setai/005_past_kubetsu1.html,2025-12-17T22:29:09.449532+09:00,200,102229,"Mon, 04 Jan 2021 03:00:40 GMT","""18f55-5b80a4b88e600""",application/vnd.openxmlformats-officedocument.spreadsheetml.sheet,0a03a8d131b3d19543dfcf659626c3724284881bbe49f6ccff78092816cd48ff,downloaded
再編前,2018,10,H30,setaisu-jinkousu_area_h30-10.xlsx,setaisu-jinkousu_area_h30-10.xlsx,https://www.city.hamamatsu.shizuoka.jp/documents/27951/setaisu-jinkousu_area_h30-10.xlsx,https://www.city.hamamatsu.shizuoka.jp/gyousei/library/1_jinkou-setai/005_past_kubetsu1.html,2025-12-17T22:29:10.855532+09:00,200,102507,"Mon, 04 Jan 2021 03:00:40 GMT","""1906b-5b80a4b88e600""",application/vnd.openxmlformats-officedocument.spreadsheetml.sheet,885edf1c201d0c1599d3f2af3bf523f39006d80ba81afbdb80c11af9dd5df31b,downloaded
再編前,2018,11,H30,setaisu-jinkousu_area_h30-11.xlsx,setaisu-jinkousu_area_h30-11.xlsx,https://www.city.hamamatsu.shizuoka.jp/documents/27951/setaisu-jinkousu_area_h30-11.xlsx,https://www.city.hamamatsu.shizuoka.jp/gyousei/library/1_jinkou-setai/005_past_kubetsu1.html,2025-12-17T22:29:12.511532+09:00,200,103415,"Mon, 04 Jan 2021 03:00:40 GMT","""193f7-5b80a4b88e600""",application/vnd.openxmlformats-officedocument.spreadsheetml.sheet,846b823fcb595b0568e10faecb39802447d30b46f969305b1b4106223ce24006,downloaded
再編前,2018,12,H30,setaisu-jinkousu_area_h30-12.xlsx,setaisu-jinkousu_area_h30-12.xlsx,https://www.city.hamamatsu.shizuoka.jp/documents/27951/setaisu-jinkousu_area_h30-12.xlsx,https://www.city.hamamatsu.shizuoka.jp/gyousei/library/1_jinkou-setai/005_past_kubetsu1.html,2025-12-17T22:29:14.214532+09:00,200,104568,"Mon, 04 Jan 2021 03:00:40 GMT","""19878-5b80a4b88e600""",application/vnd.openxmlformats-officedocument.spreadsheetml.sheet,a2cdaaaebd95318c7a6f508708a2840e34dc227ce937a3ff6928a026884cb1ea,downloaded
再編前,2017,1,H29,setaisu-jinkousu_area_h29-01.xlsx,setaisu-jinkousu_area_h29-01.xlsx,https://www.city.hamamatsu.shizuoka.jp/documents/27951/setaisu-jinkousu_area_h29-01.xlsx,https://www.city.hamamatsu.shizuoka.jp/gyousei/library/1_jinkou-setai/005_past_kubetsu1.html,2025-12-17T22:29:15.683532+09:00,200,76835,"Mon, 04 Jan 2021 03:00:40 GMT","""12c23-5b80a4b88e600""",application/vnd.openxmlformats-officedocument.spreadsheetml.sheet,755f69c9e5a15dba63411e871530e76c00fb4499f6bcc84618f1b962ee7d9e93,downloaded
再編前,2017,2,H29,setaisu-jinkousu_area_h29-02.xlsx,setaisu-jinkousu_area_h29-02.xlsx,https://www.city.hamamatsu.shizuoka.jp/documents/27951/setaisu-jinkousu_area_h29-02.xlsx,https://www.city.hamamatsu.shizuoka.jp/gyousei/library/1_jinkou-setai/005_past_kubetsu1.html,2025-12-17T22:29:17.355532+09:00,200,102699,"Mon, 04 Jan 2021 03:00:40 GMT","""1912b-5b80a4b88e600""",application/vnd.openxmlformats-officedocument.spreadsheetml.sheet,b6daa9edf0d16868c98fea629d2469a20e7d570a5bf44374d74a710d8a02fbfe,downloaded
再編前,2017,3,H29,setaisu-jinkousu_area_h29-03.xlsx,setaisu-jinkousu_area_h29-03.xlsx,https://www.city.hamamatsu.shizuoka.jp/documents/27951/setaisu-jinkousu_area_h29-03.xlsx,https://www.city.hamamatsu.shizuoka.jp/gyousei/library/1_jinkou-setai/005_past_kubetsu1.html,2025-12-17T22:29:18.964532+09:00,200,101030,"Mon, 04 Jan 2021 03:00:41 GMT","""18aa6-5b80a4b982840""",application/vnd.openxmlformats-officedocument.spreadsheetml.sheet,e3ac4e6b1e04c4baafbddf295e92c22d91abc090ef20af719f1f76bbd1dcccce,downloaded
再編前,2017,4,H29,setaisu-jinkousu_area_h29-04.xlsx,setaisu-jinkousu_area_h29-04.xlsx,https://www.city.hamamatsu.shizuoka.jp/documents/27951/setaisu-jinkousu_area_h29-04.xlsx,https://www.city.hamamatsu.shizuoka.jp/gyousei/library/1_jinkou-setai/005_past_kubetsu1.html,2025-12-17T22:29:20.621532+09:00,200,102860,"Mon, 04 Jan 2021 03:00:41 GMT","""191cc-5b80a4b982840""",application/vnd.openxmlformats-officedocument.spreadsheetml.sheet,e3c1762b5de96b759569205679d2ae01e755ed1bc304eb0ee129f2dc874d3bcd,downloaded
再編前,2017,5,H29,setaisu-jinkousu_area_h29-05.xlsx,setaisu-jinkousu_area_h29-05.xlsx,https://www.city.hamamatsu.shizuoka.jp/documents/27951/setaisu-jinkousu_area_h29-05.xlsx,https://www.city.hamamatsu.shizuoka.jp/gyousei/library/1_jinkou-setai/005_past_kubetsu1.html,2025-12-17T22:29:22.011532+09:00,200,103061,"Mon, 04 Jan 2021 03:00:41 GMT","""19295-5b80a4b982840""",application/vnd.openxmlformats-officedocument.spreadsheetml.sheet,140a617ac2d54360929bf88e6e77da9c8c4bc50f9a275b8512eab7a409bd9e06,downloaded
再編前,2017,6,H29,setaisu-jinkousu_area_h29-06.xlsx,setaisu-jinkousu_area_h29-06.xlsx,https://www.city.hamamatsu.shizuoka.jp/documents/27951/setaisu-jinkousu_area_h29-06.xlsx,https://www.city.hamamatsu.shizuoka.jp/gyousei/library/1_jinkou-setai/005_past_kubetsu1.html,2025-12-17T22:29:23.433532+09:00,200,101018,"Mon, 04 Jan 2021 03:00:41 GMT","""18a9a-5b80a4b982840""",application/vnd.openxmlformats-officedocument.spreadsheetml.sheet,f30e8b4651a93531cdaeec65c9f273868c49097f39bffdc98dbe38080cfb0885,downloaded
再編前,2017,7,H29,setaisu-jinkousu_area_h29-07.xlsx,setaisu-jinkousu_area_h29-07.xlsx,https://www.city.hamamatsu.shizuoka.jp/documents/27951/setaisu-jinkousu_area_h29-07.xlsx,https://www.city.hamamatsu.shizuoka.jp/gyousei/library/1_jinkou-setai/005_past_kubetsu1.html,2025-12-17T22:29:25.011532+09:00,200,101271,"Mon, 04 Jan 2021 03:00:41 GMT","""18b97-5b80a4b982840""",application/vnd.openxmlformats-officedocument.spreadsheetml.sheet,b4563486dc85a914a318804f6746ea20f8573dd2c0078b70d02e5d175f8dcc2d,downloaded
再編前,2017,8,H29,setaisu-jinkousu_area_h29-08.xlsx,setaisu-jinkousu_area_h29-08.xlsx,https://www.city.hamamatsu.shizuoka.jp/documents/27951/setaisu-jinkousu_area_h29-08.xlsx,https://www.city.hamamatsu.shizuoka.jp/gyousei/library/1_jinkou-setai/005_past_kubetsu1.html,2025-12-17T22:29:26.418532+09:00,200,101262,"Mon, 04 Jan 2021 03:00:41 GMT","""18b8e-5b80a4b982840""",application/vnd.openxmlformats-officedocument.spreadsheetml.sheet,f388adaf120bb5176f9ed2475a3bb01fbccfc9a97e7c4d3364ca1eb100e0f9ae,downloaded
再編前,2017,9,H29,setaisu-jinkousu_area_h29-09.xlsx,setaisu-jinkousu_area_h29-09.xlsx,https://www.city.hamamatsu.shizuoka.jp/documents/27951/setaisu-jinkousu_area_h29-09.xlsx,https://www.city.hamamatsu.shizuoka.jp/gyousei/library/1_jinkou-setai/005_past_kubetsu1.html,2025-12-17T22:29:27.996532+09:00,200,100903,"Mon, 04 Jan 2021 03:00:41 GMT","""18a27-5b80a4b982840""",application/vnd.openxmlformats-officedocument.spreadsheetml.sheet,98034fda4ce8d925c4303456d7dd962778deb98be60276c4bf7c86582af70675,downloaded
再編前,2017,10,H29,setaisu-jinkousu_area_h29-10.xlsx,setaisu-jinkousu_area_h29-10.xlsx,https://www.city.hamamatsu.shizuoka.jp/documents/27951/setaisu-jinkousu_area_h29-10.xlsx,https://www.city.hamamatsu.shizuoka.jp/gyousei/library/1_jinkou-setai/005_past_kubetsu1.html,2025-12-17T22:29:29.371532+09:00,200,100854,"Mon, 04 Jan 2021 03:00:42 GMT","""189f6-5b80a4ba76a80""",application/vnd.openxmlformats-officedocument.spreadsheetml.sheet,23ce7782da1f6d10f9502a3a61eded1f70a869bdf71757698a9e7c6e4d4de492,downloaded
再編前,2017,11,H29,setaisu-jinkousu_area_h29-11.xlsx,setaisu-jinkousu_area_h29-11.xlsx,https://www.city.hamamatsu.shizuoka.jp/documents/27951/setaisu-jinkousu_area_h29-11.xlsx,https://www.city.hamamatsu.shizuoka.jp/gyousei/library/1_jinkou-setai/005_past_kubetsu1.html,2025-12-17T22:29:30.746532+09:00,200,101301,"Mon, 04 Jan 2021 03:00:42 GMT","""18bb5-5b80a4ba76a80""",application/vnd.openxmlformats-officedocument.spreadsheetml.sheet,645cd9e7189521c31f4408db7edd78b0e6989a6635c1610be40c89b1af2bc6a8,downloaded
再編前,2017,12,H29,setaisu-jinkousu_area_h29-12.xlsx,setaisu-jinkousu_area_h29-12.xlsx,https://www.city.hamamatsu.shizuoka.jp/documents/27951/setaisu-jinkousu_area_h29-12.xlsx,https://www.city.hamamatsu.shizuoka.jp/gyousei/library/1_jinkou-setai/005_past_kubetsu1.html,2025-12-17T22:29:32.496532+09:00,200,100983,"Mon, 04 Jan 2021 03:00:42 GMT","""18a77-5b80a4ba76a80""",application/vnd.openxmlformats-officedocument.spreadsheetml.sheet,19a77bf09a503874a17d301804efc0e797251080f6340debd99c85aa40aca343,downloaded
再編前,2016,1,H28,setaisu-jinkousu_area_h28-01.xlsx,setaisu-jinkousu_area_h28-01.xlsx,https://www.city.hamamatsu.shizuoka.jp/documents/27951/setaisu-jinkousu_area_h28-01.xlsx,https://www.city.hamamatsu.shizuoka.jp/gyousei/library/1_jinkou-setai/005_past_kubetsu1.html,2025-12-17T22:29:33.949532+09:00,200,76738,"Mon, 04 Jan 2021 03:00:42 GMT","""12bc2-5b80a4ba76a80""",application/vnd.openxmlformats-officedocument.spreadsheetml.sheet,fa99228591d2fe40a0cb00d32f17a93fa711c2992ea82e50900c1d40869b7d4d,downloaded
再編前,2016,2,H28,setaisu-jinkousu_area_h28-02.xlsx,setaisu-jinkousu_area_h28-02.xlsx,https://www.city.hamamatsu.shizuoka.jp/documents/27951/setaisu-jinkousu_area_h28-02.xlsx,https://www.city.hamamatsu.shizuoka.jp/gyousei/library/1_jinkou-setai/005_past_kubetsu1.html,2025-12-17T22:29:35.589532+09:00,200,76744,"Mon, 04 Jan 2021 03:00:42 GMT","""12bc8-5b80a4ba76a80""",application/vnd.openxmlformats-officedocument.spreadsheetml.sheet,4231f054cee038ebfde497acac435e8138fa443267f0ffef308cec824d93caac,downloaded
再編前,2016,3,H28,setaisu-jinkousu_area_h28-03.xlsx,setaisu-jinkousu_area_h28-03.xlsx,https://www.city.hamamatsu.shizuoka.jp/documents/27951/setaisu-jinkousu_area_h28-03.xlsx,https://www.city.hamamatsu.shizuoka.jp/gyousei/library/1_jinkou-setai/005_past_kubetsu1.html,2025-12-17T22:29:36.949532+09:00,200,76613,"Mon, 04 Jan 2021 03:00:42 GMT","""12b45-5b80a4ba76a80""",application/vnd.openxmlformats-officedocument.spreadsheetml.sheet,6a79d229c3321444939eda68d613268acd70000345dce20adcb34b9ce29c32c4,downloaded
再編前,2016,4,H28,setaisu-jinkousu_area_h28-04.xlsx,setaisu-jinkousu_area_h28-04.xlsx,https://www.city.hamamatsu.shizuoka.jp/documents/27951/setaisu-jinkousu_area_h28-04.xlsx,https://www.city.hamamatsu.shizuoka.jp/gyousei/library/1_jinkou-setai/005_past_kubetsu1.html,2025-12-17T22:29:38.308532+09:00,200,76683,"Mon, 04 Jan 2021 03:00:42 GMT","""12b8b-5b80a4ba76a80""",application/vnd.openxmlformats-officedocument.spreadsheetml.sheet,439b0e35887dd75e33280bef56f6645c8da8c83d7ece07861c1b48555958b115,downloaded
再編前,2016,5,H28,setaisu-jinkousu_area_h28-05.xlsx,setaisu-jinkousu_area_h28-05.xlsx,https://www.city.hamamatsu.shizuoka.jp/documents/27951/setaisu-jinkousu_area_h28-05.xlsx,https://www.city.hamamatsu.shizuoka.jp/gyousei/library/1_jinkou-setai/005_past_kubetsu1.html,2025-12-17T22:29:39.714532+09:00,200,76012,"Mon, 04 Jan 2021 03:00:43 GMT","""128ec-5b80a4bb6acc0""",application/vnd.openxmlformats-officedocument.spreadsheetml.sheet,a8a31be5674a33aa651656ec45f7406488fc27a0532e08fd641d8f7dc47d3f05,downloaded
再編前,2016,6,H28,setaisu-jinkousu_area_h28-06.xlsx,setaisu-jinkousu_area_h28-06.xlsx,https://www.city.hamamatsu.shizuoka.jp/documents/27951/setaisu-jinkousu_area_h28-06.xlsx,https://www.city.hamamatsu.shizuoka.jp/gyousei/library/1_jinkou-setai/005_past_kubetsu1.html,2025-12-17T22:29:41.246532+09:00,200,78151,"Mon, 04 Jan 2021 03:00:43 GMT","""13147-5b80a4bb6acc0""",application/vnd.openxmlformats-officedocument.spreadsheetml.sheet,d969256f31b694cb27107b861b931dd2013367197cd4e99051c2680400ea1fa1,downloaded
再編前,2016,7,H28,setaisu-jinkousu_area_h28-07.xlsx,setaisu-jinkousu_area_h28-07.xlsx,https://www.city.hamamatsu.shizuoka.jp/documents/27951/setaisu-jinkousu_area_h28-07.xlsx,https://www.city.hamamatsu.shizuoka.jp/gyousei/library/1_jinkou-setai/005_past_kubetsu1.html,2025-12-17T22:29:42.793532+09:00,200,78412,"Mon, 04 Jan 2021 03:00:43 GMT","""1324c-5b80a4bb6acc0""",application/vnd.openxmlformats-officedocument.spreadsheetml.sheet,0d9018603270389159484a60a99554cc6528f94273253077ffc67ede6eb5f4a2,downloaded
再編前,2016,8,H28,setaisu-jinkousu_area_h28-08.xlsx,setaisu-jinkousu_area_h28-08.xlsx,https://www.city.hamamatsu.shizuoka.jp/documents/27951/setaisu-jinkousu_area_h28-08.xlsx,https://www.city.hamamatsu.shizuoka.jp/gyousei/library/1_jinkou-setai/005_past_kubetsu1.html,2025-12-17T22:29:44.089532+09:00,200,78017,"Mon, 04 Jan 2021 03:00:43 GMT","""130c1-5b80a4bb6acc0""",application/vnd.openxmlformats-officedocument.spreadsheetml.sheet,5151da3bb314026344f2fae4ade94c65442ffda1401b375e942712b732a73d30,downloaded
再編前,2016,9,H28,setaisu-jinkousu_area_h28-09.xlsx,setaisu-jinkousu_area_h28-09.xlsx,https://www.city.hamamatsu.shizuoka.jp/documents/27951/setaisu-jinkousu_area_h28-09.xlsx,https://www.city.hamamatsu.shizuoka.jp/gyousei/library/1_jinkou-setai/005_past_kubetsu1.html,2025-12-17T22:29:45.371532+09:00,200,76952,"Mon, 04 Jan 2021 03:00:43 GMT","""12c98-5b80a4bb6acc0""",application/vnd.openxmlformats-officedocument.spreadsheetml.sheet,e11cfce93571cf4e8c9fe0b5b11e8ca689da86b9f641b5ddc8ffd69ecef7bcc5,downloaded
再編前,2016,10,H28,setaisu-jinkousu_area_h28-10.xlsx,setaisu-jinkousu_area_h28-10.xlsx,https://www.city.hamamatsu.shizuoka.jp/documents/27951/setaisu-jinkousu_area_h28-10.xlsx,https://www.city.hamamatsu.shizuoka.jp/gyousei/library/1_jinkou-setai/005_past_kubetsu1.html,2025-12-17T22:29:46.980532+09:00,200,76986,"Mon, 04 Jan 2021 03:00:43 GMT","""12cba-5b80a4bb6acc0""",application/vnd.openxmlformats-officedocument.spreadsheetml.sheet,90d3814eab4d7f555bd6daf852e33bd41bcc04f927164a662db0aa252590db06,downloaded
再編前,2016,11,H28,setaisu-jinkousu_area_h28-11.xlsx,setaisu-jinkousu_area_h28-11.xlsx,https://www.city.hamamatsu.shizuoka.jp/documents/27951/setaisu-jinkousu_area_h28-11.xlsx,https://www.city.hamamatsu.shizuoka.jp/gyousei/library/1_jinkou-setai/005_past_kubetsu1.html,2025-12-17T22:29:48.605532+09:00,200,74552,"Mon, 04 Jan 2021 03:00:43 GMT","""12338-5b80a4bb6acc0""",application/vnd.openxmlformats-officedocument.spreadsheetml.sheet,8780f08706a1560d850393ea36c2f3eae9c37180e3703d8d1f9167fc1bee0fd8,downloaded
再編前,2016,12,H28,setaisu-jinkousu_area_h28-12.xlsx,setaisu-jinkousu_area_h28-12.xlsx,https://www.city.hamamatsu.shizuoka.jp/documents/27951/setaisu-jinkousu_area_h28-12.xlsx,https://www.city.hamamatsu.shizuoka.jp/gyousei/library/1_jinkou-setai/005_past_kubetsu1.html,2025-12-17T22:29:50.277532+09:00,200,77220,"Mon, 04 Jan 2021 03:00:43 GMT","""12da4-5b80a4bb6acc0""",application/vnd.openxmlformats-officedocument.spreadsheetml.sheet,c1a2f501009b3f6375dbf988fe74a9fb504fb1013c0470bb95f77cd45ca722df,downloaded
再編前,2015,1,H27,setaisu-jinkousu_area_h27-01.xlsx,setaisu-jinkousu_area_h27-01.xlsx,https://www.city.hamamatsu.shizuoka.jp/documents/27951/setaisu-jinkousu_area_h27-01.xlsx,https://www.city.hamamatsu.shizuoka.jp/gyousei/library/1_jinkou-setai/005_past_kubetsu1.html,2025-12-17T22:29:51.652532+09:00,200,76506,"Mon, 04 Jan 2021 03:00:44 GMT","""12ada-5b80a4bc5ef00""",application/vnd.openxmlformats-officedocument.spreadsheetml.sheet,6e903dba07731d0c2be283f9f840d282fc20cfa4c89fbb95cb3feb0ff55c586f,downloaded
再編前,2015,2,H27,setaisu-jinkousu_area_h27-02.xlsx,setaisu-jinkousu_area_h27-02.xlsx,https://www.city.hamamatsu.shizuoka.jp/documents/27951/setaisu-jinkousu_area_h27-02.xlsx,https://www.city.hamamatsu.shizuoka.jp/gyousei/library/1_jinkou-setai/005_past_kubetsu1.html,2025-12-17T22:29:53.183532+09:00,200,76139,"Mon, 04 Jan 2021 03:00:44 GMT","""1296b-5b80a4bc5ef00""",application/vnd.openxmlformats-officedocument.spreadsheetml.sheet,ab84e7aafc6937b45b56099b441bd2ec77c3f2fde09863a8a6f68cf47493c40a,downloaded
再編前,2015,3,H27,setaisu-jinkousu_area_h27-03.xlsx,setaisu-jinkousu_area_h27-03.xlsx,https://www.city.hamamatsu.shizuoka.jp/documents/27951/setaisu-jinkousu_area_h27-03.xlsx,https://www.city.hamamatsu.shizuoka.jp/gyousei/library/1_jinkou-setai/005_past_kubetsu1.html,2025-12-17T22:29:54.824532+09:00,200,76972,"Mon, 04 Jan 2021 03:00:44 GMT","""12cac-5b80a4bc5ef00""",application/vnd.openxmlformats-officedocument.spreadsheetml.sheet,c6943860c2d7f25bce998c80f6873e7090f2e90aaf0087471f554da13855fce6,downloaded
再編前,2015,4,H27,setaisu-jinkousu_area_h27-04.xlsx,setaisu-jinkousu_area_h27-04.xlsx,https://www.city.hamamatsu.shizuoka.jp/documents/27951/setaisu-jinkousu_area_h27-04.xlsx,https://www.city.hamamatsu.shizuoka.jp/gyousei/library/1_jinkou-setai/005_past_kubetsu1.html,2025-12-17T22:29:56.308532+09:00,200,77245,"Mon, 04 Jan 2021 03:00:44 GMT","""12dbd-5b80a4bc5ef00""",application/vnd.openxmlformats-officedocument.spreadsheetml.sheet,3c4c9b846d2f73debdab8284153328fc837b8278b3bd317d89b509a6f515a93a,downloaded
再編前,2015,5,H27,setaisu-jinkousu_area_h27-05.xlsx,setaisu-jinkousu_area_h27-05.xlsx,https://www.city.hamamatsu.shizuoka.jp/documents/27951/setaisu-jinkousu_area_h27-05.xlsx,https://www.city.hamamatsu.shizuoka.jp/gyousei/library/1_jinkou-setai/005_past_kubetsu1.html,2025-12-17T22:29:57.699532+09:00,200,76992,"Mon, 04 Jan 2021 03:00:44 GMT","""12cc0-5b80a4bc5ef00""",application/vnd.openxmlformats-officedocument.spreadsheetml.sheet,2177e4a9800dc6381202fe30c6b2885257da23f97b833d39b081072587495067,downloaded
再編前,2015,6,H27,setaisu-jinkousu_area_h27-06.xlsx,setaisu-jinkousu_area_h27-06.xlsx,https://www.city.hamamatsu.shizuoka.jp/documents/27951/setaisu-jinkousu_area_h27-06.xlsx,https://www.city.hamamatsu.shizuoka.jp/gyousei/library/1_jinkou-setai/005_past_kubetsu1.html,2025-12-17T22:29:59.168532+09:00,200,77312,"Mon, 04 Jan 2021 03:00:44 GMT","""12e00-5b80a4bc5ef00""",application/vnd.openxmlformats-officedocument.spreadsheetml.sheet,1ff8dedacac1a20660340485e71c027cd95d73d87c10e0286236cc3f64fd2077,downloaded
再編前,2015,7,H27,setaisu-jinkousu_area_h27-07.xlsx,setaisu-jinkousu_area_h27-07.xlsx,https://www.city.hamamatsu.shizuoka.jp/documents/27951/setaisu-jinkousu_area_h27-07.xlsx,https://www.city.hamamatsu.shizuoka.jp/gyousei/library/1_jinkou-setai/005_past_kubetsu1.html,2025-12-17T22:30:00.574532+09:00,200,76639,"Mon, 04 Jan 2021 03:00:44 GMT","""12b5f-5b80a4bc5ef00""",application/vnd.openxmlformats-officedocument.spreadsheetml.sheet,8f7a9833708ac498ffa15f40bb53428490d02bb596841c2e7a69d96834aeb4ca,downloaded
再編前,2015,8,H27,setaisu-jinkousu_area_h27-08.xlsx,setaisu-jinkousu_area_h27-08.xlsx,https://www.city.hamamatsu.shizuoka.jp/documents/27951/setaisu-jinkousu_area_h27-08.xlsx,https://www.city.hamamatsu.shizuoka.jp/gyousei/library/1_jinkou-setai/005_past_kubetsu1.html,2025-12-17T22:30:02.105532+09:00,200,76838,"Mon, 04 Jan 2021 03:00:45 GMT","""12c26-5b80a4bd53140""",application/vnd.openxmlformats-officedocument.spreadsheetml.sheet,8dca9e69643102419754b5b37de4df7a213d0a05949f3cb9ab5cf1388564e53e,downloaded
再編前,2015,9,H27,setaisu-jinkousu_area_h27-09.xlsx,setaisu-jinkousu_area_h27-09.xlsx,https://www.city.hamamatsu.shizuoka.jp/documents/27951/setaisu-jinkousu_area_h27-09.xlsx,https://www.city.hamamatsu.shizuoka.jp/gyousei/library/1_jinkou-setai/005_past_kubetsu1.html,2025-12-17T22:30:03.808532+09:00,200,76846,"Mon, 04 Jan 2021 03:00:45 GMT","""12c2e-5b80a4bd53140""",application/vnd.openxmlformats-officedocument.spreadsheetml.sheet,e15fdff51426a04b7ebe2d432dd26ad457da0f65fdbab69b6858483fe14d4241,downloaded
再編前,2015,10,H27,setaisu-jinkousu_area_h27-10.xlsx,setaisu-jinkousu_area_h27-10.xlsx,https://www.city.hamamatsu.shizuoka.jp/documents/27951/setaisu-jinkousu_area_h27-10.xlsx,https://www.city.hamamatsu.shizuoka.jp/gyousei/library/1_jinkou-setai/005_past_kubetsu1.html,2025-12-17T22:30:05.261532+09:00,200,76655,"Mon, 04 Jan 2021 03:00:45 GMT","""12b6f-5b80a4bd53140""",application/vnd.openxmlformats-officedocument.spreadsheetml.sheet,a16efdcef72489b025d0cd8b11f13b28a2004233c6bf8a195ba23a7882c5eb63,downloaded
再編前,2015,11,H27,setaisu-jinkousu_area_h27-11.xlsx,setaisu-jinkousu_area_h27-11.xlsx,https://www.city.hamamatsu.shizuoka.jp/documents/27951/setaisu-jinkousu_area_h27-11.xlsx,https://www.city.hamamatsu.shizuoka.jp/gyousei/library/1_jinkou-setai/005_past_kubetsu1.html,2025-12-17T22:30:06.699532+09:00,200,76858,"Mon, 04 Jan 2021 03:00:45 GMT","""12c3a-5b80a4bd53140""",application/vnd.openxmlformats-officedocument.spreadsheetml.sheet,24aff14a4c428d6947e66347d6b19cc54320891f04609637b2f213af748a9a34,downloaded
再編前,2015,12,H27,setaisu-jinkousu_area_h27-12.xlsx,setaisu-jinkousu_area_h27-12.xlsx,https://www.city.hamamatsu.shizuoka.jp/documents/27951/setaisu-jinkousu_area_h27-12.xlsx,https://www.city.hamamatsu.shizuoka.jp/gyousei/library/1_jinkou-setai/005_past_kubetsu1.html,2025-12-17T22:30:08.261532+09:00,200,76959,"Mon, 04 Jan 2021 03:00:45 GMT","""12c9f-5b80a4bd53140""",application/vnd.openxmlformats-officedocument.spreadsheetml.sheet,f28f7f86cbf128a754abe7cf204fe02b6ddfb887035988a0e5f0adf6baffcee5,downloaded
再編前,2014,1,H26,setaisu-jinkousu_area_h26-01.xls,setaisu-jinkousu_area_h26-01.xls,https://www.city.hamamatsu.shizuoka.jp/documents/27951/setaisu-jinkousu_area_h26-01.xls,https://www.city.hamamatsu.shizuoka.jp/gyousei/library/1_jinkou-setai/005_past_kubetsu1.html,2025-12-17T22:30:09.949532+09:00,200,209920,"Mon, 04 Jan 2021 03:00:45 GMT","""33400-5b80a4bd53140""",application/vnd.ms-excel,58bc06a0e807281a1608b4c2f82083ee9044fee3eeb1ef0f3a92bd06dd6d60ee,downloaded
再編前,2014,2,H26,setaisu-jinkousu_area_h26-02.xls,setaisu-jinkousu_area_h26-02.xls,https://www.city.hamamatsu.shizuoka.jp/documents/27951/setaisu-jinkousu_area_h26-02.xls,https://www.city.hamamatsu.shizuoka.jp/gyousei/library/1_jinkou-setai/005_past_kubetsu1.html,2025-12-17T22:30:11.480532+09:00,200,211456,"Mon, 04 Jan 2021 03:00:45 GMT","""33a00-5b80a4bd53140""",application/vnd.ms-excel,7c51fced81b66d397b3b8cbabe36f939eb5ded447ca67763cb9f402550e19bb9,downloaded
再編前,2014,3,H26,setaisu-jinkousu_area_h26-03.xls,setaisu-jinkousu_area_h26-03.xls,https://www.city.hamamatsu.shizuoka.jp/documents/27951/setaisu-jinkousu_area_h26-03.xls,https://www.city.hamamatsu.shizuoka.jp/gyousei/library/1_jinkou-setai/005_past_kubetsu1.html,2025-12-17T22:30:13.105532+09:00,200,211456,"Mon, 04 Jan 2021 03:00:46 GMT","""33a00-5b80a4be47380""",application/vnd.ms-excel,8db75738285217f7927fb22da9b136bdf8ea46e8ccbfe46150668517478f4db3,downloaded
再編前,2014,4,H26,setaisu-jinkousu_area_h26-04.xls,setaisu-jinkousu_area_h26-04.xls,https://www.city.hamamatsu.shizuoka.jp/documents/27951/setaisu-jinkousu_area_h26-04.xls,https://www.city.hamamatsu.shizuoka.jp/gyousei/library/1_jinkou-setai/005_past_kubetsu1.html,2025-12-17T22:30:14.558532+09:00,200,211456,"Mon, 04 Jan 2021 03:00:46 GMT","""33a00-5b80a4be47380""",application/vnd.ms-excel,277055a6f7886ff575dc5bc1816380adf9b23c3cebeee6aa801c7ecbf64ceb93,downloaded
再編前,2014,5,H26,setaisu-jinkousu_area_h26-05.xls,setaisu-jinkousu_area_h26-05.xls,https://www.city.hamamatsu.shizuoka.jp/documents/27951/setaisu-jinkousu_area_h26-05.xls,https://www.city.hamamatsu.shizuoka.jp/gyousei/library/1_jinkou-setai/005_past_kubetsu1.html,2025-12-17T22:30:16.105532+09:00,200,210944,"Mon, 04 Jan 2021 03:00:46 GMT","""33800-5b80a4be47380""",application/vnd.ms-excel,45ce6974c013b33cd82a66a24473df1791421b7965f6e6f3691ca78a22406c99,downloaded
再編前,2014,6,H26,setaisu-jinkousu_area_h26-06.xls,setaisu-jinkousu_area_h26-06.xls,https://www.city.hamamatsu.shizuoka.jp/documents/27951/setaisu-jinkousu_area_h26-06.xls,https://www.city.hamamatsu.shizuoka.jp/gyousei/library/1_jinkou-setai/005_past_kubetsu1.html,2025-12-17T22:30:17.574532+09:00,200,211456,"Mon, 04 Jan 2021 03:00:46 GMT","""33a00-5b80a4be47380""",application/vnd.ms-excel,bab07678fb16dff63d45128f5775bd5e805c99eb8ef674204adbdc371f0d0540,downloaded
再編前,2014,7,H26,setaisu-jinkousu_area_h26-07.xls,setaisu-jinkousu_area_h26-07.xls,https://www.city.hamamatsu.shizuoka.jp/documents/27951/setaisu-jinkousu_area_h26-07.xls,https://www.city.hamamatsu.shizuoka.jp/gyousei/library/1_jinkou-setai/005_past_kubetsu1.html,2025-12-17T22:30:19.058532+09:00,200,211456,"Mon, 04 Jan 2021 03:00:46 GMT","""33a00-5b80a4be47380""",application/vnd.ms-excel,ced9d5f5c05cfa07b59124c381384360c75c78faf36d8311c1d9385f2e4b937d,downloaded
再編前,2014,8,H26,setaisu-jinkousu_area_h26-08.xls,setaisu-jinkousu_area_h26-08.xls,https://www.city.hamamatsu.shizuoka.jp/documents/27951/setaisu-jinkousu_area_h26-08.xls,https://www.city.hamamatsu.shizuoka.jp/gyousei/library/1_jinkou-setai/005_past_kubetsu1.html,2025-12-17T22:30:20.558532+09:00,200,211968,"Mon, 04 Jan 2021 03:00:46 GMT","""33c00-5b80a4be47380""",application/vnd.ms-excel,cd98344bd3f74e6ca886192c329f396fdbf4a887aec88f29d468db3195834546,downloaded
再編前,2014,9,H26,setaisu-jinkousu_area_h26-09.xls,setaisu-jinkousu_area_h26-09.xls,https://www.city.hamamatsu.shizuoka.jp/documents/27951/setaisu-jinkousu_area_h26-09.xls,https://www.city.hamamatsu.shizuoka.jp/gyousei/library/1_jinkou-setai/005_past_kubetsu1.html,2025-12-17T22:30:22.043532+09:00,200,211968,"Mon, 04 Jan 2021 03:00:46 GMT","""33c00-5b80a4be47380""",application/vnd.ms-excel,56934f7f16aff1eaf8f3ebb3f0ec99bb15532f72ece943eae6abe6c00e168163,downloaded
再編前,2014,10,H26,setaisu-jinkousu_area_h26-10.xls,setaisu-jinkousu_area_h26-10.xls,https://www.city.hamamatsu.shizuoka.jp/documents/27951/setaisu-jinkousu_area_h26-10.xls,https://www.city.hamamatsu.shizuoka.jp/gyousei/library/1_jinkou-setai/005_past_kubetsu1.html,2025-12-17T22:30:23.668532+09:00,200,211456,"Mon, 04 Jan 2021 03:00:47 GMT","""33a00-5b80a4bf3b5c0""",application/vnd.ms-excel,fe1a18963d71db3e9fa2cbc50c750be79f5fccd60977c77b11e7ffd18f1ff11d,downloaded
再編前,2014,11,H26,setaisu-jinkousu_area_h26-11.xls,setaisu-jinkousu_area_h26-11.xls,https://www.city.hamamatsu.shizuoka.jp/documents/27951/setaisu-jinkousu_area_h26-11.xls,https://www.city.hamamatsu.shizuoka.jp/gyousei/library/1_jinkou-setai/005_past_kubetsu1.html,2025-12-17T22:30:25.074532+09:00,200,211968,"Mon, 04 Jan 2021 03:00:47 GMT","""33c00-5b80a4bf3b5c0""",application/vnd.ms-excel,255ab72caba5b8ed2edc09375e4b288b111ba05e258fce1429b93dbbda53d405,downloaded
再編前,2014,12,H26,setaisu-jinkousu_area_h26-12.xlsx,setaisu-jinkousu_area_h26-12.xlsx,https://www.city.hamamatsu.shizuoka.jp/documents/27951/setaisu-jinkousu_area_h26-12.xlsx,https://www.city.hamamatsu.shizuoka.jp/gyousei/library/1_jinkou-setai/005_past_kubetsu1.html,2025-12-17T22:30:26.683532+09:00,200,108893,"Mon, 04 Jan 2021 03:00:47 GMT","""1a95d-5b80a4bf3b5c0""",application/vnd.openxmlformats-officedocument.spreadsheetml.sheet,bb71f107faee9d5459ac7f5fb0671b6320a912d761c9d0f8a00b613a53a9d968,downloaded
再編前,2013,1,H25,setaisu-jinkousu_area_h25-01.xls,setaisu-jinkousu_area_h25-01.xls,https://www.city.hamamatsu.shizuoka.jp/documents/27951/setaisu-jinkousu_area_h25-01.xls,https://www.city.hamamatsu.shizuoka.jp/gyousei/library/1_jinkou-setai/005_past_kubetsu1.html,2025-12-17T22:30:28.433532+09:00,200,212480,"Mon, 04 Jan 2021 03:00:47 GMT","""33e00-5b80a4bf3b5c0""",application/vnd.ms-excel,df4f2fe1cc9fb83edf5859a283231f4f2b830a753a3f861bd9d73d28d10fc33e,downloaded
再編前,2013,2,H25,setaisu-jinkousu_area_h25-02.xls,setaisu-jinkousu_area_h25-02.xls,https://www.city.hamamatsu.shizuoka.jp/documents/27951/setaisu-jinkousu_area_h25-02.xls,https://www.city.hamamatsu.shizuoka.jp/gyousei/library/1_jinkou-setai/005_past_kubetsu1.html,2025-12-17T22:30:29.886532+09:00,200,212992,"Mon, 04 Jan 2021 03:00:47 GMT","""34000-5b80a4bf3b5c0""",application/vnd.ms-excel,086e264f16ab67e3c0d53d61a62bb3f482f189fdb3fcec0863ac007def72fde5,downloaded
再編前,2013,3,H25,setaisu-jinkousu_area_h25-03.xls,setaisu-jinkousu_area_h25-03.xls,https://www.city.hamamatsu.shizuoka.jp/documents/27951/setaisu-jinkousu_area_h25-03.xls,https://www.city.hamamatsu.shizuoka.jp/gyousei/library/1_jinkou-setai/005_past_kubetsu1.html,2025-12-17T22:30:31.605532+09:00,200,214528,"Mon, 04 Jan 2021 03:00:47 GMT","""34600-5b80a4bf3b5c0""",application/vnd.ms-excel,3e349d1fe9b8fbb82105a280abc793c550f65d67ff0cdb177122c1cf5d1f6cd4,downloaded
再編前,2013,4,H25,setaisu-jinkousu_area_h25-04.xls,setaisu-jinkousu_area_h25-04.xls,https://www.city.hamamatsu.shizuoka.jp/documents/27951/setaisu-jinkousu_area_h25-04.xls,https://www.city.hamamatsu.shizuoka.jp/gyousei/library/1_jinkou-setai/005_past_kubetsu1.html,2025-12-17T22:30:33.027532+09:00,200,213504,"Mon, 04 Jan 2021 03:00:47 GMT","""34200-5b80a4bf3b5c0""",application/vnd.ms-excel,b7ac5f2714e1acfefbc41eed33e7d10bbf98d2f6f3fc1b759812a15d8983d419,downloaded
再編前,2013,5,H25,setaisu-jinkousu_area_h25-05.xls,setaisu-jinkousu_area_h25-05.xls,https://www.city.hamamatsu.shizuoka.jp/documents/27951/setaisu-jinkousu_area_h25-05.xls,https://www.city.hamamatsu.shizuoka.jp/gyousei/library/1_jinkou-setai/005_past_kubetsu1.html,2025-12-17T22:30:34.589532+09:00,200,211968,"Mon, 04 Jan 2021 03:00:48 GMT","""33c00-5b80a4c02f800""",application/vnd.ms-excel,399c17f1f60316e35599f2a5e2bb126ce8c01166620d1f5c23023ff8ca08981b,downloaded
再編前,2013,6,H25,setaisu-jinkousu_area_h25-06.xls,setaisu-jinkousu_area_h25-06.xls,https://www.city.hamamatsu.shizuoka.jp/documents/27951/setaisu-jinkousu_area_h25-06.xls,https://www.city.hamamatsu.shizuoka.jp/gyousei/library/1_jinkou-setai/005_past_kubetsu1.html,2025-12-17T22:30:36.027532+09:00,200,212992,"Mon, 04 Jan 2021 03:00:48 GMT","""34000-5b80a4c02f800""",application/vnd.ms-excel,6be092a8d81c9a2307eb64de0e8607d5344762ec1d33b92722f0105d72d68149,downloaded
再編前,2013,7,H25,setaisu-jinkousu_area_h25-07.xls,setaisu-jinkousu_area_h25-07.xls,https://www.city.hamamatsu.shizuoka.jp/documents/27951/setaisu-jinkousu_area_h25-07.xls,https://www.city.hamamatsu.shizuoka.jp/gyousei/library/1_jinkou-setai/005_past_kubetsu1.html,2025-12-17T22:30:37.543532+09:00,200,212992,"Mon, 04 Jan 2021 03:00:48 GMT","""34000-5b80a4c02f800""",application/vnd.ms-excel,83c0be83ab5f0f66457098bc9d519618fe64ef6d2cfb5b0ede2bb580ce13c080,downloaded
再編前,2013,8,H25,setaisu-jinkousu_area_h25-08.xls,setaisu-jinkousu_area_h25-08.xls,https://www.city.hamamatsu.shizuoka.jp/documents/27951/setaisu-jinkousu_area_h25-08.xls,https://www.city.hamamatsu.shizuoka.jp/gyousei/library/1_jinkou-setai/005_past_kubetsu1.html,2025-12-17T22:30:39.058532+09:00,200,214528,"Mon, 04 Jan 2021 03:00:48 GMT","""34600-5b80a4c02f800""",application/vnd.ms-excel,6f84244033a29d845e20115e5feed7aca69c35098a7c3931241d2e205cc08aaa,downloaded
再編前,2013,9,H25,setaisu-jinkousu_area_h25-09.xls,setaisu-jinkousu_area_h25-09.xls,https://www.city.hamamatsu.shizuoka.jp/documents/27951/setaisu-jinkousu_area_h25-09.xls,https://www.city.hamamatsu.shizuoka.jp/gyousei/library/1_jinkou-setai/005_past_kubetsu1.html,2025-12-17T22:30:40.699532+09:00,200,212992,"Mon, 04 Jan 2021 03:00:48 GMT","""34000-5b80a4c02f800""",application/vnd.ms-excel,e765492c9e3036ab8457a6687f70983f9ded091c35e48995be7229f621bde93e,downloaded
再編前,2013,10,H25,setaisu-jinkousu_area_h25-10.xls,setaisu-jinkousu_area_h25-10.xls,https://www.city.hamamatsu.shizuoka.jp/documents/27951/setaisu-jinkousu_area_h25-10.xls,https://www.city.hamamatsu.shizuoka.jp/gyousei/library/1_jinkou-setai/005_past_kubetsu1.html,2025-12-17T22:30:42.293532+09:00,200,214016,"Mon, 04 Jan 2021 03:00:48 GMT","""34400-5b80a4c02f800""",application/vnd.ms-excel,6ec50bff885a105c842795cedc59a232909d1d3a339b46483997d7474ea8e0e6,downloaded
再編前,2013,11,H25,setaisu-jinkousu_area_h25-11.xls,setaisu-jinkousu_area_h25-11.xls,https://www.city.hamamatsu.shizuoka.jp/documents/27951/setaisu-jinkousu_area_h25-11.xls,https://www.city.hamamatsu.shizuoka.jp/gyousei/library/1_jinkou-setai/005_past_kubetsu1.html,2025-12-17T22:30:43.855532+09:00,200,216064,"Mon, 04 Jan 2021 03:00:48 GMT","""34c00-5b80a4c02f800""",application/vnd.ms-excel,fe02d75524cc1c9da39cb398ef9005fed3339c104391e6d7e9b51e495daf3d36,downloaded
再編前,2013,12,H25,setaisu-jinkousu_area_h25-12.xls,setaisu-jinkousu_area_h25-12.xls,https://www.city.hamamatsu.shizuoka.jp/documents/27951/setaisu-jinkousu_area_h25-12.xls,https://www.city.hamamatsu.shizuoka.jp/gyousei/library/1_jinkou-setai/005_past_kubetsu1.html,2025-12-17T22:30:45.574532+09:00,200,211456,"Mon, 04 Jan 2021 03:00:49 GMT","""33a00-5b80a4c123a40""",application/vnd.ms-excel,a8d463ff83b69e27144236110490bf0b6a6047fbd3fc262c5730cb47e2a14dd0,downloaded
再編前,2012,1,H24,setaisu-jinkousu_area_h24-01.xls,setaisu-jinkousu_area_h24-01.xls,https://www.city.hamamatsu.shizuoka.jp/documents/27951/setaisu-jinkousu_area_h24-01.xls,https://www.city.hamamatsu.shizuoka.jp/gyousei/library/1_jinkou-setai/005_past_kubetsu1.html,2025-12-17T22:30:47.324532+09:00,200,206848,"Mon, 04 Jan 2021 03:00:49 GMT","""32800-5b80a4c123a40""",application/vnd.ms-excel,ae4fdfbb5c5cab41e8dc1cf2841f29e64673f15c19e058fc9d7f8f8d58325618,downloaded
再編前,2012,2,H24,setaisu-jinkousu_area_h24-02.xls,setaisu-jinkousu_area_h24-02.xls,https://www.city.hamamatsu.shizuoka.jp/documents/27951/setaisu-jinkousu_area_h24-02.xls,https://www.city.hamamatsu.shizuoka.jp/gyousei/library/1_jinkou-setai/005_past_kubetsu1.html,2025-12-17T22:30:49.027532+09:00,200,206336,"Mon, 04 Jan 2021 03:00:49 GMT","""32600-5b80a4c123a40""",application/vnd.ms-excel,0312bb195b4daf3b5289606532a8091c01ae0b9f9743dff81f7db9e60865e504,downloaded
再編前,2012,3,H24,setaisu-jinkousu_area_h24-03.xls,setaisu-jinkousu_area_h24-03.xls,https://www.city.hamamatsu.shizuoka.jp/documents/27951/setaisu-jinkousu_area_h24-03.xls,https://www.city.hamamatsu.shizuoka.jp/gyousei/library/1_jinkou-setai/005_past_kubetsu1.html,2025-12-17T22:30:50.464532+09:00,200,207872,"Mon, 04 Jan 2021 03:00:49 GMT","""32c00-5b80a4c123a40""",application/vnd.ms-excel,9f263d798a5a83d06031e35dc592db20a6d7d5deaf131bb7b0e49f0ff089a8c5,downloaded
再編前,2012,4,H24,setaisu-jinkousu_area_h24-04.xls,setaisu-jinkousu_area_h24-04.xls,https://www.city.hamamatsu.shizuoka.jp/documents/27951/setaisu-jinkousu_area_h24-04.xls,https://www.city.hamamatsu.shizuoka.jp/gyousei/library/1_jinkou-setai/005_past_kubetsu1.html,2025-12-17T22:30:51.949532+09:00,200,206848,"Mon, 04 Jan 2021 03:00:49 GMT","""32800-5b80a4c123a40""",application/vnd.ms-excel,1fa0c990c97321df2764971985cdb0c7e59d797ec7c1d3012aaa53714c6ab0d0,downloaded
再編前,2012,5,H24,setaisu-jinkousu_area_h24-05.xls,setaisu-jinkousu_area_h24-05.xls,https://www.city.hamamatsu.shizuoka.jp/documents/27951/setaisu-jinkousu_area_h24-05.xls,https://www.city.hamamatsu.shizuoka.jp/gyousei/library/1_jinkou-setai/005_past_kubetsu1.html,2025-12-17T22:30:53.730532+09:00,200,206848,"Mon, 04 Jan 2021 03:00:49 GMT","""32800-5b80a4c123a40""",application/vnd.ms-excel,cac3d3a446ab9eb13295fc8a1284a5ebf94e2febcbc399f6ec965028d5538022,downloaded
再編前,2012,6,H24,setaisu-jinkousu_area_h24-06.xls,setaisu-jinkousu_area_h24-06.xls,https://www.city.hamamatsu.shizuoka.jp/documents/27951/setaisu-jinkousu_area_h24-06.xls,https://www.city.hamamatsu.shizuoka.jp/gyousei/library/1_jinkou-setai/005_past_kubetsu1.html,2025-12-17T22:30:55.199532+09:00,200,206336,"Mon, 04 Jan 2021 03:00:49 GMT","""32600-5b80a4c123a40""",application/vnd.ms-excel,0e11af7dd594d7db61ce96f5584275ececf615f87139e4f644f22c43ac5c0a4d,downloaded
再編前,2012,7,H24,setaisu-jinkousu_area_h24-07.xls,setaisu-jinkousu_area_h24-07.xls,https://www.city.hamamatsu.shizuoka.jp/documents/27951/setaisu-jinkousu_area_h24-07.xls,https://www.city.hamamatsu.shizuoka.jp/gyousei/library/1_jinkou-setai/005_past_kubetsu1.html,2025-12-17T22:30:56.964532+09:00,200,206336,"Mon, 04 Jan 2021 03:00:50 GMT","""32600-5b80a4c217c80""",application/vnd.ms-excel,4f24ec1b73602eed57750cd74bcd70d1671ad7aa4c34a9085994a899d9b1078b,downloaded
再編前,2012,8,H24,setaisu-jinkousu_area_h24-08.xls,setaisu-jinkousu_area_h24-08.xls,https://www.city.hamamatsu.shizuoka.jp/documents/27951/setaisu-jinkousu_area_h24-08.xls,https://www.city.hamamatsu.shizuoka.jp/gyousei/library/1_jinkou-setai/005_past_kubetsu1.html,2025-12-17T22:30:58.746532+09:00,200,213504,"Mon, 04 Jan 2021 03:00:50 GMT","""34200-5b80a4c217c80""",application/vnd.ms-excel,d4dd0d422e18769d5588e3fa0cb265bd62c285db865c053d0ff9f0cf602302b0,downloaded
再編前,2012,9,H24,setaisu-jinkousu_area_h24-09.xls,setaisu-jinkousu_area_h24-09.xls,https://www.city.hamamatsu.shizuoka.jp/documents/27951/setaisu-jinkousu_area_h24-09.xls,https://www.city.hamamatsu.shizuoka.jp/gyousei/library/1_jinkou-setai/005_past_kubetsu1.html,2025-12-17T22:31:00.511532+09:00,200,212480,"Mon, 04 Jan 2021 03:00:50 GMT","""33e00-5b80a4c217c80""",application/vnd.ms-excel,3e888013395f624393c017494ac12d6a06a39086d63725ec34a61b194e241ea2,downloaded
再編前,2012,10,H24,setaisu-jinkousu_area_h24-10.xls,setaisu-jinkousu_area_h24-10.xls,https://www.city.hamamatsu.shizuoka.jp/documents/27951/setaisu-jinkousu_area_h24-10.xls,https://www.city.hamamatsu.shizuoka.jp/gyousei/library/1_jinkou-setai/005_past_kubetsu1.html,2025-12-17T22:31:02.246532+09:00,200,212480,"Mon, 04 Jan 2021 03:00:50 GMT","""33e00-5b80a4c217c80""",application/vnd.ms-excel,3a95693dee5b22bdbac163564226ac8c731aaaa2da0df64a8879fb1f9bf98920,downloaded
再編前,2012,11,H24,setaisu-jinkousu_area_h24-11.xls,setaisu-jinkousu_area_h24-11.xls,https://www.city.hamamatsu.shizuoka.jp/documents/27951/setaisu-jinkousu_area_h24-11.xls,https://www.city.hamamatsu.shizuoka.jp/gyousei/library/1_jinkou-setai/005_past_kubetsu1.html,2025-12-17T22:31:03.949532+09:00,200,211968,"Mon, 04 Jan 2021 03:00:50 GMT","""33c00-5b80a4c217c80""",application/vnd.ms-excel,29c46f3a852520adb402286cc6fb529e0cf65ae894d8c24b6b1ea1a21436d606,downloaded
再編前,2012,12,H24,setaisu-jinkousu_area_h24-12.xls,setaisu-jinkousu_area_h24-12.xls,https://www.city.hamamatsu.shizuoka.jp/documents/27951/setaisu-jinkousu_area_h24-12.xls,https://www.city.hamamatsu.shizuoka.jp/gyousei/library/1_jinkou-setai/005_past_kubetsu1.html,2025-12-17T22:31:05.418532+09:00,200,212480,"Mon, 04 Jan 2021 03:00:50 GMT","""33e00-5b80a4c217c80""",application/vnd.ms-excel,5d2dfc836c70af662449896b3ca0767ab2bf378a54376d512a0e9ff26df45319,downloaded
再編前,2011,1,H23,setaisu-jinkousu_area_h23-01.xls,setaisu-jinkousu_area_h23-01.xls,https://www.city.hamamatsu.shizuoka.jp/documents/27951/setaisu-jinkousu_area_h23-01.xls,https://www.city.hamamatsu.shizuoka.jp/gyousei/library/1_jinkou-setai/005_past_kubetsu1.html,2025-12-17T22:31:07.089532+09:00,200,206336,"Mon, 04 Jan 2021 03:00:50 GMT","""32600-5b80a4c217c80""",application/vnd.ms-excel,70761667f57ccbe8fc559f62183b8668977c3f5409681467c79a377723b8d627,downloaded
再編前,2011,2,H23,setaisu-jinkousu_area_h23-02.xls,setaisu-jinkousu_area_h23-02.xls,https://www.city.hamamatsu.shizuoka.jp/documents/27951/setaisu-jinkousu_area_h23-02.xls,https://www.city.hamamatsu.shizuoka.jp/gyousei/library/1_jinkou-setai/005_past_kubetsu1.html,2025-12-17T22:31:08.746532+09:00,200,206336,"Mon, 04 Jan 2021 03:00:51 GMT","""32600-5b80a4c30bec0""",application/vnd.ms-excel,14ffa212b1940fee155c54cae9cd748f8e92eda52345fb326f918597a551dd83,downloaded
再編前,2011,3,H23,setaisu-jinkousu_area_h23-03.xls,setaisu-jinkousu_area_h23-03.xls,https://www.city.hamamatsu.shizuoka.jp/documents/27951/setaisu-jinkousu_area_h23-03.xls,https://www.city.hamamatsu.shizuoka.jp/gyousei/library/1_jinkou-setai/005_past_kubetsu1.html,2025-12-17T22:31:10.246532+09:00,200,205824,"Mon, 04 Jan 2021 03:00:51 GMT","""32400-5b80a4c30bec0""",application/vnd.ms-excel,9096a714dcc5a8417d8fa36aecb4c0db12f6a95fe598c436157b808ec0424aa5,downloaded
再編前,2011,4,H23,setaisu-jinkousu_area_h23-04.xls,setaisu-jinkousu_area_h23-04.xls,https://www.city.hamamatsu.shizuoka.jp/documents/27951/setaisu-jinkousu_area_h23-04.xls,https://www.city.hamamatsu.shizuoka.jp/gyousei/library/1_jinkou-setai/005_past_kubetsu1.html,2025-12-17T22:31:11.746532+09:00,200,206848,"Mon, 04 Jan 2021 03:00:51 GMT","""32800-5b80a4c30bec0""",application/vnd.ms-excel,f5b971de6ba02ee4e06bb798b93fcc0d3fcb77a7d5783c7d82a93cded588f8e8,downloaded
再編前,2011,5,H23,setaisu-jinkousu_area_h23-05.xls,setaisu-jinkousu_area_h23-05.xls,https://www.city.hamamatsu.shizuoka.jp/documents/27951/setaisu-jinkousu_area_h23-05.xls,https://www.city.hamamatsu.shizuoka.jp/gyousei/library/1_jinkou-setai/005_past_kubetsu1.html,2025-12-17T22:31:13.308532+09:00,200,206336,"Mon, 04 Jan 2021 03:00:51 GMT","""32600-5b80a4c30bec0""",application/vnd.ms-excel,d3c2ae3d8fb7049a998a2779e0c517ca79fa8995905205f4ead46659c1bbc56f,downloaded
再編前,2011,6,H23,setaisu-jinkousu_area_h23-06.xls,setaisu-jinkousu_area_h23-06.xls,https://www.city.hamamatsu.shizuoka.jp/documents/27951/setaisu-jinkousu_area_h23-06.xls,https://www.city.hamamatsu.shizuoka.jp/gyousei/library/1_jinkou-setai/005_past_kubetsu1.html,2025-12-17T22:31:14.761532+09:00,200,205312,"Mon, 04 Jan 2021 03:00:51 GMT","""32200-5b80a4c30bec0""",application/vnd.ms-excel,d927125cca6c8b86f49227b766d1d33c5574664d4958b7fd58bfff3a5f65ba8a,downloaded
再編前,2011,7,H23,setaisu-jinkousu_area_h23-07.xls,setaisu-jinkousu_area_h23-07.xls,https://www.city.hamamatsu.shizuoka.jp/documents/27951/setaisu-jinkousu_area_h23-07.xls,https://www.city.hamamatsu.shizuoka.jp/gyousei/library/1_jinkou-setai/005_past_kubetsu1.html,2025-12-17T22:31:16.308532+09:00,200,205312,"Mon, 04 Jan 2021 03:00:51 GMT","""32200-5b80a4c30bec0""",application/vnd.ms-excel,264bc84ba988614de18e79217c354203872f579b3170000dfb2d80c35c7496d3,downloaded
再編前,2011,8,H23,setaisu-jinkousu_area_h23-08.xls,setaisu-jinkousu_area_h23-08.xls,https://www.city.hamamatsu.shizuoka.jp/documents/27951/setaisu-jinkousu_area_h23-08.xls,https://www.city.hamamatsu.shizuoka.jp/gyousei/library/1_jinkou-setai/005_past_kubetsu1.html,2025-12-17T22:31:17.839532+09:00,200,205824,"Mon, 04 Jan 2021 03:00:51 GMT","""32400-5b80a4c30bec0""",application/vnd.ms-excel,bd7b0229ff2d73622dc7f2bab607983e182fe6320cd828150c04a6cba02d51d4,downloaded
再編前,2011,9,H23,setaisu-jinkousu_area_h23-09.xls,setaisu-jinkousu_area_h23-09.xls,https://www.city.hamamatsu.shizuoka.jp/documents/27951/setaisu-jinkousu_area_h23-09.xls,https://www.city.hamamatsu.shizuoka.jp/gyousei/library/1_jinkou-setai/005_past_kubetsu1.html,2025-12-17T22:31:19.277532+09:00,200,206848,"Mon, 04 Jan 2021 03:00:52 GMT","""32800-5b80a4c400100""",application/vnd.ms-excel,3d8455e061ab66c944d900c3dacbc1763ac656ab3ff1705742b2f0b9d550a8bb,downloaded
再編前,2011,10,H23,setaisu-jinkousu_area_h23-10.xls,setaisu-jinkousu_area_h23-10.xls,https://www.city.hamamatsu.shizuoka.jp/documents/27951/setaisu-jinkousu_area_h23-10.xls,https://www.city.hamamatsu.shizuoka.jp/gyousei/library/1_jinkou-setai/005_past_kubetsu1.html,2025-12-17T22:31:20.793532+09:00,200,206848,"Mon, 04 Jan 2021 03:00:52 GMT","""32800-5b80a4c400100""",application/vnd.ms-excel,25399428d97e12d31a7c860b25907876588919866466eae109d1eb088b3f099e,downloaded
再編前,2011,11,H23,setaisu-jinkousu_area_h23-11.xls,setaisu-jinkousu_area_h23-11.xls,https://www.city.hamamatsu.shizuoka.jp/documents/27951/setaisu-jinkousu_area_h23-11.xls,https://www.city.hamamatsu.shizuoka.jp/gyousei/library/1_jinkou-setai/005_past_kubetsu1.html,2025-12-17T22:31:22.480532+09:00,200,206336,"Mon, 04 Jan 2021 03:00:52 GMT","""32600-5b80a4c400100""",application/vnd.ms-excel,22d3d35a465dcdb18f62a345f7ff1eb6588d59804721721681209925ae02e86c,downloaded
再編前,2011,12,H23,setaisu-jinkousu_area_h23-12.xls,setaisu-jinkousu_area_h23-12.xls,https://www.city.hamamatsu.shizuoka.jp/documents/27951/setaisu-jinkousu_area_h23-12.xls,https://www.city.hamamatsu.shizuoka.jp/gyousei/library/1_jinkou-setai/005_past_kubetsu1.html,2025-12-17T22:31:23.996532+09:00,200,206848,"Mon, 04 Jan 2021 03:00:52 GMT","""32800-5b80a4c400100""",application/vnd.ms-excel,cd839ec8a722ec295b0825d4b953b26d6ea76f301140d37f22fdd782dbd4436f,downloaded
再編前,2010,1,H22,setaisu-jinkousu_area_h22-01.xls,setaisu-jinkousu_area_h22-01.xls,https://www.city.hamamatsu.shizuoka.jp/documents/3758/setaisu-jinkousu_area_h22-01.xls,https://www.city.hamamatsu.shizuoka.jp/gyousei/library/1_jinkou-setai/005_past_kubetsu.html,2025-12-17T22:31:25.605532+09:00,200,172032,"Thu, 25 Sep 2014 03:03:08 GMT","""2a000-503db0a3c5300""",application/vnd.ms-excel,ac26902adca4ecf15291ceaaf766a9714c5004d01b0889b0d8a69525d0a528da,downloaded
再編前,2010,2,H22,setaisu-jinkousu_area_h22-02.xls,setaisu-jinkousu_area_h22-02.xls,https://www.city.hamamatsu.shizuoka.jp/documents/3758/setaisu-jinkousu_area_h22-02.xls,https://www.city.hamamatsu.shizuoka.jp/gyousei/library/1_jinkou-setai/005_past_kubetsu.html,2025-12-17T22:31:27.308532+09:00,200,175616,"Thu, 25 Sep 2014 03:03:08 GMT","""2ae00-503db0a3c5300""",application/vnd.ms-excel,e1d3de92399a14fce6e08543c1d4f8bc8e69fb4180049d7caa8577cc4caf8628,downloaded
再編前,2010,3,H22,setaisu-jinkousu_area_h22-03.xls,setaisu-jinkousu_area_h22-03.xls,https://www.city.hamamatsu.shizuoka.jp/documents/3758/setaisu-jinkousu_area_h22-03.xls,https://www.city.hamamatsu.shizuoka.jp/gyousei/library/1_jinkou-setai/005_past_kubetsu.html,2025-12-17T22:31:28.886532+09:00,200,176128,"Thu, 25 Sep 2014 03:03:08 GMT","""2b000-503db0a3c5300""",application/vnd.ms-excel,93934000a5f68f559024b46b537f45b37f4693dca9e49c50b3e50f8d4feff23c,downloaded
再編前,2010,4,H22,setaisu-jinkousu_area_h22-04.xls,setaisu-jinkousu_area_h22-04.xls,https://www.city.hamamatsu.shizuoka.jp/documents/3758/setaisu-jinkousu_area_h22-04.xls,https://www.city.hamamatsu.shizuoka.jp/gyousei/library/1_jinkou-setai/005_past_kubetsu.html,2025-12-17T22:31:30.558532+09:00,200,175616,"Thu, 25 Sep 2014 03:03:08 GMT","""2ae00-503db0a3c5300""",application/vnd.ms-excel,9e3d752dcb6d2333cdeddaecf1158bada973f5dfa9060841bbfd9f4a3e823853,downloaded
再編前,2010,5,H22,setaisu-jinkousu_area_h22-05.xls,setaisu-jinkousu_area_h22-05.xls,https://www.city.hamamatsu.shizuoka.jp/documents/3758/setaisu-jinkousu_area_h22-05.xls,https://www.city.hamamatsu.shizuoka.jp/gyousei/library/1_jinkou-setai/005_past_kubetsu.html,2025-12-17T22:31:32.089532+09:00,200,177152,"Thu, 25 Sep 2014 03:03:09 GMT","""2b400-503db0a4b9540""",application/vnd.ms-excel,a55498e82608b390348ad35208fe35771e8a992291675c423590bbe35ada0560,downloaded
再編前,2010,6,H22,setaisu-jinkousu_area_h22-06.xls,setaisu-jinkousu_area_h22-06.xls,https://www.city.hamamatsu.shizuoka.jp/documents/3758/setaisu-jinkousu_area_h22-06.xls,https://www.city.hamamatsu.shizuoka.jp/gyousei/library/1_jinkou-setai/005_past_kubetsu.html,2025-12-17T22:31:33.839532+09:00,200,176128,"Thu, 25 Sep 2014 03:03:09 GMT","""2b000-503db0a4b9540""",application/vnd.ms-excel,7b1b6cd4f25cd10a1f393f9533b4fef77d00f820dbc2c43cbfa9bfaa22379a5c,downloaded
再編前,2010,7,H22,setaisu-jinkousu_area_h22-07.xls,setaisu-jinkousu_area_h22-07.xls,https://www.city.hamamatsu.shizuoka.jp/documents/3758/setaisu-jinkousu_area_h22-07.xls,https://www.city.hamamatsu.shizuoka.jp/gyousei/library/1_jinkou-setai/005_past_kubetsu.html,2025-12-17T22:31:35.527532+09:00,200,176128,"Thu, 25 Sep 2014 03:03:09 GMT","""2b000-503db0a4b9540""",application/vnd.ms-excel,0d10b5818af6210058a1fda1e5039bc47d58ba1165f3c6886ab60460c1183dfa,downloaded
再編前,2010,8,H22,setaisu-jinkousu_area_h22-08.xls,setaisu-jinkousu_area_h22-08.xls,https://www.city.hamamatsu.shizuoka.jp/documents/3758/setaisu-jinkousu_area_h22-08.xls,https://www.city.hamamatsu.shizuoka.jp/gyousei/library/1_jinkou-setai/005_past_kubetsu.html,2025-12-17T22:31:37.308532+09:00,200,176128,"Thu, 25 Sep 2014 03:03:09 GMT","""2b000-503db0a4b9540""",application/vnd.ms-excel,a4876932cff43f7ef6b3877800060fdcd5c77c1fcb366c551b7ec6d2f4bcb253,downloaded
再編前,2010,9,H22,setaisu-jinkousu_area_h22-09.xls,setaisu-jinkousu_area_h22-09.xls,https://www.city.hamamatsu.shizuoka.jp/documents/3758/setaisu-jinkousu_area_h22-09.xls,https://www.city.hamamatsu.shizuoka.jp/gyousei/library/1_jinkou-setai/005_past_kubetsu.html,2025-12-17T22:31:38.964532+09:00,200,182784,"Thu, 25 Sep 2014 03:03:09 GMT","""2ca00-503db0a4b9540""",application/vnd.ms-excel,95f4c9495952163db5fa470b41cea82566f1638b35fefe211f7986b4113f7ed7,downloaded
再編前,2010,10,H22,setaisu-jinkousu_area_h22-10.xls,setaisu-jinkousu_area_h22-10.xls,https://www.city.hamamatsu.shizuoka.jp/documents/3758/setaisu-jinkousu_area_h22-10.xls,https://www.city.hamamatsu.shizuoka.jp/gyousei/library/1_jinkou-setai/005_past_kubetsu.html,2025-12-17T22:31:40.371532+09:00,200,181760,"Thu, 25 Sep 2014 03:03:10 GMT","""2c600-503db0a5ad780""",application/vnd.ms-excel,b4cc5a51eae119dbbe05fdaf917df930da5dd7e19c608481b3a10d1645c13ab1,downloaded
再編前,2010,11,H22,setaisu-jinkousu_area_h22-11.xls,setaisu-jinkousu_area_h22-11.xls,https://www.city.hamamatsu.shizuoka.jp/documents/3758/setaisu-jinkousu_area_h22-11.xls,https://www.city.hamamatsu.shizuoka.jp/gyousei/library/1_jinkou-setai/005_past_kubetsu.html,2025-12-17T22:31:41.793532+09:00,200,205824,"Thu, 25 Sep 2014 03:03:10 GMT","""32400-503db0a5ad780""",application/vnd.ms-excel,b3deb25caf46682eeea2fe26da79ca8c28b87ea28e1d4347f884301e5a673c90,downloaded
再編前,2010,12,H22,setaisu-jinkousu_area_h22-12.xls,setaisu-jinkousu_area_h22-12.xls,https://www.city.hamamatsu.shizuoka.jp/documents/3758/setaisu-jinkousu_area_h22-12.xls,https://www.city.hamamatsu.shizuoka.jp/gyousei/library/1_jinkou-setai/005_past_kubetsu.html,2025-12-17T22:31:43.308532+09:00,200,205824,"Thu, 25 Sep 2014 03:03:10 GMT","""32400-503db0a5ad780""",application/vnd.ms-excel,00319e5c4b902159fbd59692ddca09281cfe793d22322ac7ec4a2ad47fb02d19,downloaded
再編前,2009,1,H21,setaisu-jinkousu_area_h21-01.xls,setaisu-jinkousu_area_h21-01.xls,https://www.city.hamamatsu.shizuoka.jp/documents/3758/setaisu-jinkousu_area_h21-01.xls,https://www.city.hamamatsu.shizuoka.jp/gyousei/library/1_jinkou-setai/005_past_kubetsu.html,2025-12-17T22:31:44.902532+09:00,200,171520,"Thu, 25 Sep 2014 03:03:10 GMT","""29e00-503db0a5ad780""",application/vnd.ms-excel,35deb9efa87dd63cf141664f767c6b53b3f882146c6d890235fae234fb7f9b7c,downloaded
再編前,2009,2,H21,setaisu-jinkousu_area_h21-02.xls,setaisu-jinkousu_area_h21-02.xls,https://www.city.hamamatsu.shizuoka.jp/documents/3758/setaisu-jinkousu_area_h21-02.xls,https://www.city.hamamatsu.shizuoka.jp/gyousei/library/1_jinkou-setai/005_past_kubetsu.html,2025-12-17T22:31:46.371532+09:00,200,176640,"Thu, 25 Sep 2014 03:03:10 GMT","""2b200-503db0a5ad780""",application/vnd.ms-excel,3330aedf9b09029791017f41dbc4784edbc4844016df9ac774c006279c8fbfdd,downloaded
再編前,2009,3,H21,setaisu-jinkousu_area_h21-03.xls,setaisu-jinkousu_area_h21-03.xls,https://www.city.hamamatsu.shizuoka.jp/documents/3758/setaisu-jinkousu_area_h21-03.xls,https://www.city.hamamatsu.shizuoka.jp/gyousei/library/1_jinkou-setai/005_past_kubetsu.html,2025-12-17T22:31:48.074532+09:00,200,178176,"Thu, 25 Sep 2014 03:03:10 GMT","""2b800-503db0a5ad780""",application/vnd.ms-excel,cc3850780719053706e7a62c70a760c0450483be2d815a767d395a6b252ffb2c,downloaded
再編前,2009,4,H21,setaisu-jinkousu_area_h21-04.xls,setaisu-jinkousu_area_h21-04.xls,https://www.city.hamamatsu.shizuoka.jp/documents/3758/setaisu-jinkousu_area_h21-04.xls,https://www.city.hamamatsu.shizuoka.jp/gyousei/library/1_jinkou-setai/005_past_kubetsu.html,2025-12-17T22:31:49.746532+09:00,200,172544,"Thu, 25 Sep 2014 03:03:10 GMT","""2a200-503db0a5ad780""",application/vnd.ms-excel,c5d39a281d2904d6c0d77d320a1b43223051ccf63c7c3ff734095f452f4f34a4,downloaded
再編前,2009,5,H21,setaisu-jinkousu_area_h21-05.xls,setaisu-jinkousu_area_h21-05.xls,https://www.city.hamamatsu.shizuoka.jp/documents/3758/setaisu-jinkousu_area_h21-05.xls,https://www.city.hamamatsu.shizuoka.jp/gyousei/library/1_jinkou-setai/005_past_kubetsu.html,2025-12-17T22:31:51.386532+09:00,200,177152,"Thu, 25 Sep 2014 03:03:11 GMT","""2b400-503db0a6a19c0""",application/vnd.ms-excel,e559318d15de005067db0c4eb1702af9b4ce2b40184f7d81a89676961441c8b6,downloaded
再編前,2009,6,H21,setaisu-jinkousu_area_h21-06.xls,setaisu-jinkousu_area_h21-06.xls,https://www.city.hamamatsu.shizuoka.jp/documents/3758/setaisu-jinkousu_area_h21-06.xls,https://www.city.hamamatsu.shizuoka.jp/gyousei/library/1_jinkou-setai/005_past_kubetsu.html,2025-12-17T22:31:53.027532+09:00,200,176640,"Thu, 25 Sep 2014 03:03:11 GMT","""2b200-503db0a6a19c0""",application/vnd.ms-excel,44ec870f403113387456039e6ae66bed3669f2abd9e6eeb62073f73974da6ac0,downloaded
再編前,2009,7,H21,setaisu-jinkousu_area_h21-07.xls,setaisu-jinkousu_area_h21-07.xls,https://www.city.hamamatsu.shizuoka.jp/documents/3758/setaisu-jinkousu_area_h21-07.xls,https://www.city.hamamatsu.shizuoka.jp/gyousei/library/1_jinkou-setai/005_past_kubetsu.html,2025-12-17T22:31:54.746532+09:00,200,172032,"Thu, 25 Sep 2014 03:03:11 GMT","""2a000-503db0a6a19c0""",application/vnd.ms-excel,ca575ef4c28b07faf7db06bfe4a694ccf9e721af5b5578c9d6df747c27169baf,downloaded
再編前,2009,8,H21,setaisu-jinkousu_area_h21-08.xls,setaisu-jinkousu_area_h21-08.xls,https://www.city.hamamatsu.shizuoka.jp/documents/3758/setaisu-jinkousu_area_h21-08.xls,https://www.city.hamamatsu.shizuoka.jp/gyousei/library/1_jinkou-setai/005_past_kubetsu.html,2025-12-17T22:31:56.246532+09:00,200,175104,"Thu, 25 Sep 2014 03:03:11 GMT","""2ac00-503db0a6a19c0""",application/vnd.ms-excel,bb684ed0f6e85e65bb2b6c4b7455a02199456099ae08c710fc925e5fd180f28b,downloaded
再編前,2009,9,H21,setaisu-jinkousu_area_h21-09.xls,setaisu-jinkousu_area_h21-09.xls,https://www.city.hamamatsu.shizuoka.jp/documents/3758/setaisu-jinkousu_area_h21-09.xls,https://www.city.hamamatsu.shizuoka.jp/gyousei/library/1_jinkou-setai/005_past_kubetsu.html,2025-12-17T22:31:57.824532+09:00,200,176128,"Thu, 25 Sep 2014 03:03:11 GMT","""2b000-503db0a6a19c0""",application/vnd.ms-excel,31f1019e908669017ecca57c887c8f3ca2d0c37330b448eda72f42d61125d305,downloaded
再編前,2009,10,H21,setaisu-jinkousu_area_h21-10.xls,setaisu-jinkousu_area_h21-10.xls,https://www.city.hamamatsu.shizuoka.jp/documents/3758/setaisu-jinkousu_area_h21-10.xls,https://www.city.hamamatsu.shizuoka.jp/gyousei/library/1_jinkou-setai/005_past_kubetsu.html,2025-12-17T22:31:59.418532+09:00,200,172032,"Thu, 25 Sep 2014 03:03:11 GMT","""2a000-503db0a6a19c0""",application/vnd.ms-excel,362cdf0c9fd91248997c82a6b1e48642f259909e57cf88141cd99a3cd6ccccfb,downloaded
再編前,2009,11,H21,setaisu-jinkousu_area_h21-11.xls,setaisu-jinkousu_area_h21-11.xls,https://www.city.hamamatsu.shizuoka.jp/documents/3758/setaisu-jinkousu_area_h21-11.xls,https://www.city.hamamatsu.shizuoka.jp/gyousei/library/1_jinkou-setai/005_past_kubetsu.html,2025-12-17T22:32:01.105532+09:00,200,176128,"Thu, 25 Sep 2014 03:03:12 GMT","""2b000-503db0a795c00""",application/vnd.ms-excel,1b8f5fd7fd96c9dcbb99f77f8e2410701647a375f69d5e3eaf3407c885eae495,downloaded
再編前,2009,12,H21,setaisu-jinkousu_area_h21-12.xls,setaisu-jinkousu_area_h21-12.xls,https://www.city.hamamatsu.shizuoka.jp/documents/3758/setaisu-jinkousu_area_h21-12.xls,https://www.city.hamamatsu.shizuoka.jp/gyousei/library/1_jinkou-setai/005_past_kubetsu.html,2025-12-17T22:32:02.668532+09:00,200,172032,"Thu, 25 Sep 2014 03:03:12 GMT","""2a000-503db0a795c00""",application/vnd.ms-excel,e7a20252488f3ee80a07f3e9ea17cbcba95eb335db42e632c77b08ea0334da9b,downloaded
再編前,2008,1,H20,setaisu-jinkousu_area_h20-1.xls,setaisu-jinkousu_area_h20-1.xls,https://www.city.hamamatsu.shizuoka.jp/documents/3758/setaisu-jinkousu_area_h20-1.xls,https://www.city.hamamatsu.shizuoka.jp/gyousei/library/1_jinkou-setai/005_past_kubetsu.html,2025-12-17T22:32:04.371532+09:00,200,174592,"Thu, 25 Sep 2014 03:03:12 GMT","""2aa00-503db0a795c00""",application/vnd.ms-excel,6682ebf1c6a6e76871c65fb4513bd77b17af27dc5ee97debd02a7470fbf88a7c,downloaded
再編前,2008,2,H20,setaisu-jinkousu_area_h20-2.xls,setaisu-jinkousu_area_h20-2.xls,https://www.city.hamamatsu.shizuoka.jp/documents/3758/setaisu-jinkousu_area_h20-2.xls,https://www.city.hamamatsu.shizuoka.jp/gyousei/library/1_jinkou-setai/005_past_kubetsu.html,2025-12-17T22:32:05.996532+09:00,200,174592,"Thu, 25 Sep 2014 03:03:12 GMT","""2aa00-503db0a795c00""",application/vnd.ms-excel,23b0b618c87d86597b1d310c646fff396514e72cc45b38578ae5b65d9392fc1e,downloaded
再編前,2008,3,H20,setaisu-jinkousu_area_h20-3.xls,setaisu-jinkousu_area_h20-3.xls,https://www.city.hamamatsu.shizuoka.jp/documents/3758/setaisu-jinkousu_area_h20-3.xls,https://www.city.hamamatsu.shizuoka.jp/gyousei/library/1_jinkou-setai/005_past_kubetsu.html,2025-12-17T22:32:07.543532+09:00,200,175616,"Thu, 25 Sep 2014 03:03:12 GMT","""2ae00-503db0a795c00""",application/vnd.ms-excel,3b02d7a06dc11858d6d3e7fccd5bdff40a0b2ec13cd5e0a8bc1e87bb63017712,downloaded
再編前,2008,4,H20,setaisu-jinkousu_area_h20-4.xls,setaisu-jinkousu_area_h20-4.xls,https://www.city.hamamatsu.shizuoka.jp/documents/3758/setaisu-jinkousu_area_h20-4.xls,https://www.city.hamamatsu.shizuoka.jp/gyousei/library/1_jinkou-setai/005_past_kubetsu.html,2025-12-17T22:32:09.293532+09:00,200,175104,"Thu, 25 Sep 2014 03:03:13 GMT","""2ac00-503db0a889e40""",application/vnd.ms-excel,b55c38be5a027564664fa4d02359352ca76980f883e183d18e51da69dd9a9de7,downloaded
再編前,2008,5,H20,setaisu-jinkousu_area_h20-5.xls,setaisu-jinkousu_area_h20-5.xls,https://www.city.hamamatsu.shizuoka.jp/documents/3758/setaisu-jinkousu_area_h20-5.xls,https://www.city.hamamatsu.shizuoka.jp/gyousei/library/1_jinkou-setai/005_past_kubetsu.html,2025-12-17T22:32:10.730532+09:00,200,176128,"Thu, 25 Sep 2014 03:03:13 GMT","""2b000-503db0a889e40""",application/vnd.ms-excel,aaca262ffb27b4a01f3a725ca3e98537878fd7408196ce491275354d4ad55dd5,downloaded
再編前,2008,6,H20,setaisu-jinkousu_area_h20-6.xls,setaisu-jinkousu_area_h20-6.xls,https://www.city.hamamatsu.shizuoka.jp/documents/3758/setaisu-jinkousu_area_h20-6.xls,https://www.city.hamamatsu.shizuoka.jp/gyousei/library/1_jinkou-setai/005_past_kubetsu.html,2025-12-17T22:32:12.511532+09:00,200,175104,"Thu, 25 Sep 2014 03:03:13 GMT","""2ac00-503db0a889e40""",application/vnd.ms-excel,db99491a832257fef553f3d0587ede810bc73f2e1e2262c4c3df02bbdeb2c483,downloaded
再編前,2008,7,H20,setaisu-jinkousu_area_h20-7.xls,setaisu-jinkousu_area_h20-7.xls,https://www.city.hamamatsu.shizuoka.jp/documents/3758/setaisu-jinkousu_area_h20-7.xls,https://www.city.hamamatsu.shizuoka.jp/gyousei/library/1_jinkou-setai/005_past_kubetsu.html,2025-12-17T22:32:14.230532+09:00,200,175104,"Thu, 25 Sep 2014 03:03:13 GMT","""2ac00-503db0a889e40""",application/vnd.ms-excel,5e06d73bad715438142315b90c0e026a4849c07d6e953361438b25c388101a9c,downloaded
再編前,2008,8,H20,setaisu-jinkousu_area_h20-8.xls,setaisu-jinkousu_area_h20-8.xls,https://www.city.hamamatsu.shizuoka.jp/documents/3758/setaisu-jinkousu_area_h20-8.xls,https://www.city.hamamatsu.shizuoka.jp/gyousei/library/1_jinkou-setai/005_past_kubetsu.html,2025-12-17T22:32:15.714532+09:00,200,176128,"Thu, 25 Sep 2014 03:03:13 GMT","""2b000-503db0a889e40""",application/vnd.ms-excel,d8a4b112bd68e9ecac712529f438757cd2a5f04f3f8ff750ba1c96a869ce728c,downloaded
再編前,2008,10,H20,setaisu-jinkousu_area_h20-10.xls,setaisu-jinkousu_area_h20-10.xls,https://www.city.hamamatsu.shizuoka.jp/documents/3758/setaisu-jinkousu_area_h20-10.xls,https://www.city.hamamatsu.shizuoka.jp/gyousei/library/1_jinkou-setai/005_past_kubetsu.html,2025-12-17T22:32:17.261532+09:00,200,175616,"Thu, 25 Sep 2014 03:03:13 GMT","""2ae00-503db0a889e40""",application/vnd.ms-excel,83f43c8d459315d79999b1abb797dd54e5ec4b50ec187512d840a9dde3ef7cba,downloaded
再編前,2008,11,H20,setaisu-jinkousu_area_h20-11.xls,setaisu-jinkousu_area_h20-11.xls,https://www.city.hamamatsu.shizuoka.jp/documents/3758/setaisu-jinkousu_area_h20-11.xls,https://www.city.hamamatsu.shizuoka.jp/gyousei/library/1_jinkou-setai/005_past_kubetsu.html,2025-12-17T22:32:18.964532+09:00,200,172032,"Thu, 25 Sep 2014 03:03:13 GMT","""2a000-503db0a889e40""",application/vnd.ms-excel,429c168e2337f1bdce450a8c19ed07fe82fc8c1d307c9ee185be9b0ace9c4091,downloaded
再編前,2008,12,H20,setaisu-jinkousu_area_h20-12.xls,setaisu-jinkousu_area_h20-12.xls,https://www.city.hamamatsu.shizuoka.jp/documents/3758/setaisu-jinkousu_area_h20-12.xls,https://www.city.hamamatsu.shizuoka.jp/gyousei/library/1_jinkou-setai/005_past_kubetsu.html,2025-12-17T22:32:20.402532+09:00,200,176128,"Thu, 25 Sep 2014 03:03:14 GMT","""2b000-503db0a97e080""",application/vnd.ms-excel,5de610ea79c9d7f5492ad7917226651409a5d7cca99a24d6ff8d9d488efb05bc,downloaded
再編前,2007,1,H19,setaisu-jinkousu_area_h19-01.xls,setaisu-jinkousu_area_h19-01.xls,https://www.city.hamamatsu.shizuoka.jp/documents/3758/setaisu-jinkousu_area_h19-01.xls,https://www.city.hamamatsu.shizuoka.jp/gyousei/library/1_jinkou-setai/005_past_kubetsu.html,2025-12-17T22:32:22.089532+09:00,200,99328,"Thu, 25 Sep 2014 03:03:14 GMT","""18400-503db0a97e080""",application/vnd.ms-excel,446ad29c7cc58de48f0bc87cea43ff095d27d4455018acd17c22462c3e11361c,downloaded
再編前,2007,2,H19,setaisu-jinkousu_area_h19-02.xls,setaisu-jinkousu_area_h19-02.xls,https://www.city.hamamatsu.shizuoka.jp/documents/3758/setaisu-jinkousu_area_h19-02.xls,https://www.city.hamamatsu.shizuoka.jp/gyousei/library/1_jinkou-setai/005_past_kubetsu.html,2025-12-17T22:32:23.761532+09:00,200,78848,"Thu, 25 Sep 2014 03:03:14 GMT","""13400-503db0a97e080""",application/vnd.ms-excel,8f75d3f690c534be2342f82d758a1d28a0c3218c8be40b6317b701bb54140aab,downloaded
再編前,2007,3,H19,setaisu-jinkousu_area_h19-03.xls,setaisu-jinkousu_area_h19-03.xls,https://www.city.hamamatsu.shizuoka.jp/documents/3758/setaisu-jinkousu_area_h19-03.xls,https://www.city.hamamatsu.shizuoka.jp/gyousei/library/1_jinkou-setai/005_past_kubetsu.html,2025-12-17T22:32:25.214532+09:00,200,197120,"Thu, 25 Sep 2014 03:03:14 GMT","""30200-503db0a97e080""",application/vnd.ms-excel,f9ba6f9f7ac1b62082a3ade95670f9d2c63cd5f15e864fa08ecb3392950cc2e7,downloaded
再編前,2007,4,H19,setaisu-jinkousu_area_h19-04.xls,setaisu-jinkousu_area_h19-04.xls,https://www.city.hamamatsu.shizuoka.jp/documents/3758/setaisu-jinkousu_area_h19-04.xls,https://www.city.hamamatsu.shizuoka.jp/gyousei/library/1_jinkou-setai/005_past_kubetsu.html,2025-12-17T22:32:26.918532+09:00,200,177664,"Thu, 25 Sep 2014 03:03:14 GMT","""2b600-503db0a97e080""",application/vnd.ms-excel,650158e738946c5bc94d11c80fa0a4534943463b2c56f132447ff64dd9a81d56,downloaded
再編前,2007,5,H19,setaisu-jinkousu_area_h19-05.xls,setaisu-jinkousu_area_h19-05.xls,https://www.city.hamamatsu.shizuoka.jp/documents/3758/setaisu-jinkousu_area_h19-05.xls,https://www.city.hamamatsu.shizuoka.jp/gyousei/library/1_jinkou-setai/005_past_kubetsu.html,2025-12-17T22:32:28.652532+09:00,200,202240,"Thu, 25 Sep 2014 03:03:14 GMT","""31600-503db0a97e080""",application/vnd.ms-excel,605b42353eabc63cc272d1117c106504e12a4c84dcafd2a42015406e1c6ffce5,downloaded
再編前,2007,6,H19,setaisu-jinkousu_area_h19-06.xls,setaisu-jinkousu_area_h19-06.xls,https://www.city.hamamatsu.shizuoka.jp/documents/3758/setaisu-jinkousu_area_h19-06.xls,https://www.city.hamamatsu.shizuoka.jp/gyousei/library/1_jinkou-setai/005_past_kubetsu.html,2025-12-17T22:32:30.230532+09:00,200,196608,"Thu, 25 Sep 2014 03:03:15 GMT","""30000-503db0aa722c0""",application/vnd.ms-excel,e90a8f65e593494b76051dde9d2bb5ecccced0d47110b6a1655b231e07a2fec4,downloaded
再編前,2007,7,H19,setaisu-jinkousu_area_h19-07.xls,setaisu-jinkousu_area_h19-07.xls,https://www.city.hamamatsu.shizuoka.jp/documents/3758/setaisu-jinkousu_area_h19-07.xls,https://www.city.hamamatsu.shizuoka.jp/gyousei/library/1_jinkou-setai/005_past_kubetsu.html,2025-12-17T22:32:31.933532+09:00,200,204288,"Thu, 25 Sep 2014 03:03:15 GMT","""31e00-503db0aa722c0""",application/vnd.ms-excel,22bd931911469d4ebf572f51f56f372288a1e8d653b7d62a398522d5f1cef16c,downloaded
再編前,2007,8,H19,setaisu-jinkousu_area_h19-08.xls,setaisu-jinkousu_area_h19-08.xls,https://www.city.hamamatsu.shizuoka.jp/documents/3758/setaisu-jinkousu_area_h19-08.xls,https://www.city.hamamatsu.shizuoka.jp/gyousei/library/1_jinkou-setai/005_past_kubetsu.html,2025-12-17T22:32:33.621532+09:00,200,186368,"Thu, 25 Sep 2014 03:03:15 GMT","""2d800-503db0aa722c0""",application/vnd.ms-excel,6246e922926eec05b90811aa32829478337f21f948a81fdd77394c7da72479c2,downloaded
再編前,2007,9,H19,setaisu-jinkousu_area_h19-09.xls,setaisu-jinkousu_area_h19-09.xls,https://www.city.hamamatsu.shizuoka.jp/documents/3758/setaisu-jinkousu_area_h19-09.xls,https://www.city.hamamatsu.shizuoka.jp/gyousei/library/1_jinkou-setai/005_past_kubetsu.html,2025-12-17T22:32:35.230532+09:00,200,203776,"Thu, 25 Sep 2014 03:03:15 GMT","""31c00-503db0aa722c0""",application/vnd.ms-excel,2c3b7066e8358f06107ded43b5a4df653851fd1ef0ba8a77896910cc811aef8e,downloaded
再編前,2007,10,H19,setaisu-jinkousu_area_h19-10.xls,setaisu-jinkousu_area_h19-10.xls,https://www.city.hamamatsu.shizuoka.jp/documents/3758/setaisu-jinkousu_area_h19-10.xls,https://www.city.hamamatsu.shizuoka.jp/gyousei/library/1_jinkou-setai/005_past_kubetsu.html,2025-12-17T22:32:36.855532+09:00,200,175616,"Thu, 25 Sep 2014 03:03:15 GMT","""2ae00-503db0aa722c0""",application/vnd.ms-excel,fb879eb0a78e9557e542fef3db6a2a12494ad25c3e7c0c8670769c9a83cc465b,downloaded
再編前,2007,11,H19,setaisu-jinkousu_area_h19-11.xls,setaisu-jinkousu_area_h19-11.xls,https://www.city.hamamatsu.shizuoka.jp/documents/3758/setaisu-jinkousu_area_h19-11.xls,https://www.city.hamamatsu.shizuoka.jp/gyousei/library/1_jinkou-setai/005_past_kubetsu.html,2025-12-17T22:32:38.574532+09:00,200,174592,"Thu, 25 Sep 2014 03:03:15 GMT","""2aa00-503db0aa722c0""",application/vnd.ms-excel,1635c37e8e8186e5b3e7a307af879a08fdca2b77847031ba5843013b86fa93c8,downloaded
再編前,2007,12,H19,setaisu-jinkousu_area_h19-12.xls,setaisu-jinkousu_area_h19-12.xls,https://www.city.hamamatsu.shizuoka.jp/documents/3758/setaisu-jinkousu_area_h19-12.xls,https://www.city.hamamatsu.shizuoka.jp/gyousei/library/1_jinkou-setai/005_past_kubetsu.html,2025-12-17T22:32:40.043532+09:00,200,174592,"Thu, 25 Sep 2014 03:03:16 GMT","""2aa00-503db0ab66500""",application/vnd.ms-excel,7aed7bf72b9df678cf947f1e0eca4bc3a5b9a872279cfab3b8944c6c8260749e,downloaded
再編前,2006,1,H18,setaisu-jinkousu_area_h18-01.xls,setaisu-jinkousu_area_h18-01.xls,https://www.city.hamamatsu.shizuoka.jp/documents/3758/setaisu-jinkousu_area_h18-01.xls,https://www.city.hamamatsu.shizuoka.jp/gyousei/library/1_jinkou-setai/005_past_kubetsu.html,2025-12-17T22:32:41.699532+09:00,200,98304,"Thu, 25 Sep 2014 03:03:16 GMT","""18000-503db0ab66500""",application/vnd.ms-excel,e3ab8a5c5feae6432979a45474fa9dfe0a5a314250136836f7b98cc6d8d2ea69,downloaded
再編前,2006,2,H18,setaisu-jinkousu_area_h18-02.xls,setaisu-jinkousu_area_h18-02.xls,https://www.city.hamamatsu.shizuoka.jp/documents/3758/setaisu-jinkousu_area_h18-02.xls,https://www.city.hamamatsu.shizuoka.jp/gyousei/library/1_jinkou-setai/005_past_kubetsu.html,2025-12-17T22:32:43.324532+09:00,200,97792,"Thu, 25 Sep 2014 03:03:16 GMT","""17e00-503db0ab66500""",application/vnd.ms-excel,9b8beb1e227fb4a6df1333dc4fe18c1a298059aef093abe9e8d5d468047a579a,downloaded
再編前,2006,3,H18,setaisu-jinkousu_area_h18-03.xls,setaisu-jinkousu_area_h18-03.xls,https://www.city.hamamatsu.shizuoka.jp/documents/3758/setaisu-jinkousu_area_h18-03.xls,https://www.city.hamamatsu.shizuoka.jp/gyousei/library/1_jinkou-setai/005_past_kubetsu.html,2025-12-17T22:32:44.824532+09:00,200,96256,"Thu, 25 Sep 2014 03:03:16 GMT","""17800-503db0ab66500""",application/vnd.ms-excel,665edbde4fc49daeb34009d4778e6cf46faa7c1667b0915690a8b18dc1c5129c,downloaded
再編前,2006,4,H18,setaisu-jinkousu_area_h18-04.xls,setaisu-jinkousu_area_h18-04.xls,https://www.city.hamamatsu.shizuoka.jp/documents/3758/setaisu-jinkousu_area_h18-04.xls,https://www.city.hamamatsu.shizuoka.jp/gyousei/library/1_jinkou-setai/005_past_kubetsu.html,2025-12-17T22:32:46.168532+09:00,200,98816,"Thu, 25 Sep 2014 03:03:16 GMT","""18200-503db0ab66500""",application/vnd.ms-excel,59a18ed970617cb13554d04334f3f19a893ad62e71ee754ba8f7733221667d02,downloaded
再編前,2006,5,H18,setaisu-jinkousu_area_h18-05.xls,setaisu-jinkousu_area_h18-05.xls,https://www.city.hamamatsu.shizuoka.jp/documents/3758/setaisu-jinkousu_area_h18-05.xls,https://www.city.hamamatsu.shizuoka.jp/gyousei/library/1_jinkou-setai/005_past_kubetsu.html,2025-12-17T22:32:47.714532+09:00,200,99328,"Thu, 25 Sep 2014 03:03:16 GMT","""18400-503db0ab66500""",application/vnd.ms-excel,13fcd4237abd48b1c0db33285f71efba73b5894f0b87dbc43e4f1d9dd2350a31,downloaded
再編前,2006,6,H18,setaisu-jinkousu_area_h18-06.xls,setaisu-jinkousu_area_h18-06.xls,https://www.city.hamamatsu.shizuoka.jp/documents/3758/setaisu-jinkousu_area_h18-06.xls,https://www.city.hamamatsu.shizuoka.jp/gyousei/library/1_jinkou-setai/005_past_kubetsu.html,2025-12-17T22:32:49.074532+09:00,200,99328,"Thu, 25 Sep 2014 03:03:16 GMT","""18400-503db0ab66500""",application/vnd.ms-excel,fbf3d03eeeb3c04adf2f9aa19b626780e885f4069c258dc721c24e92d6037a6d,downloaded
再編前,2006,7,H18,setaisu-jinkousu_area_h18-07.xls,setaisu-jinkousu_area_h18-07.xls,https://www.city.hamamatsu.shizuoka.jp/documents/3758/setaisu-jinkousu_area_h18-07.xls,https://www.city.hamamatsu.shizuoka.jp/gyousei/library/1_jinkou-setai/005_past_kubetsu.html,2025-12-17T22:32:50.683532+09:00,200,99328,"Thu, 25 Sep 2014 03:03:16 GMT","""18400-503db0ab66500""",application/vnd.ms-excel,b1f8d7d41d3e0b6e961d232ab18d104e8b296d81c935b5be2118e5599d297c70,downloaded
再編前,2006,8,H18,setaisu-jinkousu_area_h18-08.xls,setaisu-jinkousu_area_h18-08.xls,https://www.city.hamamatsu.shizuoka.jp/documents/3758/setaisu-jinkousu_area_h18-08.xls,https://www.city.hamamatsu.shizuoka.jp/gyousei/library/1_jinkou-setai/005_past_kubetsu.html,2025-12-17T22:32:52.214532+09:00,200,99328,"Thu, 25 Sep 2014 03:03:16 GMT","""18400-503db0ab66500""",application/vnd.ms-excel,9e90038e9d1a82e8317ab334c14def6dc03e18edf3019c430ad744a67d2e61ad,downloaded
再編前,2006,9,H18,setaisu-jinkousu_area_h18-09.xls,setaisu-jinkousu_area_h18-09.xls,https://www.city.hamamatsu.shizuoka.jp/documents/3758/setaisu-jinkousu_area_h18-09.xls,https://www.city.hamamatsu.shizuoka.jp/gyousei/library/1_jinkou-setai/005_past_kubetsu.html,2025-12-17T22:32:53.855532+09:00,200,99328,"Thu, 25 Sep 2014 03:03:16 GMT","""18400-503db0ab66500""",application/vnd.ms-excel,bcf02ac73f21fbc434012f2bdede3c0c434c2fd9e9c66ca153611f1d17ef10f1,downloaded
再編前,2006,10,H18,setaisu-jinkousu_area_h18-10.xls,setaisu-jinkousu_area_h18-10.xls,https://www.city.hamamatsu.shizuoka.jp/documents/3758/setaisu-jinkousu_area_h18-10.xls,https://www.city.hamamatsu.shizuoka.jp/gyousei/library/1_jinkou-setai/005_past_kubetsu.html,2025-12-17T22:32:55.261532+09:00,200,99328,"Thu, 25 Sep 2014 03:03:16 GMT","""18400-503db0ab66500""",application/vnd.ms-excel,dbb5f84d7d0e16deb5bcde3c3a5a2b921f150018df383ab79cedd29667d80332,downloaded
再編前,2006,11,H18,setaisu-jinkousu_area_h18-11.xls,setaisu-jinkousu_area_h18-11.xls,https://www.city.hamamatsu.shizuoka.jp/documents/3758/setaisu-jinkousu_area_h18-11.xls,https://www.city.hamamatsu.shizuoka.jp/gyousei/library/1_jinkou-setai/005_past_kubetsu.html,2025-12-17T22:32:56.668532+09:00,200,99328,"Thu, 25 Sep 2014 03:03:17 GMT","""18400-503db0ac5a740""",application/vnd.ms-excel,c2ba274c745c8bae42c10f1b1e3921954a49ce0dbe7f564fcb54bfeb5acf60df,downloaded
再編前,2006,12,H18,setaisu-jinkousu_area_h18-12.xls,setaisu-jinkousu_area_h18-12.xls,https://www.city.hamamatsu.shizuoka.jp/documents/3758/setaisu-jinkousu_area_h18-12.xls,https://www.city.hamamatsu.shizuoka.jp/gyousei/library/1_jinkou-setai/005_past_kubetsu.html,2025-12-17T22:32:58.136532+09:00,200,99328,"Thu, 25 Sep 2014 03:03:17 GMT","""18400-503db0ac5a740""",application/vnd.ms-excel,30ddeebc1c5a9e85660a3e8b34f44752a9ae3e47a8f77c3fe0fa46811e230335,downloaded
合併前,2005,1,H17,setaisu-jinkousu_area_h17-01.xls,setaisu-jinkousu_area_h17-01.xls,https://www.city.hamamatsu.shizuoka.jp/documents/3758/setaisu-jinkousu_area_h17-01.xls,https://www.city.hamamatsu.shizuoka.jp/gyousei/library/1_jinkou-setai/005_past_kubetsu.html,2025-12-17T22:32:59.589532+09:00,200,83456,"Thu, 25 Sep 2014 03:03:17 GMT","""14600-503db0ac5a740""",application/vnd.ms-excel,b3a6becce01ec21d66e5a871d22266f9e16f7995c70456415188895742f86235,downloaded
合併前,2005,2,H17,setaisu-jinkousu_area_h17-02.xls,setaisu-jinkousu_area_h17-02.xls,https://www.city.hamamatsu.shizuoka.jp/documents/3758/setaisu-jinkousu_area_h17-02.xls,https://www.city.hamamatsu.shizuoka.jp/gyousei/library/1_jinkou-setai/005_past_kubetsu.html,2025-12-17T22:33:00.996532+09:00,200,84480,"Thu, 25 Sep 2014 03:03:17 GMT","""14a00-503db0ac5a740""",application/vnd.ms-excel,f209dff8f94c82dd874d1acffb8162f27364343817696ec89e40351e446eb932,downloaded
合併前,2005,3,H17,setaisu-jinkousu_area_h17-03.xls,setaisu-jinkousu_area_h17-03.xls,https://www.city.hamamatsu.shizuoka.jp/documents/3758/setaisu-jinkousu_area_h17-03.xls,https://www.city.hamamatsu.shizuoka.jp/gyousei/library/1_jinkou-setai/005_past_kubetsu.html,2025-12-17T22:33:02.605532+09:00,200,84480,"Thu, 25 Sep 2014 03:03:17 GMT","""14a00-503db0ac5a740""",application/vnd.ms-excel,ebb9c8069809d5c0bf9aa6e561c700b05f4a107903f36790397c9d0c80410bb1,downloaded
合併前,2005,4,H17,setaisu-jinkousu_area_h17-04.xls,setaisu-jinkousu_area_h17-04.xls,https://www.city.hamamatsu.shizuoka.jp/documents/3758/setaisu-jinkousu_area_h17-04.xls,https://www.city.hamamatsu.shizuoka.jp/gyousei/library/1_jinkou-setai/005_past_kubetsu.html,2025-12-17T22:33:04.355532+09:00,200,84992,"Thu, 25 Sep 2014 03:03:17 GMT","""14c00-503db0ac5a740""",application/vnd.ms-excel,0068da30c57d162f9ab3a0dc935b8526214fb7b4accb6e817b384014712f3de0,downloaded
合併前,2005,5,H17,setaisu-jinkousu_area_h17-05.xls,setaisu-jinkousu_area_h17-05.xls,https://www.city.hamamatsu.shizuoka.jp/documents/3758/setaisu-jinkousu_area_h17-05.xls,https://www.city.hamamatsu.shizuoka.jp/gyousei/library/1_jinkou-setai/005_past_kubetsu.html,2025-12-17T22:33:05.777532+09:00,200,84480,"Thu, 25 Sep 2014 03:03:17 GMT","""14a00-503db0ac5a740""",application/vnd.ms-excel,d163204a8a2dd35223adc7e6107aad8976299c620af480e25c9fa3f716eb3eab,downloaded
合併前,2005,6,H17,setaisu-jinkousu_area_h17-06.xls,setaisu-jinkousu_area_h17-06.xls,https://www.city.hamamatsu.shizuoka.jp/documents/3758/setaisu-jinkousu_area_h17-06.xls,https://www.city.hamamatsu.shizuoka.jp/gyousei/library/1_jinkou-setai/005_past_kubetsu.html,2025-12-17T22:33:07.433532+09:00,200,87040,"Thu, 25 Sep 2014 03:03:17 GMT","""15400-503db0ac5a740""",application/vnd.ms-excel,ab1a68107cd2cfda3e37a2daad770f1c1f5f50fbf0fd297adbe0996777e52d1a,downloaded
再編前,2005,7,H17,setaisu-jinkousu_area_h17-07.xls,setaisu-jinkousu_area_h17-07.xls,https://www.city.hamamatsu.shizuoka.jp/documents/3758/setaisu-jinkousu_area_h17-07.xls,https://www.city.hamamatsu.shizuoka.jp/gyousei/library/1_jinkou-setai/005_past_kubetsu.html,2025-12-17T22:33:09.058532+09:00,200,193024,"Thu, 25 Sep 2014 03:03:17 GMT","""2f200-503db0ac5a740""",application/vnd.ms-excel,e7fcc4b7c42d85c52b9534c7b0b2721823b535e8cd248425c1462efb227168b0,downloaded
再編前,2005,8,H17,setaisu-jinkousu_area_h17-08.xls,setaisu-jinkousu_area_h17-08.xls,https://www.city.hamamatsu.shizuoka.jp/documents/3758/setaisu-jinkousu_area_h17-08.xls,https://www.city.hamamatsu.shizuoka.jp/gyousei/library/1_jinkou-setai/005_past_kubetsu.html,2025-12-17T22:33:10.683532+09:00,200,97792,"Thu, 25 Sep 2014 03:03:17 GMT","""17e00-503db0ac5a740""",application/vnd.ms-excel,abd0149b466e567e5a426e7734ee07037fed562e7f30a1757e4551fc6677a56e,downloaded
再編前,2005,9,H17,setaisu-jinkousu_area_h17-09.xls,setaisu-jinkousu_area_h17-09.xls,https://www.city.hamamatsu.shizuoka.jp/documents/3758/setaisu-jinkousu_area_h17-09.xls,https://www.city.hamamatsu.shizuoka.jp/gyousei/library/1_jinkou-setai/005_past_kubetsu.html,2025-12-17T22:33:12.074532+09:00,200,98304,"Thu, 25 Sep 2014 03:03:17 GMT","""18000-503db0ac5a740""",application/vnd.ms-excel,52ca320554cb797c521bafb4aecc2d7d0d3181b6cb4ce4e15e0f52bc900499e9,downloaded
再編前,2005,10,H17,setaisu-jinkousu_area_h17-10.xls,setaisu-jinkousu_area_h17-10.xls,https://www.city.hamamatsu.shizuoka.jp/documents/3758/setaisu-jinkousu_area_h17-10.xls,https://www.city.hamamatsu.shizuoka.jp/gyousei/library/1_jinkou-setai/005_past_kubetsu.html,2025-12-17T22:33:13.777532+09:00,200,110592,"Thu, 25 Sep 2014 03:03:17 GMT","""1b000-503db0ac5a740""",application/vnd.ms-excel,8be393b9fe407f6ded00c141e308450d9a48f93db778de438e2b9ceb27bd06d4,downloaded
再編前,2005,11,H17,setaisu-jinkousu_area_h17-11.xls,setaisu-jinkousu_area_h17-11.xls,https://www.city.hamamatsu.shizuoka.jp/documents/3758/setaisu-jinkousu_area_h17-11.xls,https://www.city.hamamatsu.shizuoka.jp/gyousei/library/1_jinkou-setai/005_past_kubetsu.html,2025-12-17T22:33:15.136532+09:00,200,98816,"Thu, 25 Sep 2014 03:03:17 GMT","""18200-503db0ac5a740""",application/vnd.ms-excel,b91c08bb723ef11de9266bd6c29f4cd0e42397ed4c506b6645ddcc9c814517dd,downloaded
再編前,2005,12,H17,setaisu-jinkousu_area_h17-12.xls,setaisu-jinkousu_area_h17-12.xls,https://www.city.hamamatsu.shizuoka.jp/documents/3758/setaisu-jinkousu_area_h17-12.xls,https://www.city.hamamatsu.shizuoka.jp/gyousei/library/1_jinkou-setai/005_past_kubetsu.html,2025-12-17T22:33:16.589532+09:00,200,97792,"Thu, 25 Sep 2014 03:03:17 GMT","""17e00-503db0ac5a740""",application/vnd.ms-excel,b2bc68a558bbd89055a543033de808cfb29e6729c0f9dee11958943f1f46e667,downloaded
合併前,2004,1,H16,setaisu-jinkousu_area_h16-01.xls,setaisu-jinkousu_area_h16-01.xls,https://www.city.hamamatsu.shizuoka.jp/documents/3758/setaisu-jinkousu_area_h16-01.xls,https://www.city.hamamatsu.shizuoka.jp/gyousei/library/1_jinkou-setai/005_past_kubetsu.html,2025-12-17T22:33:18.293532+09:00,200,83456,"Thu, 25 Sep 2014 03:03:18 GMT","""14600-503db0ad4e980""",application/vnd.ms-excel,457d927bd374c305494e428fdde785de2f3f53fadd2eb43c7cc2e5f26f135ee8,downloaded
合併前,2004,2,H16,setaisu-jinkousu_area_h16-02.xls,setaisu-jinkousu_area_h16-02.xls,https://www.city.hamamatsu.shizuoka.jp/documents/3758/setaisu-jinkousu_area_h16-02.xls,https://www.city.hamamatsu.shizuoka.jp/gyousei/library/1_jinkou-setai/005_past_kubetsu.html,2025-12-17T22:33:19.871532+09:00,200,83456,"Thu, 25 Sep 2014 03:03:18 GMT","""14600-503db0ad4e980""",application/vnd.ms-excel,8447124f7227a33708e57a5e155b2fe37d72dd3763e25974f48bfa57cc9e2987,downloaded
合併前,2004,3,H16,setaisu-jinkousu_area_h16-03.xls,setaisu-jinkousu_area_h16-03.xls,https://www.city.hamamatsu.shizuoka.jp/documents/3758/setaisu-jinkousu_area_h16-03.xls,https://www.city.hamamatsu.shizuoka.jp/gyousei/library/1_jinkou-setai/005_past_kubetsu.html,2025-12-17T22:33:21.386532+09:00,200,82944,"Thu, 25 Sep 2014 03:03:18 GMT","""14400-503db0ad4e980""",application/vnd.ms-excel,0fa9302b3acecc3cb9859807620bce8e0093e4a4a71bcebedfa56159b004ab05,downloaded
合併前,2004,4,H16,setaisu-jinkousu_area_h16-04.xls,setaisu-jinkousu_area_h16-04.xls,https://www.city.hamamatsu.shizuoka.jp/documents/3758/setaisu-jinkousu_area_h16-04.xls,https://www.city.hamamatsu.shizuoka.jp/gyousei/library/1_jinkou-setai/005_past_kubetsu.html,2025-12-17T22:33:23.027532+09:00,200,83456,"Thu, 25 Sep 2014 03:03:18 GMT","""14600-503db0ad4e980""",application/vnd.ms-excel,48eb2e10442ac218d4bca25a72f7f32416877d99127ec48f14a510bf210fe069,downloaded
合併前,2004,5,H16,setaisu-jinkousu_area_h16-05.xls,setaisu-jinkousu_area_h16-05.xls,https://www.city.hamamatsu.shizuoka.jp/documents/3758/setaisu-jinkousu_area_h16-05.xls,https://www.city.hamamatsu.shizuoka.jp/gyousei/library/1_jinkou-setai/005_past_kubetsu.html,2025-12-17T22:33:24.621532+09:00,200,82944,"Thu, 25 Sep 2014 03:03:18 GMT","""14400-503db0ad4e980""",application/vnd.ms-excel,423bc8c5ea68c74c87a519572a704e86182c36fb28fb7ce4a9560b037e90169c,downloaded
合併前,2004,6,H16,setaisu-jinkousu_area_h16-06.xls,setaisu-jinkousu_area_h16-06.xls,https://www.city.hamamatsu.shizuoka.jp/documents/3758/setaisu-jinkousu_area_h16-06.xls,https://www.city.hamamatsu.shizuoka.jp/gyousei/library/1_jinkou-setai/005_past_kubetsu.html,2025-12-17T22:33:25.964532+09:00,200,83456,"Thu, 25 Sep 2014 03:03:18 GMT","""14600-503db0ad4e980""",application/vnd.ms-excel,5d68279d778e9e03806bd8a0925b008a5c70bc98590a5fbb5d81cc9ac2e036c5,downloaded
合併前,2004,7,H16,setaisu-jinkousu_area_h16-07.xls,setaisu-jinkousu_area_h16-07.xls,https://www.city.hamamatsu.shizuoka.jp/documents/3758/setaisu-jinkousu_area_h16-07.xls,https://www.city.hamamatsu.shizuoka.jp/gyousei/library/1_jinkou-setai/005_past_kubetsu.html,2025-12-17T22:33:27.668532+09:00,200,82944,"Thu, 25 Sep 2014 03:03:18 GMT","""14400-503db0ad4e980""",application/vnd.ms-excel,4747cde3bb5f3f158bf3161f09c418d99609495bd8d19fb89eae44ced8393b41,downloaded
合併前,2004,8,H16,setaisu-jinkousu_area_h16-08.xls,setaisu-jinkousu_area_h16-08.xls,https://www.city.hamamatsu.shizuoka.jp/documents/3758/setaisu-jinkousu_area_h16-08.xls,https://www.city.hamamatsu.shizuoka.jp/gyousei/library/1_jinkou-setai/005_past_kubetsu.html,2025-12-17T22:33:29.183532+09:00,200,82944,"Thu, 25 Sep 2014 03:03:18 GMT","""14400-503db0ad4e980""",application/vnd.ms-excel,281f220abd26413fca968116c2acffd9a4b9491d0b7fa237ac80ffc28abae899,downloaded
合併前,2004,9,H16,setaisu-jinkousu_area_h16-09.xls,setaisu-jinkousu_area_h16-09.xls,https://www.city.hamamatsu.shizuoka.jp/documents/3758/setaisu-jinkousu_area_h16-09.xls,https://www.city.hamamatsu.shizuoka.jp/gyousei/library/1_jinkou-setai/005_past_kubetsu.html,2025-12-17T22:33:30.761532+09:00,200,82944,"Thu, 25 Sep 2014 03:03:18 GMT","""14400-503db0ad4e980""",application/vnd.ms-excel,dd31c24e4e9569da5f825555d50612991ba825afeaea01c1d407bac848c69e31,downloaded
合併前,2004,10,H16,setaisu-jinkousu_area_h16-10.xls,setaisu-jinkousu_area_h16-10.xls,https://www.city.hamamatsu.shizuoka.jp/documents/3758/setaisu-jinkousu_area_h16-10.xls,https://www.city.hamamatsu.shizuoka.jp/gyousei/library/1_jinkou-setai/005_past_kubetsu.html,2025-12-17T22:33:32.261532+09:00,200,82944,"Thu, 25 Sep 2014 03:03:18 GMT","""14400-503db0ad4e980""",application/vnd.ms-excel,85254706ab5a0d5562102679c3b7a88cb57223a54993cb7a46522363a1c1789b,downloaded
合併前,2004,11,H16,setaisu-jinkousu_area_h16-11.xls,setaisu-jinkousu_area_h16-11.xls,https://www.city.hamamatsu.shizuoka.jp/documents/3758/setaisu-jinkousu_area_h16-11.xls,https://www.city.hamamatsu.shizuoka.jp/gyousei/library/1_jinkou-setai/005_past_kubetsu.html,2025-12-17T22:33:33.808532+09:00,200,82944,"Thu, 25 Sep 2014 03:03:18 GMT","""14400-503db0ad4e980""",application/vnd.ms-excel,94ce52281ebf123067463d2b2347ee72198f607f44cdf403671c9d374bff7d5e,downloaded
合併前,2004,12,H16,setaisu-jinkousu_area_h16-12.xls,setaisu-jinkousu_area_h16-12.xls,https://www.city.hamamatsu.shizuoka.jp/documents/3758/setaisu-jinkousu_area_h16-12.xls,https://www.city.hamamatsu.shizuoka.jp/gyousei/library/1_jinkou-setai/005_past_kubetsu.html,2025-12-17T22:33:35.261532+09:00,200,82944,"Thu, 25 Sep 2014 03:03:18 GMT","""14400-503db0ad4e980""",application/vnd.ms-excel,57b26407658af634a60e33e6cad410749c88ac4fb65259b0d3b60c65cce6898a,downloaded
合併前,2003,1,H15,setaisu-jinkousu_area_h15-01.xls,setaisu-jinkousu_area_h15-01.xls,https://www.city.hamamatsu.shizuoka.jp/documents/3758/setaisu-jinkousu_area_h15-01.xls,https://www.city.hamamatsu.shizuoka.jp/gyousei/library/1_jinkou-setai/005_past_kubetsu.html,2025-12-17T22:33:36.902532+09:00,200,83456,"Thu, 25 Sep 2014 03:03:19 GMT","""14600-503db0ae42bc0""",application/vnd.ms-excel,719e91c954d34a2f682e661b66191f05441fd546b52a04af4d2cf973ade70172,downloaded
合併前,2003,2,H15,setaisu-jinkousu_area_h15-02.xls,setaisu-jinkousu_area_h15-02.xls,https://www.city.hamamatsu.shizuoka.jp/documents/3758/setaisu-jinkousu_area_h15-02.xls,https://www.city.hamamatsu.shizuoka.jp/gyousei/library/1_jinkou-setai/005_past_kubetsu.html,2025-12-17T22:33:38.558532+09:00,200,83456,"Thu, 25 Sep 2014 03:03:19 GMT","""14600-503db0ae42bc0""",application/vnd.ms-excel,98b56be912d9a8940d6053bf87476f4ead854dae65e3e4b52d6ebd8d7e25837b,downloaded
合併前,2003,3,H15,setaisu-jinkousu_area_h15-03.xls,setaisu-jinkousu_area_h15-03.xls,https://www.city.hamamatsu.shizuoka.jp/documents/3758/setaisu-jinkousu_area_h15-03.xls,https://www.city.hamamatsu.shizuoka.jp/gyousei/library/1_jinkou-setai/005_past_kubetsu.html,2025-12-17T22:33:39.871532+09:00,200,83456,"Thu, 25 Sep 2014 03:03:19 GMT","""14600-503db0ae42bc0""",application/vnd.ms-excel,c9fcfaca4ec43bd7fc85e09992f7bb44c8a2ae867a12c9a9f63ee183756ccd10,downloaded
合併前,2003,4,H15,setaisu-jinkousu_area_h15-04.xls,setaisu-jinkousu_area_h15-04.xls,https://www.city.hamamatsu.shizuoka.jp/documents/3758/setaisu-jinkousu_area_h15-04.xls,https://www.city.hamamatsu.shizuoka.jp/gyousei/library/1_jinkou-setai/005_past_kubetsu.html,2025-12-17T22:33:41.355532+09:00,200,83456,"Thu, 25 Sep 2014 03:03:19 GMT","""14600-503db0ae42bc0""",application/vnd.ms-excel,0aa12aaab4bc02ea31efe9757aebdee292790d18951cf11e81e8e17030ad88ef,downloaded
合併前,2003,5,H15,setaisu-jinkousu_area_h15-05.xls,setaisu-jinkousu_area_h15-05.xls,https://www.city.hamamatsu.shizuoka.jp/documents/3758/setaisu-jinkousu_area_h15-05.xls,https://www.city.hamamatsu.shizuoka.jp/gyousei/library/1_jinkou-setai/005_past_kubetsu.html,2025-12-17T22:33:42.761532+09:00,200,83456,"Thu, 25 Sep 2014 03:03:19 GMT","""14600-503db0ae42bc0""",application/vnd.ms-excel,212bd6021a71501e499a8e1ecbbd8ee91f49695b689374a762ad3c582a0bc21e,downloaded
合併前,2003,6,H15,setaisu-jinkousu_area_h15-06.xls,setaisu-jinkousu_area_h15-06.xls,https://www.city.hamamatsu.shizuoka.jp/documents/3758/setaisu-jinkousu_area_h15-06.xls,https://www.city.hamamatsu.shizuoka.jp/gyousei/library/1_jinkou-setai/005_past_kubetsu.html,2025-12-17T22:33:44.074532+09:00,200,83456,"Thu, 25 Sep 2014 03:03:19 GMT","""14600-503db0ae42bc0""",application/vnd.ms-excel,2ab426bf5ef0a624a878f604cf72077157f448f97deccaf37157c1543f4187e2,downloaded
合併前,2003,7,H15,setaisu-jinkousu_area_h15-07.xls,setaisu-jinkousu_area_h15-07.xls,https://www.city.hamamatsu.shizuoka.jp/documents/3758/setaisu-jinkousu_area_h15-07.xls,https://www.city.hamamatsu.shizuoka.jp/gyousei/library/1_jinkou-setai/005_past_kubetsu.html,2025-12-17T22:33:45.543532+09:00,200,83456,"Thu, 25 Sep 2014 03:03:19 GMT","""14600-503db0ae42bc0""",application/vnd.ms-excel,8dc37d7f5c23090aab0cbd79f88cc6a9a78ef0fdb9605dc3ed2b0b12f21921dc,downloaded
合併前,2003,8,H15,setaisu-jinkousu_area_h15-08.xls,setaisu-jinkousu_area_h15-08.xls,https://www.city.hamamatsu.shizuoka.jp/documents/3758/setaisu-jinkousu_area_h15-08.xls,https://www.city.hamamatsu.shizuoka.jp/gyousei/library/1_jinkou-setai/005_past_kubetsu.html,2025-12-17T22:33:46.980532+09:00,200,83456,"Thu, 25 Sep 2014 03:03:19 GMT","""14600-503db0ae42bc0""",application/vnd.ms-excel,90d1a6558cfe5d380da107c3eb21dcd8405d45ea052ee675943a5c9a7d552223,downloaded
合併前,2003,9,H15,setaisu-jinkousu_area_h15-09.xls,setaisu-jinkousu_area_h15-09.xls,https://www.city.hamamatsu.shizuoka.jp/documents/3758/setaisu-jinkousu_area_h15-09.xls,https://www.city.hamamatsu.shizuoka.jp/gyousei/library/1_jinkou-setai/005_past_kubetsu.html,2025-12-17T22:33:48.621532+09:00,200,83456,"Thu, 25 Sep 2014 03:03:19 GMT","""14600-503db0ae42bc0""",application/vnd.ms-excel,4b9dbffdb93be17eb00c36cfe9d8e689c7a74740f1367dadbf4d61eee4518f0b,downloaded
合併前,2003,10,H15,setaisu-jinkousu_area_h15-10.xls,setaisu-jinkousu_area_h15-10.xls,https://www.city.hamamatsu.shizuoka.jp/documents/3758/setaisu-jinkousu_area_h15-10.xls,https://www.city.hamamatsu.shizuoka.jp/gyousei/library/1_jinkou-setai/005_past_kubetsu.html,2025-12-17T22:33:50.355532+09:00,200,83456,"Thu, 25 Sep 2014 03:03:19 GMT","""14600-503db0ae42bc0""",application/vnd.ms-excel,d9fc22f21dbd962619df80ba6ed6893bab3b1c8098abe9749e645951f2477e9b,downloaded
合併前,2003,11,H15,setaisu-jinkousu_area_h15-11.xls,setaisu-jinkousu_area_h15-11.xls,https://www.city.hamamatsu.shizuoka.jp/documents/3758/setaisu-jinkousu_area_h15-11.xls,https://www.city.hamamatsu.shizuoka.jp/gyousei/library/1_jinkou-setai/005_past_kubetsu.html,2025-12-17T22:33:51.699532+09:00,200,83456,"Thu, 25 Sep 2014 03:03:19 GMT","""14600-503db0ae42bc0""",application/vnd.ms-excel,b57595c8fc9a202a9ad9b6a908981d7a5d8e6781776c930471d30c3d423c3ed9,downloaded
合併前,2003,12,H15,setaisu-jinkousu_area_h15-12.xls,setaisu-jinkousu_area_h15-12.xls,https://www.city.hamamatsu.shizuoka.jp/documents/3758/setaisu-jinkousu_area_h15-12.xls,https://www.city.hamamatsu.shizuoka.jp/gyousei/library/1_jinkou-setai/005_past_kubetsu.html,2025-12-17T22:33:53.261532+09:00,200,83456,"Thu, 25 Sep 2014 03:03:20 GMT","""14600-503db0af36e00""",application/vnd.ms-excel,cab515a70a20318801b794cb6e5a582839137ad1e50a81243fafeb95d544abc8,downloaded
合併前,2002,1,H14,setaisu-jinkousu_area_h14-01.xls,setaisu-jinkousu_area_h14-01.xls,https://www.city.hamamatsu.shizuoka.jp/documents/3758/setaisu-jinkousu_area_h14-01.xls,https://www.city.hamamatsu.shizuoka.jp/gyousei/library/1_jinkou-setai/005_past_kubetsu.html,2025-12-17T22:33:54.949532+09:00,200,83456,"Thu, 25 Sep 2014 03:03:20 GMT","""14600-503db0af36e00""",application/vnd.ms-excel,09b0e64a7679a533cf2fef67107b589c6ea6ebd653fee022347880c14bb15e8b,downloaded
合併前,2002,2,H14,setaisu-jinkousu_area_h14-02.xls,setaisu-jinkousu_area_h14-02.xls,https://www.city.hamamatsu.shizuoka.jp/documents/3758/setaisu-jinkousu_area_h14-02.xls,https://www.city.hamamatsu.shizuoka.jp/gyousei/library/1_jinkou-setai/005_past_kubetsu.html,2025-12-17T22:33:56.339532+09:00,200,83456,"Thu, 25 Sep 2014 03:03:20 GMT","""14600-503db0af36e00""",application/vnd.ms-excel,62ef7c869c0ac2dab0c5ab7b49b3bf8f889ed5416824587927d14774e8024b89,downloaded
合併前,2002,3,H14,setaisu-jinkousu_area_h14-03.xls,setaisu-jinkousu_area_h14-03.xls,https://www.city.hamamatsu.shizuoka.jp/documents/3758/setaisu-jinkousu_area_h14-03.xls,https://www.city.hamamatsu.shizuoka.jp/gyousei/library/1_jinkou-setai/005_past_kubetsu.html,2025-12-17T22:33:57.855532+09:00,200,83456,"Thu, 25 Sep 2014 03:03:20 GMT","""14600-503db0af36e00""",application/vnd.ms-excel,46756185df06d9466567fcd09974ae56e18624f33caf3f16216c0ddfc009ab0b,downloaded
合併前,2002,4,H14,setaisu-jinkousu_area_h14-04.xls,setaisu-jinkousu_area_h14-04.xls,https://www.city.hamamatsu.shizuoka.jp/documents/3758/setaisu-jinkousu_area_h14-04.xls,https://www.city.hamamatsu.shizuoka.jp/gyousei/library/1_jinkou-setai/005_past_kubetsu.html,2025-12-17T22:33:59.386532+09:00,200,83456,"Thu, 25 Sep 2014 03:03:20 GMT","""14600-503db0af36e00""",application/vnd.ms-excel,af121f875ba914fec3c68e136351359e83de610746d69893026fadbb89935ab3,downloaded
合併前,2002,5,H14,setaisu-jinkousu_area_h14-05.xls,setaisu-jinkousu_area_h14-05.xls,https://www.city.hamamatsu.shizuoka.jp/documents/3758/setaisu-jinkousu_area_h14-05.xls,https://www.city.hamamatsu.shizuoka.jp/gyousei/library/1_jinkou-setai/005_past_kubetsu.html,2025-12-17T22:34:00.761532+09:00,200,83456,"Thu, 25 Sep 2014 03:03:20 GMT","""14600-503db0af36e00""",application/vnd.ms-excel,afdf4e74ad4fbbd856f9f853d276a057a9baa9956ccd876f157865637462f499,downloaded
合併前,2002,6,H14,setaisu-jinkousu_area_h14-06.xls,setaisu-jinkousu_area_h14-06.xls,https://www.city.hamamatsu.shizuoka.jp/documents/3758/setaisu-jinkousu_area_h14-06.xls,https://www.city.hamamatsu.shizuoka.jp/gyousei/library/1_jinkou-setai/005_past_kubetsu.html,2025-12-17T22:34:02.121532+09:00,200,83456,"Thu, 25 Sep 2014 03:03:20 GMT","""14600-503db0af36e00""",application/vnd.ms-excel,6ccbcbb509444bc8adcdad66d62c3e0db494fe07996e1199272305b1220c889c,downloaded
合併前,2002,7,H14,setaisu-jinkousu_area_h14-07.xls,setaisu-jinkousu_area_h14-07.xls,https://www.city.hamamatsu.shizuoka.jp/documents/3758/setaisu-jinkousu_area_h14-07.xls,https://www.city.hamamatsu.shizuoka.jp/gyousei/library/1_jinkou-setai/005_past_kubetsu.html,2025-12-17T22:34:03.480532+09:00,200,83456,"Thu, 25 Sep 2014 03:03:20 GMT","""14600-503db0af36e00""",application/vnd.ms-excel,dd1e82d6293839c9640d91a0a9fff4acb5333934b8327bc844c8e02a5290f1a7,downloaded
合併前,2002,8,H14,setaisu-jinkousu_area_h14-08.xls,setaisu-jinkousu_area_h14-08.xls,https://www.city.hamamatsu.shizuoka.jp/documents/3758/setaisu-jinkousu_area_h14-08.xls,https://www.city.hamamatsu.shizuoka.jp/gyousei/library/1_jinkou-setai/005_past_kubetsu.html,2025-12-17T22:34:04.949532+09:00,200,83456,"Thu, 25 Sep 2014 03:03:20 GMT","""14600-503db0af36e00""",application/vnd.ms-excel,b399c953a5baaddf5700c559da5b296fc7c4e30473e8073d3236d6bbb45e4bd3,downloaded
合併前,2002,9,H14,setaisu-jinkousu_area_h14-09.xls,setaisu-jinkousu_area_h14-09.xls,https://www.city.hamamatsu.shizuoka.jp/documents/3758/setaisu-jinkousu_area_h14-09.xls,https://www.city.hamamatsu.shizuoka.jp/gyousei/library/1_jinkou-setai/005_past_kubetsu.html,2025-12-17T22:34:06.543532+09:00,200,83456,"Thu, 25 Sep 2014 03:03:20 GMT","""14600-503db0af36e00""",application/vnd.ms-excel,20f51dbf3b9ead2761dc6c9668862ea13bd5371b159c57fc217b8614a58360e3,downloaded
合併前,2002,10,H14,setaisu-jinkousu_area_h14-10.xls,setaisu-jinkousu_area_h14-10.xls,https://www.city.hamamatsu.shizuoka.jp/documents/3758/setaisu-jinkousu_area_h14-10.xls,https://www.city.hamamatsu.shizuoka.jp/gyousei/library/1_jinkou-setai/005_past_kubetsu.html,2025-12-17T22:34:07.980532+09:00,200,83456,"Thu, 25 Sep 2014 03:03:20 GMT","""14600-503db0af36e00""",application/vnd.ms-excel,563381ed2403867bba565883d0a942efe68de686e8014c06c350a5348e77560d,downloaded
合併前,2002,11,H14,setaisu-jinkousu_area_h14-11.xls,setaisu-jinkousu_area_h14-11.xls,https://www.city.hamamatsu.shizuoka.jp/documents/3758/setaisu-jinkousu_area_h14-11.xls,https://www.city.hamamatsu.shizuoka.jp/gyousei/library/1_jinkou-setai/005_past_kubetsu.html,2025-12-17T22:34:09.418532+09:00,200,83456,"Thu, 25 Sep 2014 03:03:20 GMT","""14600-503db0af36e00""",application/vnd.ms-excel,a523e5c0b2dc4cb3099ce61cb0d4f3e59c82ca64a87bfd34dfe6cf6703a07532,downloaded
合併前,2002,12,H14,setaisu-jinkousu_area_h14-12.xls,setaisu-jinkousu_area_h14-12.xls,https://www.city.hamamatsu.shizuoka.jp/documents/3758/setaisu-jinkousu_area_h14-12.xls,https://www.city.hamamatsu.shizuoka.jp/gyousei/library/1_jinkou-setai/005_past_kubetsu.html,2025-12-17T22:34:10.777532+09:00,200,83456,"Thu, 25 Sep 2014 03:03:21 GMT","""14600-503db0b02b040""",application/vnd.ms-excel,0bd5c5168af224a91b9e051cea993bdc01b1ad327e373db243537baf55ed98b6,downloaded
合併前,2001,1,H13,setaisu-jinkousu_area_h13-01.xls,setaisu-jinkousu_area_h13-01.xls,https://www.city.hamamatsu.shizuoka.jp/documents/3758/setaisu-jinkousu_area_h13-01.xls,https://www.city.hamamatsu.shizuoka.jp/gyousei/library/1_jinkou-setai/005_past_kubetsu.html,2025-12-17T22:34:12.418532+09:00,200,52736,"Thu, 25 Sep 2014 03:03:21 GMT","""ce00-503db0b02b040""",application/vnd.ms-excel,dd56b69cb565e284bc9955ba81c899a90b7616588181671b42f87951ae7e710a,downloaded
合併前,2001,2,H13,setaisu-jinkousu_area_h13-02.xls,setaisu-jinkousu_area_h13-02.xls,https://www.city.hamamatsu.shizuoka.jp/documents/3758/setaisu-jinkousu_area_h13-02.xls,https://www.city.hamamatsu.shizuoka.jp/gyousei/library/1_jinkou-setai/005_past_kubetsu.html,2025-12-17T22:34:14.105532+09:00,200,95232,"Thu, 25 Sep 2014 03:03:21 GMT","""17400-503db0b02b040""",application/vnd.ms-excel,83378d1d0df407ecba9d309b9930498edf1d0ec42f646612045b8b8d052e9dbb,downloaded
合併前,2001,3,H13,setaisu-jinkousu_area_h13-03.xls,setaisu-jinkousu_area_h13-03.xls,https://www.city.hamamatsu.shizuoka.jp/documents/3758/setaisu-jinkousu_area_h13-03.xls,https://www.city.hamamatsu.shizuoka.jp/gyousei/library/1_jinkou-setai/005_past_kubetsu.html,2025-12-17T22:34:15.480532+09:00,200,115200,"Thu, 25 Sep 2014 03:03:21 GMT","""1c200-503db0b02b040""",application/vnd.ms-excel,009ca7053905b1ed8abf79d6ee3388819b9be0c8813cfa451f58a8cbce6b779c,downloaded
合併前,2001,4,H13,setaisu-jinkousu_area_h13-04.xls,setaisu-jinkousu_area_h13-04.xls,https://www.city.hamamatsu.shizuoka.jp/documents/3758/setaisu-jinkousu_area_h13-04.xls,https://www.city.hamamatsu.shizuoka.jp/gyousei/library/1_jinkou-setai/005_past_kubetsu.html,2025-12-17T22:34:17.074532+09:00,200,100352,"Thu, 25 Sep 2014 03:03:21 GMT","""18800-503db0b02b040""",application/vnd.ms-excel,93efabbfcfb7e42611cf17c1c06d78b6e624ad7dabec7908d7d6c0bd036d365c,downloaded
合併前,2001,5,H13,setaisu-jinkousu_area_h13-05.xls,setaisu-jinkousu_area_h13-05.xls,https://www.city.hamamatsu.shizuoka.jp/documents/3758/setaisu-jinkousu_area_h13-05.xls,https://www.city.hamamatsu.shizuoka.jp/gyousei/library/1_jinkou-setai/005_past_kubetsu.html,2025-12-17T22:34:18.574532+09:00,200,84480,"Thu, 25 Sep 2014 03:03:21 GMT","""14a00-503db0b02b040""",application/vnd.ms-excel,c6f3b64a113ae4f19770a03531f7052b7e0b53c493637e62cd9ff2d75a7c265a,downloaded
合併前,2001,6,H13,setaisu-jinkousu_area_h13-06.xls,setaisu-jinkousu_area_h13-06.xls,https://www.city.hamamatsu.shizuoka.jp/documents/3758/setaisu-jinkousu_area_h13-06.xls,https://www.city.hamamatsu.shizuoka.jp/gyousei/library/1_jinkou-setai/005_past_kubetsu.html,2025-12-17T22:34:20.121532+09:00,200,89088,"Thu, 25 Sep 2014 03:03:21 GMT","""15c00-503db0b02b040""",application/vnd.ms-excel,f8512cff40c8be1e93227e08656b0acbda66dae4bf6efe36a00732121bba79f3,downloaded
合併前,2001,7,H13,setaisu-jinkousu_area_h13-07.xls,setaisu-jinkousu_area_h13-07.xls,https://www.city.hamamatsu.shizuoka.jp/documents/3758/setaisu-jinkousu_area_h13-07.xls,https://www.city.hamamatsu.shizuoka.jp/gyousei/library/1_jinkou-setai/005_past_kubetsu.html,2025-12-17T22:34:21.761532+09:00,200,86016,"Thu, 25 Sep 2014 03:03:21 GMT","""15000-503db0b02b040""",application/vnd.ms-excel,9a602838124d8a6fe2bc242d71049b28298b4857f78b19b81534210a6c135603,downloaded
合併前,2001,8,H13,setaisu-jinkousu_area_h13-08.xls,setaisu-jinkousu_area_h13-08.xls,https://www.city.hamamatsu.shizuoka.jp/documents/3758/setaisu-jinkousu_area_h13-08.xls,https://www.city.hamamatsu.shizuoka.jp/gyousei/library/1_jinkou-setai/005_past_kubetsu.html,2025-12-17T22:34:23.230532+09:00,200,86016,"Thu, 25 Sep 2014 03:03:21 GMT","""15000-503db0b02b040""",application/vnd.ms-excel,2d7b53bf9c1091d16107c4306e2facc15530a50dc52c7206624fffde060e0ccc,downloaded
合併前,2001,9,H13,setaisu-jinkousu_area_h13-09.xls,setaisu-jinkousu_area_h13-09.xls,https://www.city.hamamatsu.shizuoka.jp/documents/3758/setaisu-jinkousu_area_h13-09.xls,https://www.city.hamamatsu.shizuoka.jp/gyousei/library/1_jinkou-setai/005_past_kubetsu.html,2025-12-17T22:34:24.777532+09:00,200,86016,"Thu, 25 Sep 2014 03:03:21 GMT","""15000-503db0b02b040""",application/vnd.ms-excel,684502bdac341f8b55d44bff22d22618872ae31ec68387f8456fd77f1a0c6853,downloaded
合併前,2001,10,H13,setaisu-jinkousu_area_h13-10.xls,setaisu-jinkousu_area_h13-10.xls,https://www.city.hamamatsu.shizuoka.jp/documents/3758/setaisu-jinkousu_area_h13-10.xls,https://www.city.hamamatsu.shizuoka.jp/gyousei/library/1_jinkou-setai/005_past_kubetsu.html,2025-12-17T22:34:26.183532+09:00,200,85504,"Thu, 25 Sep 2014 03:03:21 GMT","""14e00-503db0b02b040""",application/vnd.ms-excel,1224c2cb421e75ca6cdb21d38d233a984fb91dcdcf63072af61d8dcc1ad470c2,downloaded
合併前,2001,11,H13,setaisu-jinkousu_area_h13-11.xls,setaisu-jinkousu_area_h13-11.xls,https://www.city.hamamatsu.shizuoka.jp/documents/3758/setaisu-jinkousu_area_h13-11.xls,https://www.city.hamamatsu.shizuoka.jp/gyousei/library/1_jinkou-setai/005_past_kubetsu.html,2025-12-17T22:34:27.793532+09:00,200,80896,"Thu, 25 Sep 2014 03:03:21 GMT","""13c00-503db0b02b040""",application/vnd.ms-excel,838672b3889d2db0d633a5d6f2a350036c4478cbf59831e1358b8db6d7b1feaf,downloaded
合併前,2001,12,H13,setaisu-jinkousu_area_h13-12.xls,setaisu-jinkousu_area_h13-12.xls,https://www.city.hamamatsu.shizuoka.jp/documents/3758/setaisu-jinkousu_area_h13-12.xls,https://www.city.hamamatsu.shizuoka.jp/gyousei/library/1_jinkou-setai/005_past_kubetsu.html,2025-12-17T22:34:29.261532+09:00,200,80896,"Thu, 25 Sep 2014 03:03:21 GMT","""13c00-503db0b02b040""",application/vnd.ms-excel,81f550b721436dac0fa5dd1882a21cfbbdcfe25911b1227506fdcadfa762942b,downloaded
合併前,2000,1,H12,setaisu-jinkousu_area_h12-01.xls,setaisu-jinkousu_area_h12-01.xls,https://www.city.hamamatsu.shizuoka.jp/documents/3758/setaisu-jinkousu_area_h12-01.xls,https://www.city.hamamatsu.shizuoka.jp/gyousei/library/1_jinkou-setai/005_past_kubetsu.html,2025-12-17T22:34:30.808532+09:00,200,79360,"Thu, 25 Sep 2014 03:03:22 GMT","""13600-503db0b11f280""",application/vnd.ms-excel,d8e96462f0eabc243943a91daacfc78ed38ac9ac0c1fe13924ebce151c7d0ec8,downloaded
合併前,2000,2,H12,setaisu-jinkousu_area_h12-02.xls,setaisu-jinkousu_area_h12-02.xls,https://www.city.hamamatsu.shizuoka.jp/documents/3758/setaisu-jinkousu_area_h12-02.xls,https://www.city.hamamatsu.shizuoka.jp/gyousei/library/1_jinkou-setai/005_past_kubetsu.html,2025-12-17T22:34:32.402532+09:00,200,79360,"Thu, 25 Sep 2014 03:03:22 GMT","""13600-503db0b11f280""",application/vnd.ms-excel,716e4304d0c4a7f8fb602a6a36d786448c7f47e6b1c1bc89df57246a0516cefc,downloaded
合併前,2000,3,H12,setaisu-jinkousu_area_h12-03.xls,setaisu-jinkousu_area_h12-03.xls,https://www.city.hamamatsu.shizuoka.jp/documents/3758/setaisu-jinkousu_area_h12-03.xls,https://www.city.hamamatsu.shizuoka.jp/gyousei/library/1_jinkou-setai/005_past_kubetsu.html,2025-12-17T22:34:33.793532+09:00,200,79360,"Thu, 25 Sep 2014 03:03:22 GMT","""13600-503db0b11f280""",application/vnd.ms-excel,d8f2dcd0dc10e62863d3db1c272fc398c3d9fa15d36f9db9fb5fde94ee313d30,downloaded
合併前,2000,4,H12,setaisu-jinkousu_area_h12-04.xls,setaisu-jinkousu_area_h12-04.xls,https://www.city.hamamatsu.shizuoka.jp/documents/3758/setaisu-jinkousu_area_h12-04.xls,https://www.city.hamamatsu.shizuoka.jp/gyousei/library/1_jinkou-setai/005_past_kubetsu.html,2025-12-17T22:34:35.183532+09:00,200,79360,"Thu, 25 Sep 2014 03:03:22 GMT","""13600-503db0b11f280""",application/vnd.ms-excel,f0de1c5194eed02ca65fa38261af05a2a75794e4b8ae26b3ad7befdc071c13a6,downloaded
合併前,2000,5,H12,setaisu-jinkousu_area_h12-05.xls,setaisu-jinkousu_area_h12-05.xls,https://www.city.hamamatsu.shizuoka.jp/documents/3758/setaisu-jinkousu_area_h12-05.xls,https://www.city.hamamatsu.shizuoka.jp/gyousei/library/1_jinkou-setai/005_past_kubetsu.html,2025-12-17T22:34:36.746532+09:00,200,79360,"Thu, 25 Sep 2014 03:03:22 GMT","""13600-503db0b11f280""",application/vnd.ms-excel,80b53852a8078f13c6550199bd74279881ce3d0bf0be6bb07506154e02077e23,downloaded
合併前,2000,6,H12,setaisu-jinkousu_area_h12-06.xls,setaisu-jinkousu_area_h12-06.xls,https://www.city.hamamatsu.shizuoka.jp/documents/3758/setaisu-jinkousu_area_h12-06.xls,https://www.city.hamamatsu.shizuoka.jp/gyousei/library/1_jinkou-setai/005_past_kubetsu.html,2025-12-17T22:34:38.246532+09:00,200,78848,"Thu, 25 Sep 2014 03:03:22 GMT","""13400-503db0b11f280""",application/vnd.ms-excel,e5fd90fa86fce76563da37658d6a7a0d083700b3136b406ddc9824f5abb1ca93,downloaded
合併前,2000,7,H12,setaisu-jinkousu_area_h12-07.xls,setaisu-jinkousu_area_h12-07.xls,https://www.city.hamamatsu.shizuoka.jp/documents/3758/setaisu-jinkousu_area_h12-07.xls,https://www.city.hamamatsu.shizuoka.jp/gyousei/library/1_jinkou-setai/005_past_kubetsu.html,2025-12-17T22:34:39.964532+09:00,200,78848,"Thu, 25 Sep 2014 03:03:22 GMT","""13400-503db0b11f280""",application/vnd.ms-excel,a632af137182eede4d4046e3c46425675bf793c1dc570ac3a997615c3934cde3,downloaded
合併前,2000,8,H12,setaisu-jinkousu_area_h12-08.xls,setaisu-jinkousu_area_h12-08.xls,https://www.city.hamamatsu.shizuoka.jp/documents/3758/setaisu-jinkousu_area_h12-08.xls,https://www.city.hamamatsu.shizuoka.jp/gyousei/library/1_jinkou-setai/005_past_kubetsu.html,2025-12-17T22:34:41.543532+09:00,200,78848,"Thu, 25 Sep 2014 03:03:22 GMT","""13400-503db0b11f280""",application/vnd.ms-excel,3842da0e6ec9cc43a65f2fe3029aa5aa0e66a8f8788d54c9908469b8bc290031,downloaded
合併前,2000,9,H12,setaisu-jinkousu_area_h12-09.xls,setaisu-jinkousu_area_h12-09.xls,https://www.city.hamamatsu.shizuoka.jp/documents/3758/setaisu-jinkousu_area_h12-09.xls,https://www.city.hamamatsu.shizuoka.jp/gyousei/library/1_jinkou-setai/005_past_kubetsu.html,2025-12-17T22:34:43.230532+09:00,200,78848,"Thu, 25 Sep 2014 03:03:22 GMT","""13400-503db0b11f280""",application/vnd.ms-excel,fa9d4c07b400ee9d8f7ce52f35f23a85f4a4d97bc8071d41b94dafe0d488525d,downloaded
合併前,2000,10,H12,setaisu-jinkousu_area_h12-10.xls,setaisu-jinkousu_area_h12-10.xls,https://www.city.hamamatsu.shizuoka.jp/documents/3758/setaisu-jinkousu_area_h12-10.xls,https://www.city.hamamatsu.shizuoka.jp/gyousei/library/1_jinkou-setai/005_past_kubetsu.html,2025-12-17T22:34:44.636532+09:00,200,79360,"Thu, 25 Sep 2014 03:03:22 GMT","""13600-503db0b11f280""",application/vnd.ms-excel,37c30d42780e7db90ca93a617789180d6b423dec3126a33689ac1f763c23ca08,downloaded
合併前,2000,11,H12,setaisu-jinkousu_area_h12-11.xls,setaisu-jinkousu_area_h12-11.xls,https://www.city.hamamatsu.shizuoka.jp/documents/3758/setaisu-jinkousu_area_h12-11.xls,https://www.city.hamamatsu.shizuoka.jp/gyousei/library/1_jinkou-setai/005_past_kubetsu.html,2025-12-17T22:34:46.199532+09:00,200,84992,"Thu, 25 Sep 2014 03:03:22 GMT","""14c00-503db0b11f280""",application/vnd.ms-excel,09015a29607ef06594c9e1c7768561c31088bda6c2c57d21b0561b5d499442f2,downloaded
合併前,2000,12,H12,setaisu-jinkousu_area_h12-12.xls,setaisu-jinkousu_area_h12-12.xls,https://www.city.hamamatsu.shizuoka.jp/documents/3758/setaisu-jinkousu_area_h12-12.xls,https://www.city.hamamatsu.shizuoka.jp/gyousei/library/1_jinkou-setai/005_past_kubetsu.html,2025-12-17T22:34:47.574532+09:00,200,94720,"Thu, 25 Sep 2014 03:03:23 GMT","""17200-503db0b2134c0""",application/vnd.ms-excel,39f7e4c97a34e26efc5f3f81d0c1fa53047777985fe40c0c61972ad9becdc490,downloaded
