snapshot_id,era_key,era_folder_jp,district,month_folder,filename,saved_path,url,downloaded_at,http_status,content_length,last_modified,etag,content_type,sha256,status
2025-12-14T192110+0900,after,再編後,浜松市,4月,jinkousu_areaage_r07-04-01_hamamatsushi.xlsx,c:\Users\pirat\Documents\MikkabiLab_population_analysis\data\archive\浜松市\町字別・年齢別人口表\2025-12-14T192110+0900\再編後\浜松市\4月\jinkousu_areaage_r07-04-01_hamamatsushi.xlsx,https://www.city.hamamatsu.shizuoka.jp/documents/3764/jinkousu_areaage_r07-04-01_hamamatsushi.xlsx,2025-12-14T19:21:12.502280+09:00,200,22783,"Wed, 07 May 2025 03:02:18 GMT","""58ff-63482f602474f""",application/vnd.openxmlformats-officedocument.spreadsheetml.sheet,a75f6bc4f1b5323b7f07e13f521cbec121a558ca374a83fa3ad56737e9239263,downloaded
2025-12-14T192110+0900,after,再編後,浜松市,10月,jinkousu_areaage_r07-10-01_hamamatsushi.xlsx,c:\Users\pirat\Documents\MikkabiLab_population_analysis\data\archive\浜松市\町字別・年齢別人口表\2025-12-14T192110+0900\再編後\浜松市\10月\jinkousu_areaage_r07-10-01_hamamatsushi.xlsx,https://www.city.hamamatsu.shizuoka.jp/documents/3764/jinkousu_areaage_r07-10-01_hamamatsushi.xlsx,2025-12-14T19:21:12.670219+09:00,200,22728,"Wed, 29 Oct 2025 03:00:42 GMT","""58c8-6424356893cbe""",application/vnd.openxmlformats-officedocument.spreadsheetml.sheet,8b739db974f1aadee72280d61ae10701490f95938fe818d7a3e5d200100d3cd5,downloaded
2025-12-14T192110+0900,after,再編後,中央区,4月,jinkousu_areaage_r07-04-01_chuouku.xlsx,c:\Users\pirat\Documents\MikkabiLab_population_analysis\data\archive\浜松市\町字別・年齢別人口表\2025-12-14T192110+0900\再編後\中央区\4月\jinkousu_areaage_r07-04-01_chuouku.xlsx,https://www.city.hamamatsu.shizuoka.jp/documents/3764/jinkousu_areaage_r07-04-01_chuouku.xlsx,2025-12-14T19:21:12.839250+09:00,200,2483267,"Wed, 07 May 2025 03:02:18 GMT","""25e443-63482f605a2b2""",application/vnd.openxmlformats-officedocument.spreadsheetml.sheet,052815ae6bd7bd2e843323595e8f118145584a4b8e895fe46c76e8f13eb8e2a8,downloaded
2025-12-14T192110+0900,after,再編後,中央区,10月,jinkousu_areaage_r07-10-01_chuouku.xlsx,c:\Users\pirat\Documents\MikkabiLab_population_analysis\data\archive\浜松市\町字別・年齢別人口表\2025-12-14T192110+0900\再編後\中央区\10月\jinkousu_areaage_r07-10-01_chuouku.xlsx,https://www.city.hamamatsu.shizuoka.jp/documents/3764/jinkousu_areaage_r07-10-01_chuouku.xlsx,2025-12-14T19:21:14.206021+09:00,200,2461996,"Wed, 29 Oct 2025 03:00:42 GMT","""25912c-64243568f0152""",application/vnd.openxmlformats-officedocument.spreadsheetml.sheet,0a773a5b06a17911b36bc916c8dccfcf39bf2dbaf9e982497cdfb3cd21fee236,downloaded
2025-12-14T192110+0900,after,再編後,浜名区,4月,jinkousu_areaage_r07-04-01_hamanaku.xlsx,c:\Users\pirat\Documents\MikkabiLab_population_analysis\data\archive\浜松市\町字別・年齢別人口表\2025-12-14T192110+0900\再編後\浜名区\4月\jinkousu_areaage_r07-04-01_hamanaku.xlsx,https://www.city.hamamatsu.shizuoka.jp/documents/3764/jinkousu_areaage_r07-04-01_hamanaku.xlsx,2025-12-14T19:21:15.756942+09:00,200,603800,"Wed, 07 May 2025 03:02:18 GMT","""93698-63482f608ee74""",application/vnd.openxmlformats-officedocument.spreadsheetml.sheet,c803ff28ffa091bce81cf2664d929c45f3785113f3af220e61c42dd793253ebe,downloaded
2025-12-14T192110+0900,after,再編後,浜名区,10月,jinkousu_areaage_r07-10-01_hamanaku.xlsx,c:\Users\pirat\Documents\MikkabiLab_population_analysis\data\archive\浜松市\町字別・年齢別人口表\2025-12-14T192110+0900\再編後\浜名区\10月\jinkousu_areaage_r07-10-01_hamanaku.xlsx,https://www.city.hamamatsu.shizuoka.jp/documents/3764/jinkousu_areaage_r07-10-01_hamanaku.xlsx,2025-12-14T19:21:16.255592+09:00,200,670124,"Tue, 04 Nov 2025 09:00:16 GMT","""a39ac-642c10f7999e0""",application/vnd.openxmlformats-officedocument.spreadsheetml.sheet,6fe8f38c7aad79949beeb900ced2de46344516d083a1eb8a3e4e1ce789e5f839,downloaded
2025-12-14T192110+0900,after,再編後,天竜区,4月,jinkousu_areaage_r07-04-01_tenryuku.xlsx,c:\Users\pirat\Documents\MikkabiLab_population_analysis\data\archive\浜松市\町字別・年齢別人口表\2025-12-14T192110+0900\再編後\天竜区\4月\jinkousu_areaage_r07-04-01_tenryuku.xlsx,https://www.city.hamamatsu.shizuoka.jp/documents/3764/jinkousu_areaage_r07-04-01_tenryuku.xlsx,2025-12-14T19:21:17.118187+09:00,200,643889,"Wed, 07 May 2025 03:02:18 GMT","""9d331-63482f60c97f7""",application/vnd.openxmlformats-officedocument.spreadsheetml.sheet,3e5dc3c22530b5d768452bab297fcd38e117177b6945b17fda0a109992b6090d,downloaded
2025-12-14T192110+0900,after,再編後,天竜区,10月,jinkousu_areaage_r07-10-01_tenryuku.xlsx,c:\Users\pirat\Documents\MikkabiLab_population_analysis\data\archive\浜松市\町字別・年齢別人口表\2025-12-14T192110+0900\再編後\天竜区\10月\jinkousu_areaage_r07-10-01_tenryuku.xlsx,https://www.city.hamamatsu.shizuoka.jp/documents/3764/jinkousu_areaage_r07-10-01_tenryuku.xlsx,2025-12-14T19:21:17.987611+09:00,200,1003122,"Tue, 04 Nov 2025 09:00:16 GMT","""f4e72-642c10f7fb07c""",application/vnd.openxmlformats-officedocument.spreadsheetml.sheet,a23ad24cd1a5540e247c0fdccadfef8747f43b5a43e57f8a1dd625cf1e89417e,downloaded
2025-12-14T192110+0900,after,再編後,浜松市,4月,jinkousu_areaage_r06-04-01_hamamatsushi.xlsx,c:\Users\pirat\Documents\MikkabiLab_population_analysis\data\archive\浜松市\町字別・年齢別人口表\2025-12-14T192110+0900\再編後\浜松市\4月\jinkousu_areaage_r06-04-01_hamamatsushi.xlsx,https://www.city.hamamatsu.shizuoka.jp/documents/93655/jinkousu_areaage_r06-04-01_hamamatsushi.xlsx,2025-12-14T19:21:18.663873+09:00,200,27936,"Wed, 23 Apr 2025 03:02:40 GMT","""6d20-6336955929922""",application/vnd.openxmlformats-officedocument.spreadsheetml.sheet,77e829ffefa305fc51219ceb01e7ce046330fa746391e4db3031901c793986dc,downloaded
2025-12-14T192110+0900,after,再編後,浜松市,10月,jinkousu_areaage_r06-10-01_hamamatsushi.xlsx,c:\Users\pirat\Documents\MikkabiLab_population_analysis\data\archive\浜松市\町字別・年齢別人口表\2025-12-14T192110+0900\再編後\浜松市\10月\jinkousu_areaage_r06-10-01_hamamatsushi.xlsx,https://www.city.hamamatsu.shizuoka.jp/documents/93655/jinkousu_areaage_r06-10-01_hamamatsushi.xlsx,2025-12-14T19:21:18.832554+09:00,200,22773,"Wed, 23 Apr 2025 03:02:40 GMT","""58f5-6336955963304""",application/vnd.openxmlformats-officedocument.spreadsheetml.sheet,dd2250ecf4bc583f27b3169696d4a38df0e323ca77ef5d3226aba426f829c017,downloaded
2025-12-14T192110+0900,after,再編後,中央区,4月,jinkousu_areaage_r06-04-01_chuouku.xlsx,c:\Users\pirat\Documents\MikkabiLab_population_analysis\data\archive\浜松市\町字別・年齢別人口表\2025-12-14T192110+0900\再編後\中央区\4月\jinkousu_areaage_r06-04-01_chuouku.xlsx,https://www.city.hamamatsu.shizuoka.jp/documents/93655/jinkousu_areaage_r06-04-01_chuouku.xlsx,2025-12-14T19:21:18.993010+09:00,200,1891970,"Wed, 23 Apr 2025 03:02:41 GMT","""1cde82-63369559a365f""",application/vnd.openxmlformats-officedocument.spreadsheetml.sheet,e8972d04038b9a557990a47440f6cc5946221474a6d1c1befde7d7b6049552b9,downloaded
2025-12-14T192110+0900,after,再編後,中央区,10月,jinkousu_areaage_r06-10-01_chuouku.xlsx,c:\Users\pirat\Documents\MikkabiLab_population_analysis\data\archive\浜松市\町字別・年齢別人口表\2025-12-14T192110+0900\再編後\中央区\10月\jinkousu_areaage_r06-10-01_chuouku.xlsx,https://www.city.hamamatsu.shizuoka.jp/documents/93655/jinkousu_areaage_r06-10-01_chuouku.xlsx,2025-12-14T19:21:20.115009+09:00,200,2497125,"Wed, 23 Apr 2025 03:02:41 GMT","""261a65-63369559e0ec2""",application/vnd.openxmlformats-officedocument.spreadsheetml.sheet,7403fb78395b75ea2d1e0e764391d93973ad0861a002c123b1eea16a32168838,downloaded
2025-12-14T192110+0900,after,再編後,浜名区,4月,jinkousu_areaage_r06-04-01_hamanaku.xlsx,c:\Users\pirat\Documents\MikkabiLab_population_analysis\data\archive\浜松市\町字別・年齢別人口表\2025-12-14T192110+0900\再編後\浜名区\4月\jinkousu_areaage_r06-04-01_hamanaku.xlsx,https://www.city.hamamatsu.shizuoka.jp/documents/93655/jinkousu_areaage_r06-04-01_hamanaku.xlsx,2025-12-14T19:21:21.548200+09:00,200,608015,"Wed, 23 Apr 2025 03:02:41 GMT","""9470f-6336955a19134""",application/vnd.openxmlformats-officedocument.spreadsheetml.sheet,bfb6c594ab471ff9884c74247f0a9c3601fde1e4a3c029e36a423233b42e6b22,downloaded
2025-12-14T192110+0900,after,再編後,浜名区,10月,jinkousu_areaage_r06-10-01_hamanaku.xlsx,c:\Users\pirat\Documents\MikkabiLab_population_analysis\data\archive\浜松市\町字別・年齢別人口表\2025-12-14T192110+0900\再編後\浜名区\10月\jinkousu_areaage_r06-10-01_hamanaku.xlsx,https://www.city.hamamatsu.shizuoka.jp/documents/93655/jinkousu_areaage_r06-10-01_hamanaku.xlsx,2025-12-14T19:21:22.057884+09:00,200,604289,"Wed, 23 Apr 2025 03:02:41 GMT","""93881-6336955a4d13e""",application/vnd.openxmlformats-officedocument.spreadsheetml.sheet,3414e8c8837d7573f4aa3d1f8babf6c921976c761d2356fb335cd26d5be344f9,downloaded
2025-12-14T192110+0900,after,再編後,天竜区,4月,jinkousu_areaage_r06-04-01_tenryuku.xlsx,c:\Users\pirat\Documents\MikkabiLab_population_analysis\data\archive\浜松市\町字別・年齢別人口表\2025-12-14T192110+0900\再編後\天竜区\4月\jinkousu_areaage_r06-04-01_tenryuku.xlsx,https://www.city.hamamatsu.shizuoka.jp/documents/93655/jinkousu_areaage_r06-04-01_tenryuku.xlsx,2025-12-14T19:21:22.516952+09:00,200,869666,"Wed, 23 Apr 2025 03:02:41 GMT","""d4522-6336955a80d61""",application/vnd.openxmlformats-officedocument.spreadsheetml.sheet,5321e92c15b78e7e50f109c4176c7430fbf0f2a21baea4e4b5346c9e35242f49,downloaded
2025-12-14T192110+0900,after,再編後,天竜区,10月,jinkousu_areaage_r06-10-01_tenryuku.xlsx,c:\Users\pirat\Documents\MikkabiLab_population_analysis\data\archive\浜松市\町字別・年齢別人口表\2025-12-14T192110+0900\再編後\天竜区\10月\jinkousu_areaage_r06-10-01_tenryuku.xlsx,https://www.city.hamamatsu.shizuoka.jp/documents/93655/jinkousu_areaage_r06-10-01_tenryuku.xlsx,2025-12-14T19:21:23.356163+09:00,200,647728,"Wed, 23 Apr 2025 03:02:42 GMT","""9e230-6336955aaa18a""",application/vnd.openxmlformats-officedocument.spreadsheetml.sheet,45fff883b05419f414b6e9a8964822a7f1c61ad7912c62b5e632c4b81b696abf,downloaded
2025-12-14T192110+0900,before,再編前,浜松市,4月,jinkousu_areaage_r05-04-01_hamamatsushi.xls,c:\Users\pirat\Documents\MikkabiLab_population_analysis\data\archive\浜松市\町字別・年齢別人口表\2025-12-14T192110+0900\再編前\浜松市\4月\jinkousu_areaage_r05-04-01_hamamatsushi.xls,https://www.city.hamamatsu.shizuoka.jp/documents/93655/jinkousu_areaage_r05-04-01_hamamatsushi.xls,2025-12-14T19:21:23.842995+09:00,200,62464,"Tue, 30 Apr 2024 03:02:31 GMT","""f400-6174799d33d27""",application/vnd.ms-excel,5fe1e5801a60ade89a9855c20d1d7fa8eb878477658601caa8848c068386bfcb,downloaded
2025-12-14T192110+0900,before,再編前,浜松市,10月,jinkousu_areaage_r05-10-01_hamamatsushi.xls,c:\Users\pirat\Documents\MikkabiLab_population_analysis\data\archive\浜松市\町字別・年齢別人口表\2025-12-14T192110+0900\再編前\浜松市\10月\jinkousu_areaage_r05-10-01_hamamatsushi.xls,https://www.city.hamamatsu.shizuoka.jp/documents/93655/jinkousu_areaage_r05-10-01_hamamatsushi.xls,2025-12-14T19:21:24.056657+09:00,200,50688,"Tue, 30 Apr 2024 03:02:31 GMT","""c600-6174799d7bd81""",application/vnd.ms-excel,43e6b36a1426207e2a36bcc407abb494f0ba4fa7d46409f2996642e02523295c,downloaded
2025-12-14T192110+0900,before,再編前,中区,4月,jinkousu_areaage_r05-04-01_nakaku.xls,c:\Users\pirat\Documents\MikkabiLab_population_analysis\data\archive\浜松市\町字別・年齢別人口表\2025-12-14T192110+0900\再編前\中区\4月\jinkousu_areaage_r05-04-01_nakaku.xls,https://www.city.hamamatsu.shizuoka.jp/documents/93655/jinkousu_areaage_r05-04-01_nakaku.xls,2025-12-14T19:21:24.259592+09:00,200,1459712,"Tue, 30 Apr 2024 03:02:31 GMT","""164600-6174799dd283b""",application/vnd.ms-excel,0cd5009c665e81b9695b050e9e14cd28ae40ee755435dda7ad3665689d461d40,downloaded
2025-12-14T192110+0900,before,再編前,中区,10月,jinkousu_areaage_r05-10-01_nakaku.xls,c:\Users\pirat\Documents\MikkabiLab_population_analysis\data\archive\浜松市\町字別・年齢別人口表\2025-12-14T192110+0900\再編前\中区\10月\jinkousu_areaage_r05-10-01_nakaku.xls,https://www.city.hamamatsu.shizuoka.jp/documents/93655/jinkousu_areaage_r05-10-01_nakaku.xls,2025-12-14T19:21:25.114876+09:00,200,1392128,"Tue, 30 Apr 2024 03:02:32 GMT","""153e00-6174799e18d3d""",application/vnd.ms-excel,4e046f2f3a20745e80523652a0e138ca4c8ee333fc99caf0293d648d6406aec6,downloaded
2025-12-14T192110+0900,before,再編前,東区,4月,jinkousu_areaage_r05-04-01_higashiku.xls,c:\Users\pirat\Documents\MikkabiLab_population_analysis\data\archive\浜松市\町字別・年齢別人口表\2025-12-14T192110+0900\再編前\東区\4月\jinkousu_areaage_r05-04-01_higashiku.xls,https://www.city.hamamatsu.shizuoka.jp/documents/93655/jinkousu_areaage_r05-04-01_higashiku.xls,2025-12-14T19:21:26.088102+09:00,200,661504,"Tue, 30 Apr 2024 03:02:32 GMT","""a1800-6174799e57926""",application/vnd.ms-excel,18b3cc329f665b6334e04a86bac5e14578292290c865dfb85987c5ace2ef4442,downloaded
2025-12-14T192110+0900,before,再編前,東区,10月,jinkousu_areaage_r05-10-01_higashiku.xls,c:\Users\pirat\Documents\MikkabiLab_population_analysis\data\archive\浜松市\町字別・年齢別人口表\2025-12-14T192110+0900\再編前\東区\10月\jinkousu_areaage_r05-10-01_higashiku.xls,https://www.city.hamamatsu.shizuoka.jp/documents/93655/jinkousu_areaage_r05-10-01_higashiku.xls,2025-12-14T19:21:26.648682+09:00,200,646656,"Tue, 30 Apr 2024 03:02:32 GMT","""9de00-6174799e90368""",application/vnd.ms-excel,4932051278bbf6acd14ba14b3c046aabbdccff22027fe46c9b334849f8a18173,downloaded
2025-12-14T192110+0900,before,再編前,西区,4月,jinkousu_areaage_r05-04-01_nishiku.xls,c:\Users\pirat\Documents\MikkabiLab_population_analysis\data\archive\浜松市\町字別・年齢別人口表\2025-12-14T192110+0900\再編前\西区\4月\jinkousu_areaage_r05-04-01_nishiku.xls,https://www.city.hamamatsu.shizuoka.jp/documents/93655/jinkousu_areaage_r05-04-01_nishiku.xls,2025-12-14T19:21:27.170690+09:00,200,807936,"Tue, 30 Apr 2024 03:02:32 GMT","""c5400-6174799eceb69""",application/vnd.ms-excel,fdfcdea9d7ef756f88ff935e90fbc970a140ac862b56b96fb4aef243ddce6b80,downloaded
2025-12-14T192110+0900,before,再編前,西区,10月,jinkousu_areaage_r05-10-01_nishiku.xls,c:\Users\pirat\Documents\MikkabiLab_population_analysis\data\archive\浜松市\町字別・年齢別人口表\2025-12-14T192110+0900\再編前\西区\10月\jinkousu_areaage_r05-10-01_nishiku.xls,https://www.city.hamamatsu.shizuoka.jp/documents/93655/jinkousu_areaage_r05-10-01_nishiku.xls,2025-12-14T19:21:27.745352+09:00,200,591360,"Tue, 30 Apr 2024 03:02:33 GMT","""90600-6174799f0a873""",application/vnd.ms-excel,271387d8fbf694f611a28ebaae32ff633c345362ea8f069ad63c37a2dd8610c5,downloaded
2025-12-14T192110+0900,before,再編前,南区,4月,jinkousu_areaage_r05-04-01_minamiku.xls,c:\Users\pirat\Documents\MikkabiLab_population_analysis\data\archive\浜松市\町字別・年齢別人口表\2025-12-14T192110+0900\再編前\南区\4月\jinkousu_areaage_r05-04-01_minamiku.xls,https://www.city.hamamatsu.shizuoka.jp/documents/93655/jinkousu_areaage_r05-04-01_minamiku.xls,2025-12-14T19:21:28.212988+09:00,200,510464,"Tue, 30 Apr 2024 03:02:33 GMT","""7ca00-6174799f47134""",application/vnd.ms-excel,1a61148036d9df5faa8141e7ecdec5f81917b1f392a5334e8f843fd87eeac5a2,downloaded
2025-12-14T192110+0900,before,再編前,南区,10月,jinkousu_areaage_r05-10-01_minamiku.xls,c:\Users\pirat\Documents\MikkabiLab_population_analysis\data\archive\浜松市\町字別・年齢別人口表\2025-12-14T192110+0900\再編前\南区\10月\jinkousu_areaage_r05-10-01_minamiku.xls,https://www.city.hamamatsu.shizuoka.jp/documents/93655/jinkousu_areaage_r05-10-01_minamiku.xls,2025-12-14T19:21:28.675353+09:00,200,467968,"Tue, 30 Apr 2024 03:02:33 GMT","""72400-6174799f73826""",application/vnd.ms-excel,124a907aac44ba8446d32247e4c7e278a6fe5a3c29edee338f72c2d77553991c,downloaded
2025-12-14T192110+0900,before,再編前,北区,4月,jinkousu_areaage_r05-04-01_kitaku.xls,c:\Users\pirat\Documents\MikkabiLab_population_analysis\data\archive\浜松市\町字別・年齢別人口表\2025-12-14T192110+0900\再編前\北区\4月\jinkousu_areaage_r05-04-01_kitaku.xls,https://www.city.hamamatsu.shizuoka.jp/documents/93655/jinkousu_areaage_r05-04-01_kitaku.xls,2025-12-14T19:21:29.118877+09:00,200,694272,"Tue, 30 Apr 2024 03:02:33 GMT","""a9800-6174799fb5ea7""",application/vnd.ms-excel,b4900031df28d79b78e10658acd295309ba01a86e9daeceacd692d0dff8f0b2a,downloaded
2025-12-14T192110+0900,before,再編前,北区,10月,jinkousu_areaage_r05-10-01_kitaku.xls,c:\Users\pirat\Documents\MikkabiLab_population_analysis\data\archive\浜松市\町字別・年齢別人口表\2025-12-14T192110+0900\再編前\北区\10月\jinkousu_areaage_r05-10-01_kitaku.xls,https://www.city.hamamatsu.shizuoka.jp/documents/93655/jinkousu_areaage_r05-10-01_kitaku.xls,2025-12-14T19:21:29.691873+09:00,200,633856,"Tue, 30 Apr 2024 03:02:33 GMT","""9ac00-6174799feae51""",application/vnd.ms-excel,0022b664598af0d87676ac18e734296467892b48027433be160151eebdb7822b,downloaded
2025-12-14T192110+0900,before,再編前,浜北区,4月,jinkousu_areaage_r05-04-01_hamakitaku.xls,c:\Users\pirat\Documents\MikkabiLab_population_analysis\data\archive\浜松市\町字別・年齢別人口表\2025-12-14T192110+0900\再編前\浜北区\4月\jinkousu_areaage_r05-04-01_hamakitaku.xls,https://www.city.hamamatsu.shizuoka.jp/documents/93655/jinkousu_areaage_r05-04-01_hamakitaku.xls,2025-12-14T19:21:30.185467+09:00,200,467456,"Tue, 30 Apr 2024 03:02:34 GMT","""72200-617479a0234aa""",application/vnd.ms-excel,4acca06a656dadf8d5690c61e5052c2065c94b8488f88d493693cb8d1537c85f,downloaded
2025-12-14T192110+0900,before,再編前,浜北区,10月,jinkousu_areaage_r05-10-01_hamakitaku.xls,c:\Users\pirat\Documents\MikkabiLab_population_analysis\data\archive\浜松市\町字別・年齢別人口表\2025-12-14T192110+0900\再編前\浜北区\10月\jinkousu_areaage_r05-10-01_hamakitaku.xls,https://www.city.hamamatsu.shizuoka.jp/documents/93655/jinkousu_areaage_r05-10-01_hamakitaku.xls,2025-12-14T19:21:30.602352+09:00,200,428544,"Tue, 30 Apr 2024 03:02:34 GMT","""68a00-617479a05da43""",application/vnd.ms-excel,58206c52b28288a01696c8270f06fb51ff81741dbe5feef91771f3be631a9c49,downloaded
2025-12-14T192110+0900,before,再編前,天竜区,4月,jinkousu_areaage_r05-04-01_tenryuku.xls,c:\Users\pirat\Documents\MikkabiLab_population_analysis\data\archive\浜松市\町字別・年齢別人口表\2025-12-14T192110+0900\再編前\天竜区\4月\jinkousu_areaage_r05-04-01_tenryuku.xls,https://www.city.hamamatsu.shizuoka.jp/documents/93655/jinkousu_areaage_r05-04-01_tenryuku.xls,2025-12-14T19:21:31.055824+09:00,200,1353216,"Tue, 30 Apr 2024 03:02:34 GMT","""14a600-617479a0b6ff6""",application/vnd.ms-excel,9e560e2db9a0826880c7fed5690b4a2535df22017193b04d042aa05ee80fb30b,downloaded
2025-12-14T192110+0900,before,再編前,天竜区,10月,jinkousu_areaage_r05-10-01_tenryuku.xls,c:\Users\pirat\Documents\MikkabiLab_population_analysis\data\archive\浜松市\町字別・年齢別人口表\2025-12-14T192110+0900\再編前\天竜区\10月\jinkousu_areaage_r05-10-01_tenryuku.xls,https://www.city.hamamatsu.shizuoka.jp/documents/93655/jinkousu_areaage_r05-10-01_tenryuku.xls,2025-12-14T19:21:31.857366+09:00,200,1304576,"Tue, 30 Apr 2024 03:02:35 GMT","""13e800-617479a0f6797""",application/vnd.ms-excel,5b4f22e6c9ef849328a2109b35f205ff6f74eeb6d0f6aba0f3780b05cf1bf393,downloaded
2025-12-14T192110+0900,before,再編前,浜松市,4月,jinkousu_areaage_r04-04-01_hamamatsushi.xls,c:\Users\pirat\Documents\MikkabiLab_population_analysis\data\archive\浜松市\町字別・年齢別人口表\2025-12-14T192110+0900\再編前\浜松市\4月\jinkousu_areaage_r04-04-01_hamamatsushi.xls,https://www.city.hamamatsu.shizuoka.jp/documents/93655/jinkousu_areaage_r04-04-01_hamamatsushi.xls,2025-12-14T19:21:32.704993+09:00,200,50688,"Fri, 28 Apr 2023 09:01:46 GMT","""c600-5fa61b9095cc5""",application/vnd.ms-excel,c92bf8a4d5697880f28b6a5c2c9de5d26b543f83be992eca7b6ba93bc89d144e,downloaded
2025-12-14T192110+0900,before,再編前,浜松市,10月,jinkousu_areaage_r04-10-01_hamamatsushi.xls,c:\Users\pirat\Documents\MikkabiLab_population_analysis\data\archive\浜松市\町字別・年齢別人口表\2025-12-14T192110+0900\再編前\浜松市\10月\jinkousu_areaage_r04-10-01_hamamatsushi.xls,https://www.city.hamamatsu.shizuoka.jp/documents/93655/jinkousu_areaage_r04-10-01_hamamatsushi.xls,2025-12-14T19:21:32.909978+09:00,200,62464,"Fri, 28 Apr 2023 09:01:46 GMT","""f400-5fa61b90ceaef""",application/vnd.ms-excel,c607565a42c827068078e01174e98c0f5399dbf38432c6bafa8153929a1cf777,downloaded
2025-12-14T192110+0900,before,再編前,中区,4月,jinkousu_areaage_r04-04-01_nakaku.xls,c:\Users\pirat\Documents\MikkabiLab_population_analysis\data\archive\浜松市\町字別・年齢別人口表\2025-12-14T192110+0900\再編前\中区\4月\jinkousu_areaage_r04-04-01_nakaku.xls,https://www.city.hamamatsu.shizuoka.jp/documents/93655/jinkousu_areaage_r04-04-01_nakaku.xls,2025-12-14T19:21:33.119204+09:00,200,1456128,"Fri, 28 Apr 2023 09:01:47 GMT","""163800-5fa61b910dac0""",application/vnd.ms-excel,b67265e7377a2bbdc1888639cf75cf447292cbe2d81bb8b36cca76cbe99d2427,downloaded
2025-12-14T192110+0900,before,再編前,中区,10月,jinkousu_areaage_r04-10-01_nakaku.xls,c:\Users\pirat\Documents\MikkabiLab_population_analysis\data\archive\浜松市\町字別・年齢別人口表\2025-12-14T192110+0900\再編前\中区\10月\jinkousu_areaage_r04-10-01_nakaku.xls,https://www.city.hamamatsu.shizuoka.jp/documents/93655/jinkousu_areaage_r04-10-01_nakaku.xls,2025-12-14T19:21:33.978287+09:00,200,1534464,"Fri, 28 Apr 2023 09:01:47 GMT","""176a00-5fa61b91449a9""",application/vnd.ms-excel,86f7553db492235f50e32498cab7ba9ff797f292f4bd48cf3418a27a9dc66d4a,downloaded
2025-12-14T192110+0900,before,再編前,東区,4月,jinkousu_areaage_r04-04-01_higashiku.xls,c:\Users\pirat\Documents\MikkabiLab_population_analysis\data\archive\浜松市\町字別・年齢別人口表\2025-12-14T192110+0900\再編前\東区\4月\jinkousu_areaage_r04-04-01_higashiku.xls,https://www.city.hamamatsu.shizuoka.jp/documents/93655/jinkousu_areaage_r04-04-01_higashiku.xls,2025-12-14T19:21:34.867782+09:00,200,675328,"Fri, 28 Apr 2023 09:01:47 GMT","""a4e00-5fa61b9183592""",application/vnd.ms-excel,0e95b31e5cec3afa00728f6f5bd0825ac294564db79d768d8dbfdcd55e1bcc77,downloaded
2025-12-14T192110+0900,before,再編前,東区,10月,jinkousu_areaage_r04-10-01_higashiku.xls,c:\Users\pirat\Documents\MikkabiLab_population_analysis\data\archive\浜松市\町字別・年齢別人口表\2025-12-14T192110+0900\再編前\東区\10月\jinkousu_areaage_r04-10-01_higashiku.xls,https://www.city.hamamatsu.shizuoka.jp/documents/93655/jinkousu_areaage_r04-10-01_higashiku.xls,2025-12-14T19:21:35.747881+09:00,200,675840,"Fri, 28 Apr 2023 09:01:47 GMT","""a5000-5fa61b91aece3""",application/vnd.ms-excel,a8ca023f63dbde44c1354da927831e0fcbc911c953420bd844edc1cd76377896,downloaded
2025-12-14T192110+0900,before,再編前,西区,4月,jinkousu_areaage_r04-04-01_nishiku.xls,c:\Users\pirat\Documents\MikkabiLab_population_analysis\data\archive\浜松市\町字別・年齢別人口表\2025-12-14T192110+0900\再編前\西区\4月\jinkousu_areaage_r04-04-01_nishiku.xls,https://www.city.hamamatsu.shizuoka.jp/documents/93655/jinkousu_areaage_r04-04-01_nishiku.xls,2025-12-14T19:21:36.294072+09:00,200,590336,"Fri, 28 Apr 2023 09:01:48 GMT","""90200-5fa61b91ec92c""",application/vnd.ms-excel,13b6156db22650c96ca08fc43ca7c21cd88f3203d9f06ef650aa5b001f8ead59,downloaded
2025-12-14T192110+0900,before,再編前,西区,10月,jinkousu_areaage_r04-10-01_nishiku.xls,c:\Users\pirat\Documents\MikkabiLab_population_analysis\data\archive\浜松市\町字別・年齢別人口表\2025-12-14T192110+0900\再編前\西区\10月\jinkousu_areaage_r04-10-01_nishiku.xls,https://www.city.hamamatsu.shizuoka.jp/documents/93655/jinkousu_areaage_r04-10-01_nishiku.xls,2025-12-14T19:21:36.744951+09:00,200,592896,"Fri, 28 Apr 2023 09:01:48 GMT","""90c00-5fa61b9220165""",application/vnd.ms-excel,56aced9c034f121e8f2688449817dfe00460d426ab351bfc67b29ed8981186ca,downloaded
2025-12-14T192110+0900,before,再編前,南区,4月,jinkousu_areaage_r04-04-01_minamiku.xls,c:\Users\pirat\Documents\MikkabiLab_population_analysis\data\archive\浜松市\町字別・年齢別人口表\2025-12-14T192110+0900\再編前\南区\4月\jinkousu_areaage_r04-04-01_minamiku.xls,https://www.city.hamamatsu.shizuoka.jp/documents/93655/jinkousu_areaage_r04-04-01_minamiku.xls,2025-12-14T19:21:37.502761+09:00,200,476160,"Fri, 28 Apr 2023 09:01:48 GMT","""74400-5fa61b9254d26""",application/vnd.ms-excel,c1af26002df1947bd42f5a904de4dfdd219c424a67349b2f2679b27479078f0a,downloaded
2025-12-14T192110+0900,before,再編前,南区,10月,jinkousu_areaage_r04-10-01_minamiku.xls,c:\Users\pirat\Documents\MikkabiLab_population_analysis\data\archive\浜松市\町字別・年齢別人口表\2025-12-14T192110+0900\再編前\南区\10月\jinkousu_areaage_r04-10-01_minamiku.xls,https://www.city.hamamatsu.shizuoka.jp/documents/93655/jinkousu_areaage_r04-10-01_minamiku.xls,2025-12-14T19:21:38.513343+09:00,200,556544,"Fri, 28 Apr 2023 09:01:48 GMT","""87e00-5fa61b92871d6""",application/vnd.ms-excel,df9325e1773cd2cabca0b7f697dbaf185d80d0b9792ef741093437ac022a7175,downloaded
2025-12-14T192110+0900,before,再編前,北区,4月,jinkousu_areaage_r04-04-01_kitaku.xls,c:\Users\pirat\Documents\MikkabiLab_population_analysis\data\archive\浜松市\町字別・年齢別人口表\2025-12-14T192110+0900\再編前\北区\4月\jinkousu_areaage_r04-04-01_kitaku.xls,https://www.city.hamamatsu.shizuoka.jp/documents/93655/jinkousu_areaage_r04-04-01_kitaku.xls,2025-12-14T19:21:38.986740+09:00,200,633856,"Fri, 28 Apr 2023 09:01:49 GMT","""9ac00-5fa61b92c6977""",application/vnd.ms-excel,cf3068842ef724572aabb9114c564c93ee537b44349ce567a68c8af00a1bd919,downloaded
2025-12-14T192110+0900,before,再編前,北区,10月,jinkousu_areaage_r04-10-01_kitaku.xls,c:\Users\pirat\Documents\MikkabiLab_population_analysis\data\archive\浜松市\町字別・年齢別人口表\2025-12-14T192110+0900\再編前\北区\10月\jinkousu_areaage_r04-10-01_kitaku.xls,https://www.city.hamamatsu.shizuoka.jp/documents/93655/jinkousu_areaage_r04-10-01_kitaku.xls,2025-12-14T19:21:39.930079+09:00,200,693760,"Fri, 28 Apr 2023 09:01:49 GMT","""a9600-5fa61b92fa1b0""",application/vnd.ms-excel,0bbbee4ef310b0a1cde1401debdc5eb949a6b755f5add7e55e75c15e611cd575,downloaded
2025-12-14T192110+0900,before,再編前,浜北区,4月,jinkousu_areaage_r04-04-01_hamakitaku.xls,c:\Users\pirat\Documents\MikkabiLab_population_analysis\data\archive\浜松市\町字別・年齢別人口表\2025-12-14T192110+0900\再編前\浜北区\4月\jinkousu_areaage_r04-04-01_hamakitaku.xls,https://www.city.hamamatsu.shizuoka.jp/documents/93655/jinkousu_areaage_r04-04-01_hamakitaku.xls,2025-12-14T19:21:40.685540+09:00,200,432128,"Fri, 28 Apr 2023 09:01:49 GMT","""69800-5fa61b932aef0""",application/vnd.ms-excel,3c020b5fac4e25265fac9cab876e71545557a3511416551fb27e18f79b0f03b4,downloaded
2025-12-14T192110+0900,before,再編前,浜北区,10月,jinkousu_areaage_r04-10-01_hamakitaku.xls,c:\Users\pirat\Documents\MikkabiLab_population_analysis\data\archive\浜松市\町字別・年齢別人口表\2025-12-14T192110+0900\再編前\浜北区\10月\jinkousu_areaage_r04-10-01_hamakitaku.xls,https://www.city.hamamatsu.shizuoka.jp/documents/93655/jinkousu_areaage_r04-10-01_hamakitaku.xls,2025-12-14T19:21:41.105036+09:00,200,464384,"Fri, 28 Apr 2023 09:01:49 GMT","""71600-5fa61b9353379""",application/vnd.ms-excel,43b2be4927e2d1ed0d073e7782e23500142ff033eb6fa33b3ebf7a164d4fc181,downloaded
2025-12-14T192110+0900,before,再編前,天竜区,4月,jinkousu_areaage_r04-04-01_tenryuku.xls,c:\Users\pirat\Documents\MikkabiLab_population_analysis\data\archive\浜松市\町字別・年齢別人口表\2025-12-14T192110+0900\再編前\天竜区\4月\jinkousu_areaage_r04-04-01_tenryuku.xls,https://www.city.hamamatsu.shizuoka.jp/documents/93655/jinkousu_areaage_r04-04-01_tenryuku.xls,2025-12-14T19:21:41.511287+09:00,200,1316352,"Fri, 28 Apr 2023 09:01:49 GMT","""141600-5fa61b93892c2""",application/vnd.ms-excel,aa6d5fe60a7b0fb14fabeaa19d0ac69be743f7706210b3de6a4f4e1c6e3ba867,downloaded
2025-12-14T192110+0900,before,再編前,天竜区,10月,jinkousu_areaage_r04-10-01_tenryuku.xls,c:\Users\pirat\Documents\MikkabiLab_population_analysis\data\archive\浜松市\町字別・年齢別人口表\2025-12-14T192110+0900\再編前\天竜区\10月\jinkousu_areaage_r04-10-01_tenryuku.xls,https://www.city.hamamatsu.shizuoka.jp/documents/93655/jinkousu_areaage_r04-10-01_tenryuku.xls,2025-12-14T19:21:42.296950+09:00,200,1336832,"Fri, 28 Apr 2023 09:01:50 GMT","""146600-5fa61b93c8a62""",application/vnd.ms-excel,c71ea8465c7084e0fba76a87b7a6b2e78ffbf0ac93c753e6c581d1f787808a27,downloaded
2025-12-14T192110+0900,before,再編前,浜松市,4月,jinkousu_areaage_r03-4-01_hamamatsushi.xls,c:\Users\pirat\Documents\MikkabiLab_population_analysis\data\archive\浜松市\町字別・年齢別人口表\2025-12-14T192110+0900\再編前\浜松市\4月\jinkousu_areaage_r03-4-01_hamamatsushi.xls,https://www.city.hamamatsu.shizuoka.jp/documents/93655/jinkousu_areaage_r03-4-01_hamamatsushi.xls,2025-12-14T19:21:43.086442+09:00,200,59904,"Thu, 28 Apr 2022 03:02:58 GMT","""ea00-5ddae29c35791""",application/vnd.ms-excel,d833ec6b483a78c963d3ccf5dadf2a5972d583f7246de5f4d71841824371efe2,downloaded
2025-12-14T192110+0900,before,再編前,浜松市,10月,jinkousu_areaage_r03-10-01_hamamatsushi.xls,c:\Users\pirat\Documents\MikkabiLab_population_analysis\data\archive\浜松市\町字別・年齢別人口表\2025-12-14T192110+0900\再編前\浜松市\10月\jinkousu_areaage_r03-10-01_hamamatsushi.xls,https://www.city.hamamatsu.shizuoka.jp/documents/93655/jinkousu_areaage_r03-10-01_hamamatsushi.xls,2025-12-14T19:21:43.298444+09:00,200,60416,"Thu, 28 Apr 2022 03:02:58 GMT","""ec00-5ddae29c6e1d1""",application/vnd.ms-excel,344a142b35e69b66ccfee60632cc29e7b9ba3c725b43d380bf3f231b2ea2f0d7,downloaded
2025-12-14T192110+0900,before,再編前,中区,4月,jinkousu_areaage_r03-4-01_nakaku.xls,c:\Users\pirat\Documents\MikkabiLab_population_analysis\data\archive\浜松市\町字別・年齢別人口表\2025-12-14T192110+0900\再編前\中区\4月\jinkousu_areaage_r03-4-01_nakaku.xls,https://www.city.hamamatsu.shizuoka.jp/documents/93655/jinkousu_areaage_r03-4-01_nakaku.xls,2025-12-14T19:21:43.505193+09:00,200,1522688,"Thu, 28 Apr 2022 03:02:58 GMT","""173c00-5ddae29cac9d1""",application/vnd.ms-excel,b10d922fca2947492b30cbaa5a9403914164440aa8fe81c8da3467e1d9589463,downloaded
2025-12-14T192110+0900,before,再編前,中区,10月,jinkousu_areaage_r03-10-01_nakaku.xls,c:\Users\pirat\Documents\MikkabiLab_population_analysis\data\archive\浜松市\町字別・年齢別人口表\2025-12-14T192110+0900\再編前\中区\10月\jinkousu_areaage_r03-10-01_nakaku.xls,https://www.city.hamamatsu.shizuoka.jp/documents/93655/jinkousu_areaage_r03-10-01_nakaku.xls,2025-12-14T19:21:44.474505+09:00,200,1474048,"Thu, 28 Apr 2022 03:02:58 GMT","""167e00-5ddae29cdd329""",application/vnd.ms-excel,903ca47c2659b3c9e192f58e7a10788f592a2eae47d222bc2f05d0bb917c5f83,downloaded
2025-12-14T192110+0900,before,再編前,東区,4月,jinkousu_areaage_r03-4-01_higashiku.xls,c:\Users\pirat\Documents\MikkabiLab_population_analysis\data\archive\浜松市\町字別・年齢別人口表\2025-12-14T192110+0900\再編前\東区\4月\jinkousu_areaage_r03-4-01_higashiku.xls,https://www.city.hamamatsu.shizuoka.jp/documents/93655/jinkousu_areaage_r03-4-01_higashiku.xls,2025-12-14T19:21:45.436610+09:00,200,686080,"Thu, 28 Apr 2022 03:02:59 GMT","""a7800-5ddae29d1c6e2""",application/vnd.ms-excel,8542f70295d86a3a272a2367264dd5a67a57a27ef6abee15c3f42467ce53f17e,downloaded
2025-12-14T192110+0900,before,再編前,東区,10月,jinkousu_areaage_r03-10-01_higashiku.xls,c:\Users\pirat\Documents\MikkabiLab_population_analysis\data\archive\浜松市\町字別・年齢別人口表\2025-12-14T192110+0900\再編前\東区\10月\jinkousu_areaage_r03-10-01_higashiku.xls,https://www.city.hamamatsu.shizuoka.jp/documents/93655/jinkousu_areaage_r03-10-01_higashiku.xls,2025-12-14T19:21:46.044978+09:00,200,670720,"Thu, 28 Apr 2022 03:02:59 GMT","""a3c00-5ddae29d52242""",application/vnd.ms-excel,28b2ae03e4ba57fb18a62459676eae2e303bfcae9a96cc30022d5ba262e6ac60,downloaded
2025-12-14T192110+0900,before,再編前,西区,4月,jinkousu_areaage_r03-4-01_nishiku.xls,c:\Users\pirat\Documents\MikkabiLab_population_analysis\data\archive\浜松市\町字別・年齢別人口表\2025-12-14T192110+0900\再編前\西区\4月\jinkousu_areaage_r03-4-01_nishiku.xls,https://www.city.hamamatsu.shizuoka.jp/documents/93655/jinkousu_areaage_r03-4-01_nishiku.xls,2025-12-14T19:21:46.937604+09:00,200,591360,"Thu, 28 Apr 2022 03:02:59 GMT","""90600-5ddae29d919e2""",application/vnd.ms-excel,bfe3b5d910e2dd6c39b36e2983af57c9d32403650a647d2eeb0ccdf979b31552,downloaded
2025-12-14T192110+0900,before,再編前,西区,10月,jinkousu_areaage_r03-10-01_nishiku.xls,c:\Users\pirat\Documents\MikkabiLab_population_analysis\data\archive\浜松市\町字別・年齢別人口表\2025-12-14T192110+0900\再編前\西区\10月\jinkousu_areaage_r03-10-01_nishiku.xls,https://www.city.hamamatsu.shizuoka.jp/documents/93655/jinkousu_areaage_r03-10-01_nishiku.xls,2025-12-14T19:21:47.720832+09:00,200,613888,"Thu, 28 Apr 2022 03:02:59 GMT","""95e00-5ddae29dc3aaa""",application/vnd.ms-excel,2e167d7f73f5e93899425407d9f16350509ee15ea7f75e5dcdbd2f10fa245492,downloaded
2025-12-14T192110+0900,before,再編前,南区,4月,jinkousu_areaage_r03-4-01_minamiku.xls,c:\Users\pirat\Documents\MikkabiLab_population_analysis\data\archive\浜松市\町字別・年齢別人口表\2025-12-14T192110+0900\再編前\南区\4月\jinkousu_areaage_r03-4-01_minamiku.xls,https://www.city.hamamatsu.shizuoka.jp/documents/93655/jinkousu_areaage_r03-4-01_minamiku.xls,2025-12-14T19:21:48.551890+09:00,200,485888,"Thu, 28 Apr 2022 03:03:00 GMT","""76a00-5ddae29dfb163""",application/vnd.ms-excel,400c0d4791054d91a2a661bd1f941d4193289e27205519cbb3f2183f59abc3c7,downloaded
2025-12-14T192110+0900,before,再編前,南区,10月,jinkousu_areaage_r03-10-01_minamiku.xls,c:\Users\pirat\Documents\MikkabiLab_population_analysis\data\archive\浜松市\町字別・年齢別人口表\2025-12-14T192110+0900\再編前\南区\10月\jinkousu_areaage_r03-10-01_minamiku.xls,https://www.city.hamamatsu.shizuoka.jp/documents/93655/jinkousu_areaage_r03-10-01_minamiku.xls,2025-12-14T19:21:48.982559+09:00,200,488448,"Thu, 28 Apr 2022 03:03:00 GMT","""77400-5ddae29e2e5b3""",application/vnd.ms-excel,d2b7744a9e4931c20e8740d4fed618a678b5c4e7b07b6ee0b95c21d9813fec74,downloaded
2025-12-14T192110+0900,before,再編前,北区,4月,jinkousu_areaage_r03-4-01_kitaku.xls,c:\Users\pirat\Documents\MikkabiLab_population_analysis\data\archive\浜松市\町字別・年齢別人口表\2025-12-14T192110+0900\再編前\北区\4月\jinkousu_areaage_r03-4-01_kitaku.xls,https://www.city.hamamatsu.shizuoka.jp/documents/93655/jinkousu_areaage_r03-4-01_kitaku.xls,2025-12-14T19:21:49.419153+09:00,200,662528,"Thu, 28 Apr 2022 03:03:00 GMT","""a1c00-5ddae29e5720b""",application/vnd.ms-excel,9e1a6a2c036bca4b241649e942cd47760ec038b25de7cc8e39d25b64947b5435,downloaded
2025-12-14T192110+0900,before,再編前,北区,10月,jinkousu_areaage_r03-10-01_kitaku.xls,c:\Users\pirat\Documents\MikkabiLab_population_analysis\data\archive\浜松市\町字別・年齢別人口表\2025-12-14T192110+0900\再編前\北区\10月\jinkousu_areaage_r03-10-01_kitaku.xls,https://www.city.hamamatsu.shizuoka.jp/documents/93655/jinkousu_areaage_r03-10-01_kitaku.xls,2025-12-14T19:21:49.946236+09:00,200,777728,"Thu, 28 Apr 2022 03:03:00 GMT","""bde00-5ddae29e8a273""",application/vnd.ms-excel,96a94cd6dd5e8f4d53205b379d8130bb833024d3de820cadfef829ad0548933b,downloaded
2025-12-14T192110+0900,before,再編前,浜北区,4月,jinkousu_areaage_r03-4-01_hamakitaku.xls,c:\Users\pirat\Documents\MikkabiLab_population_analysis\data\archive\浜松市\町字別・年齢別人口表\2025-12-14T192110+0900\再編前\浜北区\4月\jinkousu_areaage_r03-4-01_hamakitaku.xls,https://www.city.hamamatsu.shizuoka.jp/documents/93655/jinkousu_areaage_r03-4-01_hamakitaku.xls,2025-12-14T19:21:50.536664+09:00,200,452096,"Thu, 28 Apr 2022 03:03:00 GMT","""6e600-5ddae29eb26fb""",application/vnd.ms-excel,621134986ba10a5446cca65755135a2cd59f935f187c84577f62eb86e5cc474c,downloaded
2025-12-14T192110+0900,before,再編前,浜北区,10月,jinkousu_areaage_r03-10-01_hamakitaku.xls,c:\Users\pirat\Documents\MikkabiLab_population_analysis\data\archive\浜松市\町字別・年齢別人口表\2025-12-14T192110+0900\再編前\浜北区\10月\jinkousu_areaage_r03-10-01_hamakitaku.xls,https://www.city.hamamatsu.shizuoka.jp/documents/93655/jinkousu_areaage_r03-10-01_hamakitaku.xls,2025-12-14T19:21:50.953798+09:00,200,431104,"Thu, 28 Apr 2022 03:03:01 GMT","""69400-5ddae29edab84""",application/vnd.ms-excel,3899b03f9dcb3af159104754f80873bf9cfc2a691cac4d2252861f6b8e3372b5,downloaded
2025-12-14T192110+0900,before,再編前,天竜区,4月,jinkousu_areaage_r03-4-01_tenryuku.xls,c:\Users\pirat\Documents\MikkabiLab_population_analysis\data\archive\浜松市\町字別・年齢別人口表\2025-12-14T192110+0900\再編前\天竜区\4月\jinkousu_areaage_r03-4-01_tenryuku.xls,https://www.city.hamamatsu.shizuoka.jp/documents/93655/jinkousu_areaage_r03-4-01_tenryuku.xls,2025-12-14T19:21:51.382395+09:00,200,1325056,"Thu, 28 Apr 2022 03:03:01 GMT","""143800-5ddae29f0765c""",application/vnd.ms-excel,afda3464647ca8e2f1044b6b2b6d9c5fb3727dc0136937fd642702b32b617ebd,downloaded
2025-12-14T192110+0900,before,再編前,天竜区,10月,jinkousu_areaage_r03-10-01_tenryuku.xls,c:\Users\pirat\Documents\MikkabiLab_population_analysis\data\archive\浜松市\町字別・年齢別人口表\2025-12-14T192110+0900\再編前\天竜区\10月\jinkousu_areaage_r03-10-01_tenryuku.xls,https://www.city.hamamatsu.shizuoka.jp/documents/93655/jinkousu_areaage_r03-10-01_tenryuku.xls,2025-12-14T19:21:52.188354+09:00,200,1488384,"Thu, 28 Apr 2022 03:03:01 GMT","""16b600-5ddae29f3c604""",application/vnd.ms-excel,658a61262fcbad154d8165862acdf9634225515a0fb5ebd9dbfb3165756acdeb,downloaded
2025-12-14T192110+0900,before,再編前,浜松市,4月,jinkousu_areaage_r02-4-01_hamamatsushi.xlsx,c:\Users\pirat\Documents\MikkabiLab_population_analysis\data\archive\浜松市\町字別・年齢別人口表\2025-12-14T192110+0900\再編前\浜松市\4月\jinkousu_areaage_r02-4-01_hamamatsushi.xlsx,https://www.city.hamamatsu.shizuoka.jp/documents/93655/jinkousu_areaage_r02-4-01_hamamatsushi.xlsx,2025-12-14T19:21:53.064433+09:00,200,31346,"Fri, 23 Apr 2021 03:01:42 GMT","""7a72-5c09b03ef15af""",application/vnd.openxmlformats-officedocument.spreadsheetml.sheet,febcc8ca83421ff7ab42102c0c909628cc153d95c259cde593778f99d1474aa2,downloaded
2025-12-14T192110+0900,before,再編前,浜松市,10月,jinkousu_areaage_r02-10-01_hamamatsushi.xls,c:\Users\pirat\Documents\MikkabiLab_population_analysis\data\archive\浜松市\町字別・年齢別人口表\2025-12-14T192110+0900\再編前\浜松市\10月\jinkousu_areaage_r02-10-01_hamamatsushi.xls,https://www.city.hamamatsu.shizuoka.jp/documents/93655/jinkousu_areaage_r02-10-01_hamamatsushi.xls,2025-12-14T19:21:53.264949+09:00,200,53248,"Fri, 23 Apr 2021 03:01:42 GMT","""d000-5c09b03f28c67""",application/vnd.ms-excel,0554369525534f7fe7d1e1cf95eb21fbfc755081ff9d72ec82854fd2f02a9b9d,downloaded
2025-12-14T192110+0900,before,再編前,中区,4月,jinkousu_areaage_r02-4-01_nakaku.xlsx,c:\Users\pirat\Documents\MikkabiLab_population_analysis\data\archive\浜松市\町字別・年齢別人口表\2025-12-14T192110+0900\再編前\中区\4月\jinkousu_areaage_r02-4-01_nakaku.xlsx,https://www.city.hamamatsu.shizuoka.jp/documents/93655/jinkousu_areaage_r02-4-01_nakaku.xlsx,2025-12-14T19:21:53.470704+09:00,200,945524,"Fri, 23 Apr 2021 03:01:42 GMT","""e6d74-5c09b03f63db8""",application/vnd.openxmlformats-officedocument.spreadsheetml.sheet,5a80f2b78ae71713f54e52b4c93efd15161549bc4cd4e05865bc55e9f88afe9a,downloaded
2025-12-14T192110+0900,before,再編前,中区,10月,jinkousu_areaage_r02-10-01_nakaku.xls,c:\Users\pirat\Documents\MikkabiLab_population_analysis\data\archive\浜松市\町字別・年齢別人口表\2025-12-14T192110+0900\再編前\中区\10月\jinkousu_areaage_r02-10-01_nakaku.xls,https://www.city.hamamatsu.shizuoka.jp/documents/93655/jinkousu_areaage_r02-10-01_nakaku.xls,2025-12-14T19:21:54.163226+09:00,200,1418752,"Fri, 23 Apr 2021 03:01:42 GMT","""15a600-5c09b03f93388""",application/vnd.ms-excel,2cd30774314714c01cc5ba5739daf88e6654402872be917746e070dfffd0199a,downloaded
2025-12-14T192110+0900,before,再編前,東区,4月,jinkousu_areaage_r02-4-01_higashiku.xlsx,c:\Users\pirat\Documents\MikkabiLab_population_analysis\data\archive\浜松市\町字別・年齢別人口表\2025-12-14T192110+0900\再編前\東区\4月\jinkousu_areaage_r02-4-01_higashiku.xlsx,https://www.city.hamamatsu.shizuoka.jp/documents/93655/jinkousu_areaage_r02-4-01_higashiku.xlsx,2025-12-14T19:21:55.012977+09:00,200,394503,"Fri, 23 Apr 2021 03:01:42 GMT","""60507-5c09b03fc44b0""",application/vnd.openxmlformats-officedocument.spreadsheetml.sheet,0a3007a74201f96eed01f1862fbd171e78b904697d8db081711a0d9ead3b16f1,downloaded
2025-12-14T192110+0900,before,再編前,東区,10月,jinkousu_areaage_r02-10-01_higashiku.xls,c:\Users\pirat\Documents\MikkabiLab_population_analysis\data\archive\浜松市\町字別・年齢別人口表\2025-12-14T192110+0900\再編前\東区\10月\jinkousu_areaage_r02-10-01_higashiku.xls,https://www.city.hamamatsu.shizuoka.jp/documents/93655/jinkousu_areaage_r02-10-01_higashiku.xls,2025-12-14T19:21:55.412809+09:00,200,665088,"Fri, 23 Apr 2021 03:01:43 GMT","""a2600-5c09b03ff6d49""",application/vnd.ms-excel,8699adb19888dd7cc51105c1dde3bbbc42804d4dd70220c17a9a6a20246180d3,downloaded
2025-12-14T192110+0900,before,再編前,西区,4月,jinkousu_areaage_r02-4-01_nishiku.xlsx,c:\Users\pirat\Documents\MikkabiLab_population_analysis\data\archive\浜松市\町字別・年齢別人口表\2025-12-14T192110+0900\再編前\西区\4月\jinkousu_areaage_r02-4-01_nishiku.xlsx,https://www.city.hamamatsu.shizuoka.jp/documents/93655/jinkousu_areaage_r02-4-01_nishiku.xlsx,2025-12-14T19:21:55.907126+09:00,200,382799,"Fri, 23 Apr 2021 03:01:43 GMT","""5d74f-5c09b04030729""",application/vnd.openxmlformats-officedocument.spreadsheetml.sheet,802d328be1545acdd06f1fd5264c6169a507ba93d79ca1f1a63dc61147c90d1f,downloaded
2025-12-14T192110+0900,before,再編前,西区,10月,jinkousu_areaage_r02-10-01_nishiku.xls,c:\Users\pirat\Documents\MikkabiLab_population_analysis\data\archive\浜松市\町字別・年齢別人口表\2025-12-14T192110+0900\再編前\西区\10月\jinkousu_areaage_r02-10-01_nishiku.xls,https://www.city.hamamatsu.shizuoka.jp/documents/93655/jinkousu_areaage_r02-10-01_nishiku.xls,2025-12-14T19:21:56.311891+09:00,200,1611264,"Fri, 23 Apr 2021 03:01:43 GMT","""189600-5c09b0405b6a9""",application/vnd.ms-excel,94579c291bc30782951d81ab80c981d66d9efebea8a5c1b11ccb67aaca281cd8,downloaded
2025-12-14T192110+0900,before,再編前,南区,4月,jinkousu_areaage_r02-4-01_minamiku.xlsx,c:\Users\pirat\Documents\MikkabiLab_population_analysis\data\archive\浜松市\町字別・年齢別人口表\2025-12-14T192110+0900\再編前\南区\4月\jinkousu_areaage_r02-4-01_minamiku.xlsx,https://www.city.hamamatsu.shizuoka.jp/documents/93655/jinkousu_areaage_r02-4-01_minamiku.xlsx,2025-12-14T19:21:57.285447+09:00,200,272438,"Fri, 23 Apr 2021 03:01:43 GMT","""42836-5c09b04095472""",application/vnd.openxmlformats-officedocument.spreadsheetml.sheet,2ba67bfb16d1752956a371e9b514acd5e93d35dc83641086a4c1c329bfd3ff06,downloaded
2025-12-14T192110+0900,before,再編前,南区,10月,jinkousu_areaage_r02-10-01_minamiku.xls,c:\Users\pirat\Documents\MikkabiLab_population_analysis\data\archive\浜松市\町字別・年齢別人口表\2025-12-14T192110+0900\再編前\南区\10月\jinkousu_areaage_r02-10-01_minamiku.xls,https://www.city.hamamatsu.shizuoka.jp/documents/93655/jinkousu_areaage_r02-10-01_minamiku.xls,2025-12-14T19:21:57.659864+09:00,200,470528,"Fri, 23 Apr 2021 03:01:43 GMT","""72e00-5c09b040c753a""",application/vnd.ms-excel,5a2c34584b03bcf6d0d6bd7b21508c86898b2166912770e19a650f5e4dd89041,downloaded
2025-12-14T192110+0900,before,再編前,北区,4月,jinkousu_areaage_r02-4-01_kitaku.xlsx,c:\Users\pirat\Documents\MikkabiLab_population_analysis\data\archive\浜松市\町字別・年齢別人口表\2025-12-14T192110+0900\再編前\北区\4月\jinkousu_areaage_r02-4-01_kitaku.xlsx,https://www.city.hamamatsu.shizuoka.jp/documents/93655/jinkousu_areaage_r02-4-01_kitaku.xlsx,2025-12-14T19:21:58.096929+09:00,200,464405,"Fri, 23 Apr 2021 03:01:44 GMT","""71615-5c09b040f827a""",application/vnd.openxmlformats-officedocument.spreadsheetml.sheet,82d5b5973dcea059bf93dcc1ffda617eef2a5780d01dca81269cb1237a7d9ef3,downloaded
2025-12-14T192110+0900,before,再編前,北区,10月,jinkousu_areaage_r02-10-01_kitaku.xls,c:\Users\pirat\Documents\MikkabiLab_population_analysis\data\archive\浜松市\町字別・年齢別人口表\2025-12-14T192110+0900\再編前\北区\10月\jinkousu_areaage_r02-10-01_kitaku.xls,https://www.city.hamamatsu.shizuoka.jp/documents/93655/jinkousu_areaage_r02-10-01_kitaku.xls,2025-12-14T19:21:58.505610+09:00,200,624128,"Fri, 23 Apr 2021 03:01:44 GMT","""98600-5c09b04128fbb""",application/vnd.ms-excel,c1269cf8586cd5b3324e1589427571fd094bfb3c83a0f67a7dba68d899114255,downloaded
2025-12-14T192110+0900,before,再編前,浜北区,4月,jinkousu_areaage_r02-4-01_hamakitaku.xlsx,c:\Users\pirat\Documents\MikkabiLab_population_analysis\data\archive\浜松市\町字別・年齢別人口表\2025-12-14T192110+0900\再編前\浜北区\4月\jinkousu_areaage_r02-4-01_hamakitaku.xlsx,https://www.city.hamamatsu.shizuoka.jp/documents/93655/jinkousu_areaage_r02-4-01_hamakitaku.xlsx,2025-12-14T19:21:59.005016+09:00,200,764742,"Fri, 23 Apr 2021 03:01:44 GMT","""bab46-5c09b0415b46b""",application/vnd.openxmlformats-officedocument.spreadsheetml.sheet,5b61d05630821acaa4081103ea820580bc26ca809f155a755744d9b0abf5f3ce,downloaded
2025-12-14T192110+0900,before,再編前,浜北区,10月,jinkousu_areaage_r02-10-01_hamakitaku.xls,c:\Users\pirat\Documents\MikkabiLab_population_analysis\data\archive\浜松市\町字別・年齢別人口表\2025-12-14T192110+0900\再編前\浜北区\10月\jinkousu_areaage_r02-10-01_hamakitaku.xls,https://www.city.hamamatsu.shizuoka.jp/documents/93655/jinkousu_areaage_r02-10-01_hamakitaku.xls,2025-12-14T19:21:59.572429+09:00,200,440320,"Fri, 23 Apr 2021 03:01:44 GMT","""6b800-5c09b0418c594""",application/vnd.ms-excel,56e92e4721d221580a1163a28891e0a4c91ad29f3e65abf50e844f3805b4d051,downloaded
2025-12-14T192110+0900,before,再編前,天竜区,4月,jinkousu_areaage_r02-4-01_tenryuku.xlsx,c:\Users\pirat\Documents\MikkabiLab_population_analysis\data\archive\浜松市\町字別・年齢別人口表\2025-12-14T192110+0900\再編前\天竜区\4月\jinkousu_areaage_r02-4-01_tenryuku.xlsx,https://www.city.hamamatsu.shizuoka.jp/documents/93655/jinkousu_areaage_r02-4-01_tenryuku.xlsx,2025-12-14T19:21:59.981068+09:00,200,1056276,"Fri, 23 Apr 2021 03:01:44 GMT","""101e14-5c09b041be65c""",application/vnd.openxmlformats-officedocument.spreadsheetml.sheet,3e7ab7d4c7633193b99f50fb5d51ccb9b94cb8402f2754a4a1291ecef0c3ab97,downloaded
2025-12-14T192110+0900,before,再編前,天竜区,10月,jinkousu_areaage_r02-10-01_tenryuku.xls,c:\Users\pirat\Documents\MikkabiLab_population_analysis\data\archive\浜松市\町字別・年齢別人口表\2025-12-14T192110+0900\再編前\天竜区\10月\jinkousu_areaage_r02-10-01_tenryuku.xls,https://www.city.hamamatsu.shizuoka.jp/documents/93655/jinkousu_areaage_r02-10-01_tenryuku.xls,2025-12-14T19:22:00.691376+09:00,200,1313280,"Fri, 23 Apr 2021 03:01:45 GMT","""140a00-5c09b041ec0d4""",application/vnd.ms-excel,339c40b47f0ea2b7a96d2f62491ae2ccb7dd83e0cab05ac3ec9026baef4cb034,downloaded
2025-12-14T192110+0900,before,再編前,浜松市,4月,jinkousu_areaage_h31-4-01_hamamatsushi.xlsx,c:\Users\pirat\Documents\MikkabiLab_population_analysis\data\archive\浜松市\町字別・年齢別人口表\2025-12-14T192110+0900\再編前\浜松市\4月\jinkousu_areaage_h31-4-01_hamamatsushi.xlsx,https://www.city.hamamatsu.shizuoka.jp/documents/93655/jinkousu_areaage_h31-4-01_hamamatsushi.xlsx,2025-12-14T19:22:01.539848+09:00,200,31810,"Sun, 26 Apr 2020 15:00:04 GMT","""7c42-5a432da756500""",application/vnd.openxmlformats-officedocument.spreadsheetml.sheet,2aa3206d7b7ad73d4969b7e2744070874178bca2c6f55c064724d90619c76075,downloaded
2025-12-14T192110+0900,before,再編前,浜松市,10月,jinkousu_areaage_h31-10-01_hamamatsushi.xlsx,c:\Users\pirat\Documents\MikkabiLab_population_analysis\data\archive\浜松市\町字別・年齢別人口表\2025-12-14T192110+0900\再編前\浜松市\10月\jinkousu_areaage_h31-10-01_hamamatsushi.xlsx,https://www.city.hamamatsu.shizuoka.jp/documents/93655/jinkousu_areaage_h31-10-01_hamamatsushi.xlsx,2025-12-14T19:22:01.729847+09:00,200,31768,"Sun, 26 Apr 2020 15:00:04 GMT","""7c18-5a432da756500""",application/vnd.openxmlformats-officedocument.spreadsheetml.sheet,2707f8083d2e780dcbb03b2abef4dc602f4d032e356b9b2c7b0545844bb2a2f7,downloaded
2025-12-14T192110+0900,before,再編前,中区,4月,jinkousu_areaage_h31-4-01_nakaku.xlsx,c:\Users\pirat\Documents\MikkabiLab_population_analysis\data\archive\浜松市\町字別・年齢別人口表\2025-12-14T192110+0900\再編前\中区\4月\jinkousu_areaage_h31-4-01_nakaku.xlsx,https://www.city.hamamatsu.shizuoka.jp/documents/93655/jinkousu_areaage_h31-4-01_nakaku.xlsx,2025-12-14T19:22:01.905233+09:00,200,974483,"Sun, 26 Apr 2020 15:00:05 GMT","""ede93-5a432da84a740""",application/vnd.openxmlformats-officedocument.spreadsheetml.sheet,c74a5d6af0b9cc7cda880f04568745cb8d64adc91d8ce2b315b6a9bac7251e9d,downloaded
2025-12-14T192110+0900,before,再編前,中区,10月,jinkousu_areaage_h31-10-01_nakaku.xlsx,c:\Users\pirat\Documents\MikkabiLab_population_analysis\data\archive\浜松市\町字別・年齢別人口表\2025-12-14T192110+0900\再編前\中区\10月\jinkousu_areaage_h31-10-01_nakaku.xlsx,https://www.city.hamamatsu.shizuoka.jp/documents/93655/jinkousu_areaage_h31-10-01_nakaku.xlsx,2025-12-14T19:22:02.574543+09:00,200,974108,"Sun, 26 Apr 2020 15:00:05 GMT","""edd1c-5a432da84a740""",application/vnd.openxmlformats-officedocument.spreadsheetml.sheet,a646efe6cc4ad0246c691188c82d326777c2eea5890ad469ea226d7da9356ab5,downloaded
2025-12-14T192110+0900,before,再編前,東区,4月,jinkousu_areaage_h31-4-01_higashiku.xlsx,c:\Users\pirat\Documents\MikkabiLab_population_analysis\data\archive\浜松市\町字別・年齢別人口表\2025-12-14T192110+0900\再編前\東区\4月\jinkousu_areaage_h31-4-01_higashiku.xlsx,https://www.city.hamamatsu.shizuoka.jp/documents/93655/jinkousu_areaage_h31-4-01_higashiku.xlsx,2025-12-14T19:22:03.281383+09:00,200,394042,"Sun, 26 Apr 2020 15:00:05 GMT","""6033a-5a432da84a740""",application/vnd.openxmlformats-officedocument.spreadsheetml.sheet,0f5cc2ee435d14ea2ca0f6acb288e52a84f30984e07a86d526155929e40f3ef1,downloaded
2025-12-14T192110+0900,before,再編前,東区,10月,jinkousu_areaage_h31-10-01_higashiku.xlsx,c:\Users\pirat\Documents\MikkabiLab_population_analysis\data\archive\浜松市\町字別・年齢別人口表\2025-12-14T192110+0900\再編前\東区\10月\jinkousu_areaage_h31-10-01_higashiku.xlsx,https://www.city.hamamatsu.shizuoka.jp/documents/93655/jinkousu_areaage_h31-10-01_higashiku.xlsx,2025-12-14T19:22:03.665036+09:00,200,393972,"Sun, 26 Apr 2020 15:00:05 GMT","""602f4-5a432da84a740""",application/vnd.openxmlformats-officedocument.spreadsheetml.sheet,53dada54132a42ab610e5796171e07f41b4bd96cda90da32f8c5faff51ca4217,downloaded
2025-12-14T192110+0900,before,再編前,西区,4月,jinkousu_areaage_h31-4-01_nishiku.xlsx,c:\Users\pirat\Documents\MikkabiLab_population_analysis\data\archive\浜松市\町字別・年齢別人口表\2025-12-14T192110+0900\再編前\西区\4月\jinkousu_areaage_h31-4-01_nishiku.xlsx,https://www.city.hamamatsu.shizuoka.jp/documents/93655/jinkousu_areaage_h31-4-01_nishiku.xlsx,2025-12-14T19:22:04.432550+09:00,200,382526,"Sun, 26 Apr 2020 15:00:05 GMT","""5d63e-5a432da84a740""",application/vnd.openxmlformats-officedocument.spreadsheetml.sheet,3db2c491278f50fd26ac5ccd09b6e8d80a64b7cdb2a4f4c800a773ae73c47d99,downloaded
2025-12-14T192110+0900,before,再編前,西区,10月,jinkousu_areaage_h31-10-01_nishiku.xlsx,c:\Users\pirat\Documents\MikkabiLab_population_analysis\data\archive\浜松市\町字別・年齢別人口表\2025-12-14T192110+0900\再編前\西区\10月\jinkousu_areaage_h31-10-01_nishiku.xlsx,https://www.city.hamamatsu.shizuoka.jp/documents/93655/jinkousu_areaage_h31-10-01_nishiku.xlsx,2025-12-14T19:22:04.856106+09:00,200,383077,"Sun, 26 Apr 2020 15:00:05 GMT","""5d865-5a432da84a740""",application/vnd.openxmlformats-officedocument.spreadsheetml.sheet,24b245eb9738ec67369b254d0bf432447c0fef7eb0f7a74c0c5c34905e70d942,downloaded
2025-12-14T192110+0900,before,再編前,南区,4月,jinkousu_areaage_h31-4-01_minamiku.xlsx,c:\Users\pirat\Documents\MikkabiLab_population_analysis\data\archive\浜松市\町字別・年齢別人口表\2025-12-14T192110+0900\再編前\南区\4月\jinkousu_areaage_h31-4-01_minamiku.xlsx,https://www.city.hamamatsu.shizuoka.jp/documents/93655/jinkousu_areaage_h31-4-01_minamiku.xlsx,2025-12-14T19:22:05.234872+09:00,200,272266,"Sun, 26 Apr 2020 15:00:06 GMT","""4278a-5a432da93e980""",application/vnd.openxmlformats-officedocument.spreadsheetml.sheet,d658b5bc154fedcd84908b45f18fae2f57357427f19c352e68d517c65c80694c,downloaded
2025-12-14T192110+0900,before,再編前,南区,10月,jinkousu_areaage_h31-10-01_minamiku.xlsx,c:\Users\pirat\Documents\MikkabiLab_population_analysis\data\archive\浜松市\町字別・年齢別人口表\2025-12-14T192110+0900\再編前\南区\10月\jinkousu_areaage_h31-10-01_minamiku.xlsx,https://www.city.hamamatsu.shizuoka.jp/documents/93655/jinkousu_areaage_h31-10-01_minamiku.xlsx,2025-12-14T19:22:05.530991+09:00,200,272189,"Sun, 26 Apr 2020 15:00:06 GMT","""4273d-5a432da93e980""",application/vnd.openxmlformats-officedocument.spreadsheetml.sheet,34943593b2e8064f3edcc2b096c5db2b045b5bf49fd6788a772b00570dc1ca6c,downloaded
2025-12-14T192110+0900,before,再編前,北区,4月,jinkousu_areaage_h31-4-01_kitaku.xlsx,c:\Users\pirat\Documents\MikkabiLab_population_analysis\data\archive\浜松市\町字別・年齢別人口表\2025-12-14T192110+0900\再編前\北区\4月\jinkousu_areaage_h31-4-01_kitaku.xlsx,https://www.city.hamamatsu.shizuoka.jp/documents/93655/jinkousu_areaage_h31-4-01_kitaku.xlsx,2025-12-14T19:22:05.877173+09:00,200,463719,"Sun, 26 Apr 2020 15:00:06 GMT","""71367-5a432da93e980""",application/vnd.openxmlformats-officedocument.spreadsheetml.sheet,f4516a4fb8a47f7b86bdd099b0080815603bb9f0f79d505c3b1d8f4ab1b1536b,downloaded
2025-12-14T192110+0900,before,再編前,北区,10月,jinkousu_areaage_h31-10-01_kitaku.xlsx,c:\Users\pirat\Documents\MikkabiLab_population_analysis\data\archive\浜松市\町字別・年齢別人口表\2025-12-14T192110+0900\再編前\北区\10月\jinkousu_areaage_h31-10-01_kitaku.xlsx,https://www.city.hamamatsu.shizuoka.jp/documents/93655/jinkousu_areaage_h31-10-01_kitaku.xlsx,2025-12-14T19:22:06.832656+09:00,200,464427,"Sun, 26 Apr 2020 15:00:06 GMT","""7162b-5a432da93e980""",application/vnd.openxmlformats-officedocument.spreadsheetml.sheet,b24a77fca1499c9c2ae6571a777b860979ddedf3945b5492310dc8825d346578,downloaded
2025-12-14T192110+0900,before,再編前,浜北区,4月,jinkousu_areaage_h31-4-01_hamakitaku.xlsx,c:\Users\pirat\Documents\MikkabiLab_population_analysis\data\archive\浜松市\町字別・年齢別人口表\2025-12-14T192110+0900\再編前\浜北区\4月\jinkousu_areaage_h31-4-01_hamakitaku.xlsx,https://www.city.hamamatsu.shizuoka.jp/documents/93655/jinkousu_areaage_h31-4-01_hamakitaku.xlsx,2025-12-14T19:22:07.255894+09:00,200,255202,"Sun, 26 Apr 2020 15:00:06 GMT","""3e4e2-5a432da93e980""",application/vnd.openxmlformats-officedocument.spreadsheetml.sheet,e45591d4a8cd11184a2f87630798d8f9db8c5f4aefe40ea751301b3d676c9839,downloaded
2025-12-14T192110+0900,before,再編前,浜北区,10月,jinkousu_areaage_h31-10-01_hamakitaku.xlsx,c:\Users\pirat\Documents\MikkabiLab_population_analysis\data\archive\浜松市\町字別・年齢別人口表\2025-12-14T192110+0900\再編前\浜北区\10月\jinkousu_areaage_h31-10-01_hamakitaku.xlsx,https://www.city.hamamatsu.shizuoka.jp/documents/93655/jinkousu_areaage_h31-10-01_hamakitaku.xlsx,2025-12-14T19:22:07.588992+09:00,200,255494,"Sun, 26 Apr 2020 15:00:06 GMT","""3e606-5a432da93e980""",application/vnd.openxmlformats-officedocument.spreadsheetml.sheet,fee61ee7483ef0ee54545477e7ab13d1284de198c3048c0f57b091640de9974a,downloaded
2025-12-14T192110+0900,before,再編前,天竜区,4月,jinkousu_areaage_h31-4-01_tenryuku.xlsx,c:\Users\pirat\Documents\MikkabiLab_population_analysis\data\archive\浜松市\町字別・年齢別人口表\2025-12-14T192110+0900\再編前\天竜区\4月\jinkousu_areaage_h31-4-01_tenryuku.xlsx,https://www.city.hamamatsu.shizuoka.jp/documents/93655/jinkousu_areaage_h31-4-01_tenryuku.xlsx,2025-12-14T19:22:07.970917+09:00,200,1055821,"Sun, 26 Apr 2020 15:00:06 GMT","""101c4d-5a432da93e980""",application/vnd.openxmlformats-officedocument.spreadsheetml.sheet,9943b2efd17ee9a20d1a7a191391d1c53fb4e4a6b372f2593d016a0a12d25474,downloaded
2025-12-14T192110+0900,before,再編前,天竜区,10月,jinkousu_areaage_h31-10-01_tenryuku.xlsx,c:\Users\pirat\Documents\MikkabiLab_population_analysis\data\archive\浜松市\町字別・年齢別人口表\2025-12-14T192110+0900\再編前\天竜区\10月\jinkousu_areaage_h31-10-01_tenryuku.xlsx,https://www.city.hamamatsu.shizuoka.jp/documents/93655/jinkousu_areaage_h31-10-01_tenryuku.xlsx,2025-12-14T19:22:08.661463+09:00,200,1056415,"Sun, 26 Apr 2020 15:00:07 GMT","""101e9f-5a432daa32bc0""",application/vnd.openxmlformats-officedocument.spreadsheetml.sheet,62c5bc4173fee44ee600ba89ccba48a297279cbc188eca74e30b1e9d43cd157d,downloaded
2025-12-14T192110+0900,before,再編前,浜松市,4月,jinkousu_areaage_h30-4-01_hamamatsushi.xlsx,c:\Users\pirat\Documents\MikkabiLab_population_analysis\data\archive\浜松市\町字別・年齢別人口表\2025-12-14T192110+0900\再編前\浜松市\4月\jinkousu_areaage_h30-4-01_hamamatsushi.xlsx,https://www.city.hamamatsu.shizuoka.jp/documents/93655/jinkousu_areaage_h30-4-01_hamamatsushi.xlsx,2025-12-14T19:22:09.358184+09:00,200,31714,"Sun, 26 Apr 2020 15:00:07 GMT","""7be2-5a432daa32bc0""",application/vnd.openxmlformats-officedocument.spreadsheetml.sheet,0bd6167d6a9ff0b50790895d6855ddb7628fdba08868a19248ac52f580d358a3,downloaded
2025-12-14T192110+0900,before,再編前,浜松市,10月,jinkousu_areaage_h30_10_01_hamamatsushi.xlsx,c:\Users\pirat\Documents\MikkabiLab_population_analysis\data\archive\浜松市\町字別・年齢別人口表\2025-12-14T192110+0900\再編前\浜松市\10月\jinkousu_areaage_h30_10_01_hamamatsushi.xlsx,https://www.city.hamamatsu.shizuoka.jp/documents/93655/jinkousu_areaage_h30_10_01_hamamatsushi.xlsx,2025-12-14T19:22:09.525897+09:00,200,31726,"Sun, 26 Apr 2020 15:00:07 GMT","""7bee-5a432daa32bc0""",application/vnd.openxmlformats-officedocument.spreadsheetml.sheet,70fd9520d0f29cff7312dd4410815fd1177704345718aeda006e05da47ecbac2,downloaded
2025-12-14T192110+0900,before,再編前,中区,4月,jinkousu_areaage_h30-4-01_nakaku.xlsx,c:\Users\pirat\Documents\MikkabiLab_population_analysis\data\archive\浜松市\町字別・年齢別人口表\2025-12-14T192110+0900\再編前\中区\4月\jinkousu_areaage_h30-4-01_nakaku.xlsx,https://www.city.hamamatsu.shizuoka.jp/documents/93655/jinkousu_areaage_h30-4-01_nakaku.xlsx,2025-12-14T19:22:09.721857+09:00,200,975971,"Sun, 26 Apr 2020 15:00:07 GMT","""ee463-5a432daa32bc0""",application/vnd.openxmlformats-officedocument.spreadsheetml.sheet,a5eb9f1c7006f4856c763ec9413df6bf2856e095ea505dae450a1807cc3776ab,downloaded
2025-12-14T192110+0900,before,再編前,中区,10月,jinkousu_areaage_h30_10_01_nakaku.xlsx,c:\Users\pirat\Documents\MikkabiLab_population_analysis\data\archive\浜松市\町字別・年齢別人口表\2025-12-14T192110+0900\再編前\中区\10月\jinkousu_areaage_h30_10_01_nakaku.xlsx,https://www.city.hamamatsu.shizuoka.jp/documents/93655/jinkousu_areaage_h30_10_01_nakaku.xlsx,2025-12-14T19:22:10.389634+09:00,200,977131,"Sun, 26 Apr 2020 15:00:07 GMT","""ee8eb-5a432daa32bc0""",application/vnd.openxmlformats-officedocument.spreadsheetml.sheet,36208dc19445a385b57efbac329ddbe303b4a808f363e28cbdbe91ef2a750aff,downloaded
2025-12-14T192110+0900,before,再編前,東区,4月,jinkousu_areaage_h30-4-01_higashiku.xlsx,c:\Users\pirat\Documents\MikkabiLab_population_analysis\data\archive\浜松市\町字別・年齢別人口表\2025-12-14T192110+0900\再編前\東区\4月\jinkousu_areaage_h30-4-01_higashiku.xlsx,https://www.city.hamamatsu.shizuoka.jp/documents/93655/jinkousu_areaage_h30-4-01_higashiku.xlsx,2025-12-14T19:22:11.469541+09:00,200,394546,"Sun, 26 Apr 2020 15:00:07 GMT","""60532-5a432daa32bc0""",application/vnd.openxmlformats-officedocument.spreadsheetml.sheet,1ba5cc9c6afb059d0b88838ed20ce5e9441a5ec648b58410473bcde704f1d040,downloaded
2025-12-14T192110+0900,before,再編前,東区,10月,jinkousu_areaage_h30_10_01_higashiku.xlsx,c:\Users\pirat\Documents\MikkabiLab_population_analysis\data\archive\浜松市\町字別・年齢別人口表\2025-12-14T192110+0900\再編前\東区\10月\jinkousu_areaage_h30_10_01_higashiku.xlsx,https://www.city.hamamatsu.shizuoka.jp/documents/93655/jinkousu_areaage_h30_10_01_higashiku.xlsx,2025-12-14T19:22:12.463270+09:00,200,394536,"Sun, 26 Apr 2020 15:00:08 GMT","""60528-5a432dab26e00""",application/vnd.openxmlformats-officedocument.spreadsheetml.sheet,2480dc45b82fb0393cb3f493d9a429bab12d52b035655d9cf4c6806bd3c9398f,downloaded
2025-12-14T192110+0900,before,再編前,西区,4月,jinkousu_areaage_h30-4-01_nishiku.xlsx,c:\Users\pirat\Documents\MikkabiLab_population_analysis\data\archive\浜松市\町字別・年齢別人口表\2025-12-14T192110+0900\再編前\西区\4月\jinkousu_areaage_h30-4-01_nishiku.xlsx,https://www.city.hamamatsu.shizuoka.jp/documents/93655/jinkousu_areaage_h30-4-01_nishiku.xlsx,2025-12-14T19:22:12.893184+09:00,200,384204,"Sun, 26 Apr 2020 15:00:08 GMT","""5dccc-5a432dab26e00""",application/vnd.openxmlformats-officedocument.spreadsheetml.sheet,88caebbfbdf01aca2bf1e3575fd5644b77b55df211eae42e3c9689e4fecaa60c,downloaded
2025-12-14T192110+0900,before,再編前,西区,10月,jinkousu_areaage_h30_10_01_nishiku.xlsx,c:\Users\pirat\Documents\MikkabiLab_population_analysis\data\archive\浜松市\町字別・年齢別人口表\2025-12-14T192110+0900\再編前\西区\10月\jinkousu_areaage_h30_10_01_nishiku.xlsx,https://www.city.hamamatsu.shizuoka.jp/documents/93655/jinkousu_areaage_h30_10_01_nishiku.xlsx,2025-12-14T19:22:13.324216+09:00,200,382667,"Sun, 26 Apr 2020 15:00:08 GMT","""5d6cb-5a432dab26e00""",application/vnd.openxmlformats-officedocument.spreadsheetml.sheet,b0ee87e787dca40600c29395d94fc9f2dce03ef2e6d36df0b20c8a7c6d45caa8,downloaded
2025-12-14T192110+0900,before,再編前,南区,4月,jinkousu_areaage_h30-4-01_minamiku.xlsx,c:\Users\pirat\Documents\MikkabiLab_population_analysis\data\archive\浜松市\町字別・年齢別人口表\2025-12-14T192110+0900\再編前\南区\4月\jinkousu_areaage_h30-4-01_minamiku.xlsx,https://www.city.hamamatsu.shizuoka.jp/documents/93655/jinkousu_areaage_h30-4-01_minamiku.xlsx,2025-12-14T19:22:13.687148+09:00,200,273960,"Sun, 26 Apr 2020 15:00:08 GMT","""42e28-5a432dab26e00""",application/vnd.openxmlformats-officedocument.spreadsheetml.sheet,5a572f2db5608364d48969ddf4213742d0085c800b47af5c93449666d9f6e3d4,downloaded
2025-12-14T192110+0900,before,再編前,南区,10月,jinkousu_areaage_h30_10_01_minamiku.xlsx,c:\Users\pirat\Documents\MikkabiLab_population_analysis\data\archive\浜松市\町字別・年齢別人口表\2025-12-14T192110+0900\再編前\南区\10月\jinkousu_areaage_h30_10_01_minamiku.xlsx,https://www.city.hamamatsu.shizuoka.jp/documents/93655/jinkousu_areaage_h30_10_01_minamiku.xlsx,2025-12-14T19:22:14.051681+09:00,200,272283,"Sun, 26 Apr 2020 15:00:08 GMT","""4279b-5a432dab26e00""",application/vnd.openxmlformats-officedocument.spreadsheetml.sheet,5cb7f2d9fa18e2588f0e95f1e95572e7390dfa0214c4b2781282f989690e084e,downloaded
2025-12-14T192110+0900,before,再編前,北区,4月,jinkousu_areaage_h30-4-01_kitaku.xlsx,c:\Users\pirat\Documents\MikkabiLab_population_analysis\data\archive\浜松市\町字別・年齢別人口表\2025-12-14T192110+0900\再編前\北区\4月\jinkousu_areaage_h30-4-01_kitaku.xlsx,https://www.city.hamamatsu.shizuoka.jp/documents/93655/jinkousu_areaage_h30-4-01_kitaku.xlsx,2025-12-14T19:22:14.464544+09:00,200,465553,"Sun, 26 Apr 2020 15:00:08 GMT","""71a91-5a432dab26e00""",application/vnd.openxmlformats-officedocument.spreadsheetml.sheet,de656c0c09db19359e6a3cec2488180979e566c41dc9c4c6b575ee83ae191215,downloaded
2025-12-14T192110+0900,before,再編前,北区,10月,jinkousu_areaage_h30_10_01_kitaku.xlsx,c:\Users\pirat\Documents\MikkabiLab_population_analysis\data\archive\浜松市\町字別・年齢別人口表\2025-12-14T192110+0900\再編前\北区\10月\jinkousu_areaage_h30_10_01_kitaku.xlsx,https://www.city.hamamatsu.shizuoka.jp/documents/93655/jinkousu_areaage_h30_10_01_kitaku.xlsx,2025-12-14T19:22:15.403226+09:00,200,464120,"Sun, 26 Apr 2020 15:00:09 GMT","""714f8-5a432dac1b040""",application/vnd.openxmlformats-officedocument.spreadsheetml.sheet,ea25f2742538fd1d97d59bfe025474f14c06e620be8dd6ff1a3cca35bfb87dfc,downloaded
2025-12-14T192110+0900,before,再編前,浜北区,4月,jinkousu_areaage_h30-4-01_hamakitaku.xlsx,c:\Users\pirat\Documents\MikkabiLab_population_analysis\data\archive\浜松市\町字別・年齢別人口表\2025-12-14T192110+0900\再編前\浜北区\4月\jinkousu_areaage_h30-4-01_hamakitaku.xlsx,https://www.city.hamamatsu.shizuoka.jp/documents/93655/jinkousu_areaage_h30-4-01_hamakitaku.xlsx,2025-12-14T19:22:15.818611+09:00,200,256288,"Sun, 26 Apr 2020 15:00:09 GMT","""3e920-5a432dac1b040""",application/vnd.openxmlformats-officedocument.spreadsheetml.sheet,cfd09bbeb8658debb071ed5f27d39d66fee36b62e426c2959ba3184987219ba8,downloaded
2025-12-14T192110+0900,before,再編前,浜北区,10月,jinkousu_areaage_h30_10_01_hamakitaku.xlsx,c:\Users\pirat\Documents\MikkabiLab_population_analysis\data\archive\浜松市\町字別・年齢別人口表\2025-12-14T192110+0900\再編前\浜北区\10月\jinkousu_areaage_h30_10_01_hamakitaku.xlsx,https://www.city.hamamatsu.shizuoka.jp/documents/93655/jinkousu_areaage_h30_10_01_hamakitaku.xlsx,2025-12-14T19:22:16.124643+09:00,200,255270,"Sun, 26 Apr 2020 15:00:09 GMT","""3e526-5a432dac1b040""",application/vnd.openxmlformats-officedocument.spreadsheetml.sheet,ddc2dca0310fd730417b998337268158ecb7f3a8a7f5782675fb50c452b40c7e,downloaded
2025-12-14T192110+0900,before,再編前,天竜区,4月,jinkousu_areaage_h30-4-01_tenryuuku.xlsx,c:\Users\pirat\Documents\MikkabiLab_population_analysis\data\archive\浜松市\町字別・年齢別人口表\2025-12-14T192110+0900\再編前\天竜区\4月\jinkousu_areaage_h30-4-01_tenryuuku.xlsx,https://www.city.hamamatsu.shizuoka.jp/documents/93655/jinkousu_areaage_h30-4-01_tenryuuku.xlsx,2025-12-14T19:22:16.503823+09:00,200,1056996,"Sun, 26 Apr 2020 15:00:09 GMT","""1020e4-5a432dac1b040""",application/vnd.openxmlformats-officedocument.spreadsheetml.sheet,abb7af1ef91238ad40d2870dc844c4ae08982ee3604f99b5774255308376c134,downloaded
2025-12-14T192110+0900,before,再編前,天竜区,10月,jinkousu_areaage_h30_10_01_tenryuuku.xlsx,c:\Users\pirat\Documents\MikkabiLab_population_analysis\data\archive\浜松市\町字別・年齢別人口表\2025-12-14T192110+0900\再編前\天竜区\10月\jinkousu_areaage_h30_10_01_tenryuuku.xlsx,https://www.city.hamamatsu.shizuoka.jp/documents/93655/jinkousu_areaage_h30_10_01_tenryuuku.xlsx,2025-12-14T19:22:17.511865+09:00,200,1056930,"Sun, 26 Apr 2020 15:00:09 GMT","""1020a2-5a432dac1b040""",application/vnd.openxmlformats-officedocument.spreadsheetml.sheet,63f028368f51d536d81f824738ddaccc9106ba72e1901e2e5a771664be269ff7,downloaded
2025-12-14T192110+0900,before,再編前,浜松市,4月,jinkousu_areaage_h29-4-01_hamamatsushi.xlsx,c:\Users\pirat\Documents\MikkabiLab_population_analysis\data\archive\浜松市\町字別・年齢別人口表\2025-12-14T192110+0900\再編前\浜松市\4月\jinkousu_areaage_h29-4-01_hamamatsushi.xlsx,https://www.city.hamamatsu.shizuoka.jp/documents/93655/jinkousu_areaage_h29-4-01_hamamatsushi.xlsx,2025-12-14T19:22:18.252041+09:00,200,25357,"Sun, 26 Apr 2020 15:00:09 GMT","""630d-5a432dac1b040""",application/vnd.openxmlformats-officedocument.spreadsheetml.sheet,3060e56e010604bf033d69917c9bd832a3c8aacb1f65c4c2eb3b2a97be6f6d2e,downloaded
2025-12-14T192110+0900,before,再編前,浜松市,10月,jinkousu_areaage_h29-10-01_hamamatsushi.xlsx,c:\Users\pirat\Documents\MikkabiLab_population_analysis\data\archive\浜松市\町字別・年齢別人口表\2025-12-14T192110+0900\再編前\浜松市\10月\jinkousu_areaage_h29-10-01_hamamatsushi.xlsx,https://www.city.hamamatsu.shizuoka.jp/documents/93655/jinkousu_areaage_h29-10-01_hamamatsushi.xlsx,2025-12-14T19:22:18.417358+09:00,200,31689,"Sun, 26 Apr 2020 15:00:10 GMT","""7bc9-5a432dad0f280""",application/vnd.openxmlformats-officedocument.spreadsheetml.sheet,bee44aeb7698bb58736bdc9a5f5aaa6d725b753f8f487493350109a0009bc715,downloaded
2025-12-14T192110+0900,before,再編前,中区,4月,jinkousu_areaage_h29-4-01_nakaku.xlsx,c:\Users\pirat\Documents\MikkabiLab_population_analysis\data\archive\浜松市\町字別・年齢別人口表\2025-12-14T192110+0900\再編前\中区\4月\jinkousu_areaage_h29-4-01_nakaku.xlsx,https://www.city.hamamatsu.shizuoka.jp/documents/93655/jinkousu_areaage_h29-4-01_nakaku.xlsx,2025-12-14T19:22:18.615711+09:00,200,923258,"Sun, 26 Apr 2020 15:00:10 GMT","""e167a-5a432dad0f280""",application/vnd.openxmlformats-officedocument.spreadsheetml.sheet,9e3f7e9e3dcd43c75238dec0fdce8f0dbd85c256c43b96c79338fdca66236940,downloaded
2025-12-14T192110+0900,before,再編前,中区,10月,jinkousu_areaage_h29-10-01_nakaku.xlsx,c:\Users\pirat\Documents\MikkabiLab_population_analysis\data\archive\浜松市\町字別・年齢別人口表\2025-12-14T192110+0900\再編前\中区\10月\jinkousu_areaage_h29-10-01_nakaku.xlsx,https://www.city.hamamatsu.shizuoka.jp/documents/93655/jinkousu_areaage_h29-10-01_nakaku.xlsx,2025-12-14T19:22:19.341614+09:00,200,1514004,"Sun, 26 Apr 2020 15:00:10 GMT","""171a14-5a432dad0f280""",application/vnd.openxmlformats-officedocument.spreadsheetml.sheet,fd56794571fdcc087e34e2ba121e3de67615e5d2866f501b36938472cee94f87,downloaded
2025-12-14T192110+0900,before,再編前,東区,4月,jinkousu_areaage_h29-4-01_higashiku.xlsx,c:\Users\pirat\Documents\MikkabiLab_population_analysis\data\archive\浜松市\町字別・年齢別人口表\2025-12-14T192110+0900\再編前\東区\4月\jinkousu_areaage_h29-4-01_higashiku.xlsx,https://www.city.hamamatsu.shizuoka.jp/documents/93655/jinkousu_areaage_h29-4-01_higashiku.xlsx,2025-12-14T19:22:20.203323+09:00,200,367472,"Sun, 26 Apr 2020 15:00:10 GMT","""59b70-5a432dad0f280""",application/vnd.openxmlformats-officedocument.spreadsheetml.sheet,7b45f1af8c719c2d2f89dc053914b67b9796951b465de1a2844b55feafefb335,downloaded
2025-12-14T192110+0900,before,再編前,東区,10月,jinkousu_areaage_h29-10-01_higashiku.xlsx,c:\Users\pirat\Documents\MikkabiLab_population_analysis\data\archive\浜松市\町字別・年齢別人口表\2025-12-14T192110+0900\再編前\東区\10月\jinkousu_areaage_h29-10-01_higashiku.xlsx,https://www.city.hamamatsu.shizuoka.jp/documents/93655/jinkousu_areaage_h29-10-01_higashiku.xlsx,2025-12-14T19:22:20.683613+09:00,200,396837,"Sun, 26 Apr 2020 15:00:10 GMT","""60e25-5a432dad0f280""",application/vnd.openxmlformats-officedocument.spreadsheetml.sheet,ad63b287313ffd18ab432c902cd647993ac295b93f7432c8278f72c6a0550595,downloaded
2025-12-14T192110+0900,before,再編前,西区,4月,jinkousu_areaage_h29-4-01_nishiku.xlsx,c:\Users\pirat\Documents\MikkabiLab_population_analysis\data\archive\浜松市\町字別・年齢別人口表\2025-12-14T192110+0900\再編前\西区\4月\jinkousu_areaage_h29-4-01_nishiku.xlsx,https://www.city.hamamatsu.shizuoka.jp/documents/93655/jinkousu_areaage_h29-4-01_nishiku.xlsx,2025-12-14T19:22:21.111475+09:00,200,385760,"Sun, 26 Apr 2020 15:00:10 GMT","""5e2e0-5a432dad0f280""",application/vnd.openxmlformats-officedocument.spreadsheetml.sheet,fb9593fefec5d627c4c17fd8032f00ba2acc11e36a235fc71d3a219b2a23f28f,downloaded
2025-12-14T192110+0900,before,再編前,西区,10月,jinkousu_areaage_h29-10-01_nishiku.xlsx,c:\Users\pirat\Documents\MikkabiLab_population_analysis\data\archive\浜松市\町字別・年齢別人口表\2025-12-14T192110+0900\再編前\西区\10月\jinkousu_areaage_h29-10-01_nishiku.xlsx,https://www.city.hamamatsu.shizuoka.jp/documents/93655/jinkousu_areaage_h29-10-01_nishiku.xlsx,2025-12-14T19:22:21.505379+09:00,200,385611,"Sun, 26 Apr 2020 15:00:11 GMT","""5e24b-5a432dae034c0""",application/vnd.openxmlformats-officedocument.spreadsheetml.sheet,d1c0aafbdb6ed1a8155c56906e7c2b264dc7d37e7706558700002efb337ad4f0,downloaded
2025-12-14T192110+0900,before,再編前,南区,4月,jinkousu_areaage_h29-4-01_minamiku.xlsx,c:\Users\pirat\Documents\MikkabiLab_population_analysis\data\archive\浜松市\町字別・年齢別人口表\2025-12-14T192110+0900\再編前\南区\4月\jinkousu_areaage_h29-4-01_minamiku.xlsx,https://www.city.hamamatsu.shizuoka.jp/documents/93655/jinkousu_areaage_h29-4-01_minamiku.xlsx,2025-12-14T19:22:21.914951+09:00,200,274968,"Sun, 26 Apr 2020 15:00:11 GMT","""43218-5a432dae034c0""",application/vnd.openxmlformats-officedocument.spreadsheetml.sheet,453195aeb54424950179d97af71049059375f8c8954edbc2299f58fdc7335ee8,downloaded
2025-12-14T192110+0900,before,再編前,南区,10月,jinkousu_areaage_h29-10-01_minamiku.xlsx,c:\Users\pirat\Documents\MikkabiLab_population_analysis\data\archive\浜松市\町字別・年齢別人口表\2025-12-14T192110+0900\再編前\南区\10月\jinkousu_areaage_h29-10-01_minamiku.xlsx,https://www.city.hamamatsu.shizuoka.jp/documents/93655/jinkousu_areaage_h29-10-01_minamiku.xlsx,2025-12-14T19:22:22.494265+09:00,200,275220,"Sun, 26 Apr 2020 15:00:11 GMT","""43314-5a432dae034c0""",application/vnd.openxmlformats-officedocument.spreadsheetml.sheet,e7c0d641a369c4793ce460ed79803a72464bcfd5ee457947c52fa2efdb326b04,downloaded
2025-12-14T192110+0900,before,再編前,北区,4月,jinkousu_areaage_h29-4-01_kitaku.xlsx,c:\Users\pirat\Documents\MikkabiLab_population_analysis\data\archive\浜松市\町字別・年齢別人口表\2025-12-14T192110+0900\再編前\北区\4月\jinkousu_areaage_h29-4-01_kitaku.xlsx,https://www.city.hamamatsu.shizuoka.jp/documents/93655/jinkousu_areaage_h29-4-01_kitaku.xlsx,2025-12-14T19:22:23.133861+09:00,200,466256,"Sun, 26 Apr 2020 15:00:11 GMT","""71d50-5a432dae034c0""",application/vnd.openxmlformats-officedocument.spreadsheetml.sheet,3a5230e56830a76a6411dea25a5b02dc60f0a2ecc9cbc96d0b698b33c3ec2aff,downloaded
2025-12-14T192110+0900,before,再編前,北区,10月,jinkousu_areaage_h29-10-01_kitaku.xlsx,c:\Users\pirat\Documents\MikkabiLab_population_analysis\data\archive\浜松市\町字別・年齢別人口表\2025-12-14T192110+0900\再編前\北区\10月\jinkousu_areaage_h29-10-01_kitaku.xlsx,https://www.city.hamamatsu.shizuoka.jp/documents/93655/jinkousu_areaage_h29-10-01_kitaku.xlsx,2025-12-14T19:22:23.578063+09:00,200,466257,"Sun, 26 Apr 2020 15:00:11 GMT","""71d51-5a432dae034c0""",application/vnd.openxmlformats-officedocument.spreadsheetml.sheet,96ec061fc99c44144258556ff4ee6a1b70658ec558327f659c4160a4ab37874a,downloaded
2025-12-14T192110+0900,before,再編前,浜北区,4月,jinkousu_areaage_h29-4-01_hamakitaku.xlsx,c:\Users\pirat\Documents\MikkabiLab_population_analysis\data\archive\浜松市\町字別・年齢別人口表\2025-12-14T192110+0900\再編前\浜北区\4月\jinkousu_areaage_h29-4-01_hamakitaku.xlsx,https://www.city.hamamatsu.shizuoka.jp/documents/93655/jinkousu_areaage_h29-4-01_hamakitaku.xlsx,2025-12-14T19:22:24.449693+09:00,200,253208,"Sun, 26 Apr 2020 15:00:11 GMT","""3dd18-5a432dae034c0""",application/vnd.openxmlformats-officedocument.spreadsheetml.sheet,eb61ce35df32b3afd940a21a4bf61f34640218421d2be20c864554838c8c5d80,downloaded
2025-12-14T192110+0900,before,再編前,浜北区,10月,jinkousu_areaage_h29-10-01_hamakitaku.xlsx,c:\Users\pirat\Documents\MikkabiLab_population_analysis\data\archive\浜松市\町字別・年齢別人口表\2025-12-14T192110+0900\再編前\浜北区\10月\jinkousu_areaage_h29-10-01_hamakitaku.xlsx,https://www.city.hamamatsu.shizuoka.jp/documents/93655/jinkousu_areaage_h29-10-01_hamakitaku.xlsx,2025-12-14T19:22:24.750419+09:00,200,253371,"Sun, 26 Apr 2020 15:00:11 GMT","""3ddbb-5a432dae034c0""",application/vnd.openxmlformats-officedocument.spreadsheetml.sheet,bf178836256791d9563037c022197775f2d556b3fcc0dc6da8a35af24e2d0b53,downloaded
2025-12-14T192110+0900,before,再編前,天竜区,4月,jinkousu_areaage_h29-4-01_tenryuuku.xlsx,c:\Users\pirat\Documents\MikkabiLab_population_analysis\data\archive\浜松市\町字別・年齢別人口表\2025-12-14T192110+0900\再編前\天竜区\4月\jinkousu_areaage_h29-4-01_tenryuuku.xlsx,https://www.city.hamamatsu.shizuoka.jp/documents/93655/jinkousu_areaage_h29-4-01_tenryuuku.xlsx,2025-12-14T19:22:25.125826+09:00,200,1057966,"Sun, 26 Apr 2020 15:00:12 GMT","""1024ae-5a432daef7700""",application/vnd.openxmlformats-officedocument.spreadsheetml.sheet,055f6c4533b2abb8f213a1b6a64c887c38020a68959292b78c5a4ea164827b91,downloaded
2025-12-14T192110+0900,before,再編前,天竜区,10月,jinkousu_areaage_h29-10-01_tenryuuku.xlsx,c:\Users\pirat\Documents\MikkabiLab_population_analysis\data\archive\浜松市\町字別・年齢別人口表\2025-12-14T192110+0900\再編前\天竜区\10月\jinkousu_areaage_h29-10-01_tenryuuku.xlsx,https://www.city.hamamatsu.shizuoka.jp/documents/93655/jinkousu_areaage_h29-10-01_tenryuuku.xlsx,2025-12-14T19:22:25.842193+09:00,200,1058004,"Sun, 26 Apr 2020 15:00:12 GMT","""1024d4-5a432daef7700""",application/vnd.openxmlformats-officedocument.spreadsheetml.sheet,c80e371cd1263cb890718a1616866a470a6ed6ecea4224f4e921cd774fa9d262,downloaded
2025-12-14T192110+0900,before,再編前,浜松市,4月,jinkousu_areaage_h28-4-01_hamamatsushi.xlsx,c:\Users\pirat\Documents\MikkabiLab_population_analysis\data\archive\浜松市\町字別・年齢別人口表\2025-12-14T192110+0900\再編前\浜松市\4月\jinkousu_areaage_h28-4-01_hamamatsushi.xlsx,https://www.city.hamamatsu.shizuoka.jp/documents/28007/jinkousu_areaage_h28-4-01_hamamatsushi.xlsx,2025-12-14T19:22:26.590577+09:00,200,26212,"Thu, 23 Apr 2020 06:00:22 GMT","""6664-5a3eef6d12980""",application/vnd.openxmlformats-officedocument.spreadsheetml.sheet,65a799a377ab3e3e4186f7cecb5e463b725620552b211cad5646a9c40a49570b,downloaded
2025-12-14T192110+0900,before,再編前,浜松市,10月,jinkousu_areaage_h28-10-01_hamamatsushi.xlsx,c:\Users\pirat\Documents\MikkabiLab_population_analysis\data\archive\浜松市\町字別・年齢別人口表\2025-12-14T192110+0900\再編前\浜松市\10月\jinkousu_areaage_h28-10-01_hamamatsushi.xlsx,https://www.city.hamamatsu.shizuoka.jp/documents/28007/jinkousu_areaage_h28-10-01_hamamatsushi.xlsx,2025-12-14T19:22:26.767075+09:00,200,26453,"Thu, 23 Apr 2020 06:00:22 GMT","""6755-5a3eef6d12980""",application/vnd.openxmlformats-officedocument.spreadsheetml.sheet,8a8eba27762f1eaa91e8610060c412fd50938d8dbd8a6e1b86e77d0833a80c51,downloaded
2025-12-14T192110+0900,before,再編前,中区,4月,jinkousu_areaage_h28-4-01_nakaku.xlsx,c:\Users\pirat\Documents\MikkabiLab_population_analysis\data\archive\浜松市\町字別・年齢別人口表\2025-12-14T192110+0900\再編前\中区\4月\jinkousu_areaage_h28-4-01_nakaku.xlsx,https://www.city.hamamatsu.shizuoka.jp/documents/28007/jinkousu_areaage_h28-4-01_nakaku.xlsx,2025-12-14T19:22:26.938179+09:00,200,983627,"Thu, 23 Apr 2020 06:00:22 GMT","""f024b-5a3eef6d12980""",application/vnd.openxmlformats-officedocument.spreadsheetml.sheet,ec418c988de53579aecb195c013e52b11177ac136bf52f5e7fb29b41de954ad1,downloaded
2025-12-14T192110+0900,before,再編前,中区,10月,jinkousu_areaage_h28-10-01_nakaku.xlsx,c:\Users\pirat\Documents\MikkabiLab_population_analysis\data\archive\浜松市\町字別・年齢別人口表\2025-12-14T192110+0900\再編前\中区\10月\jinkousu_areaage_h28-10-01_nakaku.xlsx,https://www.city.hamamatsu.shizuoka.jp/documents/28007/jinkousu_areaage_h28-10-01_nakaku.xlsx,2025-12-14T19:22:27.663042+09:00,200,919039,"Thu, 23 Apr 2020 06:00:23 GMT","""e05ff-5a3eef6e06bc0""",application/vnd.openxmlformats-officedocument.spreadsheetml.sheet,2c7877f1a209c297fe1786aa25dfbf21d9e741ba23b3afcbf63832e086e38007,downloaded
2025-12-14T192110+0900,before,再編前,東区,4月,jinkousu_areaage_h28-4-01_higashiku.xlsx,c:\Users\pirat\Documents\MikkabiLab_population_analysis\data\archive\浜松市\町字別・年齢別人口表\2025-12-14T192110+0900\再編前\東区\4月\jinkousu_areaage_h28-4-01_higashiku.xlsx,https://www.city.hamamatsu.shizuoka.jp/documents/28007/jinkousu_areaage_h28-4-01_higashiku.xlsx,2025-12-14T19:22:28.318792+09:00,200,347053,"Thu, 23 Apr 2020 06:00:23 GMT","""54bad-5a3eef6e06bc0""",application/vnd.openxmlformats-officedocument.spreadsheetml.sheet,957d352d0994b9570746e507f42616a6bb4e0d4dc11d66acf292ebb3f8337b1e,downloaded
2025-12-14T192110+0900,before,再編前,東区,10月,jinkousu_areaage_h28-10-01_higashiku.xlsx,c:\Users\pirat\Documents\MikkabiLab_population_analysis\data\archive\浜松市\町字別・年齢別人口表\2025-12-14T192110+0900\再編前\東区\10月\jinkousu_areaage_h28-10-01_higashiku.xlsx,https://www.city.hamamatsu.shizuoka.jp/documents/28007/jinkousu_areaage_h28-10-01_higashiku.xlsx,2025-12-14T19:22:28.688430+09:00,200,368488,"Thu, 23 Apr 2020 06:00:23 GMT","""59f68-5a3eef6e06bc0""",application/vnd.openxmlformats-officedocument.spreadsheetml.sheet,d53b772631d13cd60d626bc3638b962e68e2933f0a61be7400ea1b83eecff46f,downloaded
2025-12-14T192110+0900,before,再編前,西区,4月,jinkousu_areaage_h28-4-01_nishiku.xlsx,c:\Users\pirat\Documents\MikkabiLab_population_analysis\data\archive\浜松市\町字別・年齢別人口表\2025-12-14T192110+0900\再編前\西区\4月\jinkousu_areaage_h28-4-01_nishiku.xlsx,https://www.city.hamamatsu.shizuoka.jp/documents/28007/jinkousu_areaage_h28-4-01_nishiku.xlsx,2025-12-14T19:22:29.071116+09:00,200,342948,"Thu, 23 Apr 2020 06:00:23 GMT","""53ba4-5a3eef6e06bc0""",application/vnd.openxmlformats-officedocument.spreadsheetml.sheet,71d8736617fb888aa5645dd69dca847a953c5e77feb160c66889096616cbab95,downloaded
2025-12-14T192110+0900,before,再編前,西区,10月,jinkousu_areaage_h28-10-01_nishiku.xlsx,c:\Users\pirat\Documents\MikkabiLab_population_analysis\data\archive\浜松市\町字別・年齢別人口表\2025-12-14T192110+0900\再編前\西区\10月\jinkousu_areaage_h28-10-01_nishiku.xlsx,https://www.city.hamamatsu.shizuoka.jp/documents/28007/jinkousu_areaage_h28-10-01_nishiku.xlsx,2025-12-14T19:22:29.434376+09:00,200,369156,"Thu, 23 Apr 2020 06:00:23 GMT","""5a204-5a3eef6e06bc0""",application/vnd.openxmlformats-officedocument.spreadsheetml.sheet,cccb77e974bb519be3bb3492e4cf496ac49f80424982deb9a15966e42caf7931,downloaded
2025-12-14T192110+0900,before,再編前,南区,4月,jinkousu_areaage_h28-4-01_minamiku.xlsx,c:\Users\pirat\Documents\MikkabiLab_population_analysis\data\archive\浜松市\町字別・年齢別人口表\2025-12-14T192110+0900\再編前\南区\4月\jinkousu_areaage_h28-4-01_minamiku.xlsx,https://www.city.hamamatsu.shizuoka.jp/documents/28007/jinkousu_areaage_h28-4-01_minamiku.xlsx,2025-12-14T19:22:29.817653+09:00,200,274577,"Thu, 23 Apr 2020 06:00:23 GMT","""43091-5a3eef6e06bc0""",application/vnd.openxmlformats-officedocument.spreadsheetml.sheet,2e5583fab826b4a2c6d5adfc05482a685448f211c571682283fc911294600d01,downloaded
2025-12-14T192110+0900,before,再編前,南区,10月,jinkousu_areaage_h28-10-01_minamiku.xlsx,c:\Users\pirat\Documents\MikkabiLab_population_analysis\data\archive\浜松市\町字別・年齢別人口表\2025-12-14T192110+0900\再編前\南区\10月\jinkousu_areaage_h28-10-01_minamiku.xlsx,https://www.city.hamamatsu.shizuoka.jp/documents/28007/jinkousu_areaage_h28-10-01_minamiku.xlsx,2025-12-14T19:22:30.440820+09:00,200,276044,"Thu, 23 Apr 2020 06:00:23 GMT","""4364c-5a3eef6e06bc0""",application/vnd.openxmlformats-officedocument.spreadsheetml.sheet,122c6f85ff6701a2fc4c9d70b7f291d5348a27dbb535560799d6f554cb0189f1,downloaded
2025-12-14T192110+0900,before,再編前,北区,4月,jinkousu_areaage_h28-4-01_kitaku.xlsx,c:\Users\pirat\Documents\MikkabiLab_population_analysis\data\archive\浜松市\町字別・年齢別人口表\2025-12-14T192110+0900\再編前\北区\4月\jinkousu_areaage_h28-4-01_kitaku.xlsx,https://www.city.hamamatsu.shizuoka.jp/documents/28007/jinkousu_areaage_h28-4-01_kitaku.xlsx,2025-12-14T19:22:30.814945+09:00,200,495490,"Thu, 23 Apr 2020 06:00:24 GMT","""78f82-5a3eef6efae00""",application/vnd.openxmlformats-officedocument.spreadsheetml.sheet,3091c33e83f5b57c6e137ec985a6b243414e12ec5dfe92fc011fd68f1baba443,downloaded
2025-12-14T192110+0900,before,再編前,北区,10月,jinkousu_areaage_h28-10-01_kitaku.xlsx,c:\Users\pirat\Documents\MikkabiLab_population_analysis\data\archive\浜松市\町字別・年齢別人口表\2025-12-14T192110+0900\再編前\北区\10月\jinkousu_areaage_h28-10-01_kitaku.xlsx,https://www.city.hamamatsu.shizuoka.jp/documents/28007/jinkousu_areaage_h28-10-01_kitaku.xlsx,2025-12-14T19:22:31.263130+09:00,200,449243,"Thu, 23 Apr 2020 06:00:24 GMT","""6dadb-5a3eef6efae00""",application/vnd.openxmlformats-officedocument.spreadsheetml.sheet,5957868f9abee4e49124cd92b4a0f2beaac050e2b1fb2d3dfe350d6b71b1f404,downloaded
2025-12-14T192110+0900,before,再編前,浜北区,4月,jinkousu_areaage_h28-4-01_hamakitaku.xlsx,c:\Users\pirat\Documents\MikkabiLab_population_analysis\data\archive\浜松市\町字別・年齢別人口表\2025-12-14T192110+0900\再編前\浜北区\4月\jinkousu_areaage_h28-4-01_hamakitaku.xlsx,https://www.city.hamamatsu.shizuoka.jp/documents/28007/jinkousu_areaage_h28-4-01_hamakitaku.xlsx,2025-12-14T19:22:31.665729+09:00,200,283356,"Thu, 23 Apr 2020 06:00:24 GMT","""452dc-5a3eef6efae00""",application/vnd.openxmlformats-officedocument.spreadsheetml.sheet,3964146bb06ec1772745c08fdf0e8d8a475d8ed47ef172daff18baa454738900,downloaded
2025-12-14T192110+0900,before,再編前,浜北区,10月,jinkousu_areaage_h28-10-01_hamakitaku.xlsx,c:\Users\pirat\Documents\MikkabiLab_population_analysis\data\archive\浜松市\町字別・年齢別人口表\2025-12-14T192110+0900\再編前\浜北区\10月\jinkousu_areaage_h28-10-01_hamakitaku.xlsx,https://www.city.hamamatsu.shizuoka.jp/documents/28007/jinkousu_areaage_h28-10-01_hamakitaku.xlsx,2025-12-14T19:22:32.000258+09:00,200,254707,"Thu, 23 Apr 2020 06:00:24 GMT","""3e2f3-5a3eef6efae00""",application/vnd.openxmlformats-officedocument.spreadsheetml.sheet,1111d8aeebbbe62a120ffa0ea989a6d62838de76768ff28bba9a46e83eacd3fd,downloaded
2025-12-14T192110+0900,before,再編前,天竜区,4月,jinkousu_areaage_h28-4-01_tenryuuku.xlsx,c:\Users\pirat\Documents\MikkabiLab_population_analysis\data\archive\浜松市\町字別・年齢別人口表\2025-12-14T192110+0900\再編前\天竜区\4月\jinkousu_areaage_h28-4-01_tenryuuku.xlsx,https://www.city.hamamatsu.shizuoka.jp/documents/28007/jinkousu_areaage_h28-4-01_tenryuuku.xlsx,2025-12-14T19:22:32.348847+09:00,200,1024393,"Thu, 23 Apr 2020 06:00:24 GMT","""fa189-5a3eef6efae00""",application/vnd.openxmlformats-officedocument.spreadsheetml.sheet,ebb5a3d6704e966b7e7d57eff4bd432804720ebe752ea0af36bc050d2ed6cc79,downloaded
2025-12-14T192110+0900,before,再編前,天竜区,10月,jinkousu_areaage_h28-10-01_tenryuuku.xlsx,c:\Users\pirat\Documents\MikkabiLab_population_analysis\data\archive\浜松市\町字別・年齢別人口表\2025-12-14T192110+0900\再編前\天竜区\10月\jinkousu_areaage_h28-10-01_tenryuuku.xlsx,https://www.city.hamamatsu.shizuoka.jp/documents/28007/jinkousu_areaage_h28-10-01_tenryuuku.xlsx,2025-12-14T19:22:33.031667+09:00,200,1030901,"Thu, 23 Apr 2020 06:00:24 GMT","""fbaf5-5a3eef6efae00""",application/vnd.openxmlformats-officedocument.spreadsheetml.sheet,7719ee5f40258b375c5816092d9e273eae0168e740dd94791250f22b105c3f0c,downloaded
2025-12-14T192110+0900,before,再編前,浜松市,4月,jinkousu_areaage_h27-4-01_hamamatsushi.xlsx,c:\Users\pirat\Documents\MikkabiLab_population_analysis\data\archive\浜松市\町字別・年齢別人口表\2025-12-14T192110+0900\再編前\浜松市\4月\jinkousu_areaage_h27-4-01_hamamatsushi.xlsx,https://www.city.hamamatsu.shizuoka.jp/documents/28007/jinkousu_areaage_h27-4-01_hamamatsushi.xlsx,2025-12-14T19:22:33.751521+09:00,200,26040,"Thu, 23 Apr 2020 06:00:24 GMT","""65b8-5a3eef6efae00""",application/vnd.openxmlformats-officedocument.spreadsheetml.sheet,085c083e716b051de2d469fe17c9f7f0ea028fb48409c7f74286a60968353cef,downloaded
2025-12-14T192110+0900,before,再編前,浜松市,10月,jinkousu_areaage_h27-10-01_hamamatsushi.xlsx,c:\Users\pirat\Documents\MikkabiLab_population_analysis\data\archive\浜松市\町字別・年齢別人口表\2025-12-14T192110+0900\再編前\浜松市\10月\jinkousu_areaage_h27-10-01_hamamatsushi.xlsx,https://www.city.hamamatsu.shizuoka.jp/documents/28007/jinkousu_areaage_h27-10-01_hamamatsushi.xlsx,2025-12-14T19:22:33.914206+09:00,200,26165,"Thu, 23 Apr 2020 06:00:25 GMT","""6635-5a3eef6fef040""",application/vnd.openxmlformats-officedocument.spreadsheetml.sheet,afe259a01791596173fd172cc19a4573735a903b5ae0b72f1a189415370af210,downloaded
2025-12-14T192110+0900,before,再編前,中区,4月,jinkousu_areaage_h27-4-01_nakaku.xlsx,c:\Users\pirat\Documents\MikkabiLab_population_analysis\data\archive\浜松市\町字別・年齢別人口表\2025-12-14T192110+0900\再編前\中区\4月\jinkousu_areaage_h27-4-01_nakaku.xlsx,https://www.city.hamamatsu.shizuoka.jp/documents/28007/jinkousu_areaage_h27-4-01_nakaku.xlsx,2025-12-14T19:22:34.077238+09:00,200,783403,"Thu, 23 Apr 2020 06:00:25 GMT","""bf42b-5a3eef6fef040""",application/vnd.openxmlformats-officedocument.spreadsheetml.sheet,f4b9dd4c9f7a6af4ac642f4089c5a12a173e83cc5273035c3774e0c3ae352af2,downloaded
2025-12-14T192110+0900,before,再編前,中区,10月,jinkousu_areaage_h27-10-01_nakaku.xlsx,c:\Users\pirat\Documents\MikkabiLab_population_analysis\data\archive\浜松市\町字別・年齢別人口表\2025-12-14T192110+0900\再編前\中区\10月\jinkousu_areaage_h27-10-01_nakaku.xlsx,https://www.city.hamamatsu.shizuoka.jp/documents/28007/jinkousu_areaage_h27-10-01_nakaku.xlsx,2025-12-14T19:22:34.664920+09:00,200,779782,"Thu, 23 Apr 2020 06:00:25 GMT","""be606-5a3eef6fef040""",application/vnd.openxmlformats-officedocument.spreadsheetml.sheet,d452ea50b82439e5d4da7423cf8cfdb27780b92cbe8901f189077d0528685e4a,downloaded
2025-12-14T192110+0900,before,再編前,東区,4月,jinkousu_areaage_h27-4-01_higashiku.xlsx,c:\Users\pirat\Documents\MikkabiLab_population_analysis\data\archive\浜松市\町字別・年齢別人口表\2025-12-14T192110+0900\再編前\東区\4月\jinkousu_areaage_h27-4-01_higashiku.xlsx,https://www.city.hamamatsu.shizuoka.jp/documents/28007/jinkousu_areaage_h27-4-01_higashiku.xlsx,2025-12-14T19:22:35.253728+09:00,200,276162,"Thu, 23 Apr 2020 06:00:25 GMT","""436c2-5a3eef6fef040""",application/vnd.openxmlformats-officedocument.spreadsheetml.sheet,1a3c1f29d7acb9696ebd35a106ea0ec7c45d92c2a1f754e9dce02253371e5582,downloaded
2025-12-14T192110+0900,before,再編前,東区,10月,jinkousu_areaage_h27-10-01_higashiku.xlsx,c:\Users\pirat\Documents\MikkabiLab_population_analysis\data\archive\浜松市\町字別・年齢別人口表\2025-12-14T192110+0900\再編前\東区\10月\jinkousu_areaage_h27-10-01_higashiku.xlsx,https://www.city.hamamatsu.shizuoka.jp/documents/28007/jinkousu_areaage_h27-10-01_higashiku.xlsx,2025-12-14T19:22:35.601053+09:00,200,277367,"Thu, 23 Apr 2020 06:00:25 GMT","""43b77-5a3eef6fef040""",application/vnd.openxmlformats-officedocument.spreadsheetml.sheet,314e7710086d7a507e2c303e60c69d2a507071a9700e5c80c48bde5396b00482,downloaded
2025-12-14T192110+0900,before,再編前,西区,4月,jinkousu_areaage_h27-4-01_nishiku.xlsx,c:\Users\pirat\Documents\MikkabiLab_population_analysis\data\archive\浜松市\町字別・年齢別人口表\2025-12-14T192110+0900\再編前\西区\4月\jinkousu_areaage_h27-4-01_nishiku.xlsx,https://www.city.hamamatsu.shizuoka.jp/documents/28007/jinkousu_areaage_h27-4-01_nishiku.xlsx,2025-12-14T19:22:36.318342+09:00,200,274535,"Thu, 23 Apr 2020 06:00:25 GMT","""43067-5a3eef6fef040""",application/vnd.openxmlformats-officedocument.spreadsheetml.sheet,d4f215d0f72dd81fa5b9083d4a6606a2e1abd9757943c88b08f3efe5b98411a4,downloaded
2025-12-14T192110+0900,before,再編前,西区,10月,jinkousu_areaage_h27-10-01_nishiku.xlsx,c:\Users\pirat\Documents\MikkabiLab_population_analysis\data\archive\浜松市\町字別・年齢別人口表\2025-12-14T192110+0900\再編前\西区\10月\jinkousu_areaage_h27-10-01_nishiku.xlsx,https://www.city.hamamatsu.shizuoka.jp/documents/28007/jinkousu_areaage_h27-10-01_nishiku.xlsx,2025-12-14T19:22:36.653845+09:00,200,274529,"Thu, 23 Apr 2020 06:00:25 GMT","""43061-5a3eef6fef040""",application/vnd.openxmlformats-officedocument.spreadsheetml.sheet,fed46e2aab6686e96bd5672d69be9c60cad5e1836e675a29607347ff26745136,downloaded
2025-12-14T192110+0900,before,再編前,南区,4月,jinkousu_areaage_h27-4-01_minamiku.xlsx,c:\Users\pirat\Documents\MikkabiLab_population_analysis\data\archive\浜松市\町字別・年齢別人口表\2025-12-14T192110+0900\再編前\南区\4月\jinkousu_areaage_h27-4-01_minamiku.xlsx,https://www.city.hamamatsu.shizuoka.jp/documents/28007/jinkousu_areaage_h27-4-01_minamiku.xlsx,2025-12-14T19:22:36.999891+09:00,200,274322,"Thu, 23 Apr 2020 06:00:26 GMT","""42f92-5a3eef70e3280""",application/vnd.openxmlformats-officedocument.spreadsheetml.sheet,bd888b173eac3cdd5bde2ca6064c20f97a6be495a61ec85c625a1e47d795a7cd,downloaded
2025-12-14T192110+0900,before,再編前,南区,10月,jinkousu_areaage_h27-10-01_minamiku.xlsx,c:\Users\pirat\Documents\MikkabiLab_population_analysis\data\archive\浜松市\町字別・年齢別人口表\2025-12-14T192110+0900\再編前\南区\10月\jinkousu_areaage_h27-10-01_minamiku.xlsx,https://www.city.hamamatsu.shizuoka.jp/documents/28007/jinkousu_areaage_h27-10-01_minamiku.xlsx,2025-12-14T19:22:37.384589+09:00,200,274631,"Thu, 23 Apr 2020 06:00:26 GMT","""430c7-5a3eef70e3280""",application/vnd.openxmlformats-officedocument.spreadsheetml.sheet,3711173496ed894344e80f6ab39b4273d447d72ca959cbe66871329e62cac75f,downloaded
2025-12-14T192110+0900,before,再編前,北区,4月,jinkousu_areaage_h27-4-01_kitaku.xlsx,c:\Users\pirat\Documents\MikkabiLab_population_analysis\data\archive\浜松市\町字別・年齢別人口表\2025-12-14T192110+0900\再編前\北区\4月\jinkousu_areaage_h27-4-01_kitaku.xlsx,https://www.city.hamamatsu.shizuoka.jp/documents/28007/jinkousu_areaage_h27-4-01_kitaku.xlsx,2025-12-14T19:22:37.720002+09:00,200,446455,"Thu, 23 Apr 2020 06:00:26 GMT","""6cff7-5a3eef70e3280""",application/vnd.openxmlformats-officedocument.spreadsheetml.sheet,5c9423bb810636b0091e7bded36d3a5dbab8ae84a1bad5482203b04ac7af6d52,downloaded
2025-12-14T192110+0900,before,再編前,北区,10月,jinkousu_areaage_h27-10-01_kitaku.xlsx,c:\Users\pirat\Documents\MikkabiLab_population_analysis\data\archive\浜松市\町字別・年齢別人口表\2025-12-14T192110+0900\再編前\北区\10月\jinkousu_areaage_h27-10-01_kitaku.xlsx,https://www.city.hamamatsu.shizuoka.jp/documents/28007/jinkousu_areaage_h27-10-01_kitaku.xlsx,2025-12-14T19:22:38.142379+09:00,200,447807,"Thu, 23 Apr 2020 06:00:26 GMT","""6d53f-5a3eef70e3280""",application/vnd.openxmlformats-officedocument.spreadsheetml.sheet,bbd3f7266f5ee3980c744214d2bd8c5be6631b85ffb4d558d63f600ab9fac6bd,downloaded
2025-12-14T192110+0900,before,再編前,浜北区,4月,jinkousu_areaage_h27-4-01_hamakitaku.xlsx,c:\Users\pirat\Documents\MikkabiLab_population_analysis\data\archive\浜松市\町字別・年齢別人口表\2025-12-14T192110+0900\再編前\浜北区\4月\jinkousu_areaage_h27-4-01_hamakitaku.xlsx,https://www.city.hamamatsu.shizuoka.jp/documents/28007/jinkousu_areaage_h27-4-01_hamakitaku.xlsx,2025-12-14T19:22:38.909034+09:00,200,218157,"Thu, 23 Apr 2020 06:00:26 GMT","""3542d-5a3eef70e3280""",application/vnd.openxmlformats-officedocument.spreadsheetml.sheet,843cff979190a562e272141b95fdbcfa064be48a3b8d233c298788bbc6059222,downloaded
2025-12-14T192110+0900,before,再編前,浜北区,10月,jinkousu_areaage_h27-10-01_hamakitaku.xlsx,c:\Users\pirat\Documents\MikkabiLab_population_analysis\data\archive\浜松市\町字別・年齢別人口表\2025-12-14T192110+0900\再編前\浜北区\10月\jinkousu_areaage_h27-10-01_hamakitaku.xlsx,https://www.city.hamamatsu.shizuoka.jp/documents/28007/jinkousu_areaage_h27-10-01_hamakitaku.xlsx,2025-12-14T19:22:39.194558+09:00,200,219886,"Thu, 23 Apr 2020 06:00:26 GMT","""35aee-5a3eef70e3280""",application/vnd.openxmlformats-officedocument.spreadsheetml.sheet,e4bd4fe9c069d4518436bc6584bcc1be7cc766276843641af6d2ba016be07a2a,downloaded
2025-12-14T192110+0900,before,再編前,天竜区,4月,jinkousu_areaage_h27-4-01_tennryuuku.xlsx,c:\Users\pirat\Documents\MikkabiLab_population_analysis\data\archive\浜松市\町字別・年齢別人口表\2025-12-14T192110+0900\再編前\天竜区\4月\jinkousu_areaage_h27-4-01_tennryuuku.xlsx,https://www.city.hamamatsu.shizuoka.jp/documents/28007/jinkousu_areaage_h27-4-01_tennryuuku.xlsx,2025-12-14T19:22:39.657194+09:00,200,575452,"Thu, 23 Apr 2020 06:00:26 GMT","""8c7dc-5a3eef70e3280""",application/vnd.openxmlformats-officedocument.spreadsheetml.sheet,631b017dba081ca9c29745f196a930a057685149f02ffc3ef97aec53e3dab561,downloaded
2025-12-14T192110+0900,before,再編前,天竜区,10月,jinkousu_areaage_h27-10-01_tenryuuku.xlsx,c:\Users\pirat\Documents\MikkabiLab_population_analysis\data\archive\浜松市\町字別・年齢別人口表\2025-12-14T192110+0900\再編前\天竜区\10月\jinkousu_areaage_h27-10-01_tenryuuku.xlsx,https://www.city.hamamatsu.shizuoka.jp/documents/28007/jinkousu_areaage_h27-10-01_tenryuuku.xlsx,2025-12-14T19:22:40.131770+09:00,200,574695,"Thu, 23 Apr 2020 06:00:27 GMT","""8c4e7-5a3eef71d74c0""",application/vnd.openxmlformats-officedocument.spreadsheetml.sheet,304965ffc04624516f813c5197a3156c41ab375e0f113df927ceef3a4b284834,downloaded
2025-12-14T192110+0900,before,再編前,浜松市,4月,jinkousu_areaage_h26-04-01_hamamatsushi.xls,c:\Users\pirat\Documents\MikkabiLab_population_analysis\data\archive\浜松市\町字別・年齢別人口表\2025-12-14T192110+0900\再編前\浜松市\4月\jinkousu_areaage_h26-04-01_hamamatsushi.xls,https://www.city.hamamatsu.shizuoka.jp/documents/28007/jinkousu_areaage_h26-04-01_hamamatsushi.xls,2025-12-14T19:22:40.861939+09:00,200,41472,"Thu, 23 Apr 2020 06:00:27 GMT","""a200-5a3eef71d74c0""",application/vnd.ms-excel,516ccd51176246c506709adcb6986f0e4e11f64f38bfed602307f90966750498,downloaded
2025-12-14T192110+0900,before,再編前,浜松市,10月,jinkousu_areaage_h26-10-01_hamamatsushi.xls,c:\Users\pirat\Documents\MikkabiLab_population_analysis\data\archive\浜松市\町字別・年齢別人口表\2025-12-14T192110+0900\再編前\浜松市\10月\jinkousu_areaage_h26-10-01_hamamatsushi.xls,https://www.city.hamamatsu.shizuoka.jp/documents/28007/jinkousu_areaage_h26-10-01_hamamatsushi.xls,2025-12-14T19:22:41.061348+09:00,200,42496,"Thu, 23 Apr 2020 06:00:27 GMT","""a600-5a3eef71d74c0""",application/vnd.ms-excel,38ebddac83b82cbda4a4f86c1fbb53448a98a46feb01f4ab95545bbf2a5a20bb,downloaded
2025-12-14T192110+0900,before,再編前,中区,4月,jinkousu_areaage_h26-04-01_nakaku.xls,c:\Users\pirat\Documents\MikkabiLab_population_analysis\data\archive\浜松市\町字別・年齢別人口表\2025-12-14T192110+0900\再編前\中区\4月\jinkousu_areaage_h26-04-01_nakaku.xls,https://www.city.hamamatsu.shizuoka.jp/documents/28007/jinkousu_areaage_h26-04-01_nakaku.xls,2025-12-14T19:22:41.265119+09:00,200,1219072,"Thu, 23 Apr 2020 06:00:27 GMT","""129a00-5a3eef71d74c0""",application/vnd.ms-excel,d03a1f28d7af9de9b1b486c4b95fc698172ada4e3eaed345913cbbf219c91406,downloaded
2025-12-14T192110+0900,before,再編前,中区,10月,jinkousu_areaage_h26-10-01_nakaku.xls,c:\Users\pirat\Documents\MikkabiLab_population_analysis\data\archive\浜松市\町字別・年齢別人口表\2025-12-14T192110+0900\再編前\中区\10月\jinkousu_areaage_h26-10-01_nakaku.xls,https://www.city.hamamatsu.shizuoka.jp/documents/28007/jinkousu_areaage_h26-10-01_nakaku.xls,2025-12-14T19:22:42.039315+09:00,200,1209856,"Thu, 23 Apr 2020 06:00:27 GMT","""127600-5a3eef71d74c0""",application/vnd.ms-excel,a01a63e356b83e21bdc802c2ff1625955bf3cc4ec69631bf9c21668f580c9cca,downloaded
2025-12-14T192110+0900,before,再編前,東区,4月,jinkousu_areaage_h26-04-01_higashiku.xls,c:\Users\pirat\Documents\MikkabiLab_population_analysis\data\archive\浜松市\町字別・年齢別人口表\2025-12-14T192110+0900\再編前\東区\4月\jinkousu_areaage_h26-04-01_higashiku.xls,https://www.city.hamamatsu.shizuoka.jp/documents/28007/jinkousu_areaage_h26-04-01_higashiku.xls,2025-12-14T19:22:42.829061+09:00,200,432640,"Thu, 23 Apr 2020 06:00:27 GMT","""69a00-5a3eef71d74c0""",application/vnd.ms-excel,362f9375f49eea43d0ccd42b3c5f86c1832aa5c9a0650e67960a367734a14ec3,downloaded
2025-12-14T192110+0900,before,再編前,東区,10月,jinkousu_areaage_h26-10-01_higashiku.xls,c:\Users\pirat\Documents\MikkabiLab_population_analysis\data\archive\浜松市\町字別・年齢別人口表\2025-12-14T192110+0900\再編前\東区\10月\jinkousu_areaage_h26-10-01_higashiku.xls,https://www.city.hamamatsu.shizuoka.jp/documents/28007/jinkousu_areaage_h26-10-01_higashiku.xls,2025-12-14T19:22:43.230625+09:00,200,428032,"Thu, 23 Apr 2020 06:00:27 GMT","""68800-5a3eef71d74c0""",application/vnd.ms-excel,ef4fa8cd326974e8f65523b7e77d5a51d5ddecf58d363cab253b3948a51fa2a2,downloaded
2025-12-14T192110+0900,before,再編前,西区,4月,jinkousu_areaage_h26-04-01_nishiku.xls,c:\Users\pirat\Documents\MikkabiLab_population_analysis\data\archive\浜松市\町字別・年齢別人口表\2025-12-14T192110+0900\再編前\西区\4月\jinkousu_areaage_h26-04-01_nishiku.xls,https://www.city.hamamatsu.shizuoka.jp/documents/28007/jinkousu_areaage_h26-04-01_nishiku.xls,2025-12-14T19:22:43.669861+09:00,200,404992,"Thu, 23 Apr 2020 06:00:28 GMT","""62e00-5a3eef72cb700""",application/vnd.ms-excel,8640e71088898a9a33c469d8213fdf46411ee23029baf2229cc66f54a7c35b5f,downloaded
2025-12-14T192110+0900,before,再編前,西区,10月,jinkousu_areaage_h26-10-01_nishiku.xls,c:\Users\pirat\Documents\MikkabiLab_population_analysis\data\archive\浜松市\町字別・年齢別人口表\2025-12-14T192110+0900\再編前\西区\10月\jinkousu_areaage_h26-10-01_nishiku.xls,https://www.city.hamamatsu.shizuoka.jp/documents/28007/jinkousu_areaage_h26-10-01_nishiku.xls,2025-12-14T19:22:44.100272+09:00,200,386048,"Thu, 23 Apr 2020 06:00:28 GMT","""5e400-5a3eef72cb700""",application/vnd.ms-excel,9d414153ea9362f5455ca190f489cc8e9f4522187bbacfee052647ef94b8782b,downloaded
2025-12-14T192110+0900,before,再編前,南区,4月,jinkousu_areaage_h26-04-01_minamiku.xls,c:\Users\pirat\Documents\MikkabiLab_population_analysis\data\archive\浜松市\町字別・年齢別人口表\2025-12-14T192110+0900\再編前\南区\4月\jinkousu_areaage_h26-04-01_minamiku.xls,https://www.city.hamamatsu.shizuoka.jp/documents/28007/jinkousu_areaage_h26-04-01_minamiku.xls,2025-12-14T19:22:44.480798+09:00,200,423424,"Thu, 23 Apr 2020 06:00:28 GMT","""67600-5a3eef72cb700""",application/vnd.ms-excel,df4ab36adc819d8e3b6ab6a482d43b287b89dbdefef558c6a424e9432d1cea3d,downloaded
2025-12-14T192110+0900,before,再編前,南区,10月,jinkousu_areaage_h26-10-01_minamiku.xls,c:\Users\pirat\Documents\MikkabiLab_population_analysis\data\archive\浜松市\町字別・年齢別人口表\2025-12-14T192110+0900\再編前\南区\10月\jinkousu_areaage_h26-10-01_minamiku.xls,https://www.city.hamamatsu.shizuoka.jp/documents/28007/jinkousu_areaage_h26-10-01_minamiku.xls,2025-12-14T19:22:44.890465+09:00,200,418816,"Thu, 23 Apr 2020 06:00:28 GMT","""66400-5a3eef72cb700""",application/vnd.ms-excel,5ee5d0ee248d15eb09aa63237a5959778762239efa76fceb654f8c2170a2bae6,downloaded
2025-12-14T192110+0900,before,再編前,北区,4月,jinkousu_areaage_h26-04-01_kitaku.xls,c:\Users\pirat\Documents\MikkabiLab_population_analysis\data\archive\浜松市\町字別・年齢別人口表\2025-12-14T192110+0900\再編前\北区\4月\jinkousu_areaage_h26-04-01_kitaku.xls,https://www.city.hamamatsu.shizuoka.jp/documents/28007/jinkousu_areaage_h26-04-01_kitaku.xls,2025-12-14T19:22:46.184794+09:00,200,573952,"Thu, 23 Apr 2020 06:00:28 GMT","""8c200-5a3eef72cb700""",application/vnd.ms-excel,82fc0465d16e0d61cff8e5469348c89e6ad4c1f29770cd438b5c078bdd94c6cd,downloaded
2025-12-14T192110+0900,before,再編前,北区,10月,jinkousu_areaage_h26-10-01_kitaku.xls,c:\Users\pirat\Documents\MikkabiLab_population_analysis\data\archive\浜松市\町字別・年齢別人口表\2025-12-14T192110+0900\再編前\北区\10月\jinkousu_areaage_h26-10-01_kitaku.xls,https://www.city.hamamatsu.shizuoka.jp/documents/28007/jinkousu_areaage_h26-10-01_kitaku.xls,2025-12-14T19:22:46.691459+09:00,200,499712,"Thu, 23 Apr 2020 06:00:28 GMT","""7a000-5a3eef72cb700""",application/vnd.ms-excel,ad80910387afce397956f36504df3adaee06f451d9c1159d905cccfecf915c7e,downloaded
2025-12-14T192110+0900,before,再編前,浜北区,4月,jinkousu_areaage_h26-04-01_hamakitaku.xls,c:\Users\pirat\Documents\MikkabiLab_population_analysis\data\archive\浜松市\町字別・年齢別人口表\2025-12-14T192110+0900\再編前\浜北区\4月\jinkousu_areaage_h26-04-01_hamakitaku.xls,https://www.city.hamamatsu.shizuoka.jp/documents/28007/jinkousu_areaage_h26-04-01_hamakitaku.xls,2025-12-14T19:22:47.180734+09:00,200,337920,"Thu, 23 Apr 2020 06:00:28 GMT","""52800-5a3eef72cb700""",application/vnd.ms-excel,399f7254c7751a5821b22f9b482b54e341252aa44528aba31135c528d788542f,downloaded
2025-12-14T192110+0900,before,再編前,浜北区,10月,jinkousu_areaage_h26-10-01_hamakitaku.xls,c:\Users\pirat\Documents\MikkabiLab_population_analysis\data\archive\浜松市\町字別・年齢別人口表\2025-12-14T192110+0900\再編前\浜北区\10月\jinkousu_areaage_h26-10-01_hamakitaku.xls,https://www.city.hamamatsu.shizuoka.jp/documents/28007/jinkousu_areaage_h26-10-01_hamakitaku.xls,2025-12-14T19:22:47.545209+09:00,200,314368,"Thu, 23 Apr 2020 06:00:29 GMT","""4cc00-5a3eef73bf940""",application/vnd.ms-excel,a98ce6f96fcabc336d5dd44863099ef7a02f6333b76f59f14daefe0aae99c530,downloaded
2025-12-14T192110+0900,before,再編前,天竜区,4月,jinkousu_areaage_h26-04-01_tenryuuku.xls,c:\Users\pirat\Documents\MikkabiLab_population_analysis\data\archive\浜松市\町字別・年齢別人口表\2025-12-14T192110+0900\再編前\天竜区\4月\jinkousu_areaage_h26-04-01_tenryuuku.xls,https://www.city.hamamatsu.shizuoka.jp/documents/28007/jinkousu_areaage_h26-04-01_tenryuuku.xls,2025-12-14T19:22:47.879900+09:00,200,714752,"Thu, 23 Apr 2020 06:00:29 GMT","""ae800-5a3eef73bf940""",application/vnd.ms-excel,e9e6ddd906a922a6f26cca7de0e5e6e29f1785de97b9e33a6f012c1bc719d70d,downloaded
2025-12-14T192110+0900,before,再編前,天竜区,10月,jinkousu_areaage_h26-10-01_tenryuuku.xls,c:\Users\pirat\Documents\MikkabiLab_population_analysis\data\archive\浜松市\町字別・年齢別人口表\2025-12-14T192110+0900\再編前\天竜区\10月\jinkousu_areaage_h26-10-01_tenryuuku.xls,https://www.city.hamamatsu.shizuoka.jp/documents/28007/jinkousu_areaage_h26-10-01_tenryuuku.xls,2025-12-14T19:22:48.505927+09:00,200,599040,"Thu, 23 Apr 2020 06:00:29 GMT","""92400-5a3eef73bf940""",application/vnd.ms-excel,daa9be5e8ca7989b27264ca022e2c754f823e7f75a0bc204ebc8718bf74bf4d1,downloaded
2025-12-14T192110+0900,before,再編前,浜松市,4月,jinkousu_areaage_h25-04-01_hamamatsushi.xls,c:\Users\pirat\Documents\MikkabiLab_population_analysis\data\archive\浜松市\町字別・年齢別人口表\2025-12-14T192110+0900\再編前\浜松市\4月\jinkousu_areaage_h25-04-01_hamamatsushi.xls,https://www.city.hamamatsu.shizuoka.jp/documents/28007/jinkousu_areaage_h25-04-01_hamamatsushi.xls,2025-12-14T19:22:49.018393+09:00,200,32256,"Thu, 23 Apr 2020 06:00:29 GMT","""7e00-5a3eef73bf940""",application/vnd.ms-excel,fc48ee515910e6eca937227957fb69056a4a29abef812d4ae25fb8ce7902863c,downloaded
2025-12-14T192110+0900,before,再編前,浜松市,10月,jinkousu_areaage_h25-10-01_hamamatsushi.xls,c:\Users\pirat\Documents\MikkabiLab_population_analysis\data\archive\浜松市\町字別・年齢別人口表\2025-12-14T192110+0900\再編前\浜松市\10月\jinkousu_areaage_h25-10-01_hamamatsushi.xls,https://www.city.hamamatsu.shizuoka.jp/documents/28007/jinkousu_areaage_h25-10-01_hamamatsushi.xls,2025-12-14T19:22:49.217434+09:00,200,47616,"Thu, 23 Apr 2020 06:00:29 GMT","""ba00-5a3eef73bf940""",application/vnd.ms-excel,15bfaf36f94e7476ecfba499707d6c3856c5b3bc39283f463a1f9e26ee88fa73,downloaded
2025-12-14T192110+0900,before,再編前,中区,4月,jinkousu_areaage_h25-04-01_nakaku.xls,c:\Users\pirat\Documents\MikkabiLab_population_analysis\data\archive\浜松市\町字別・年齢別人口表\2025-12-14T192110+0900\再編前\中区\4月\jinkousu_areaage_h25-04-01_nakaku.xls,https://www.city.hamamatsu.shizuoka.jp/documents/28007/jinkousu_areaage_h25-04-01_nakaku.xls,2025-12-14T19:22:49.420729+09:00,200,1220096,"Thu, 23 Apr 2020 06:00:29 GMT","""129e00-5a3eef73bf940""",application/vnd.ms-excel,54345c58c92e39a85a2212fbdb38034985d4a5b8632fe1743a1275c5859b051c,downloaded
2025-12-14T192110+0900,before,再編前,中区,10月,jinkousu_areaage_h25-10-01_nakaku.xls,c:\Users\pirat\Documents\MikkabiLab_population_analysis\data\archive\浜松市\町字別・年齢別人口表\2025-12-14T192110+0900\再編前\中区\10月\jinkousu_areaage_h25-10-01_nakaku.xls,https://www.city.hamamatsu.shizuoka.jp/documents/28007/jinkousu_areaage_h25-10-01_nakaku.xls,2025-12-14T19:22:50.477104+09:00,200,1183232,"Thu, 23 Apr 2020 06:00:29 GMT","""120e00-5a3eef73bf940""",application/vnd.ms-excel,0b8a0823bb7ac0366841e9d3623753080b41d003a7412591f5612289d33e0b08,downloaded
2025-12-14T192110+0900,before,再編前,東区,4月,jinkousu_areaage_h25-04-01_higashiku.xls,c:\Users\pirat\Documents\MikkabiLab_population_analysis\data\archive\浜松市\町字別・年齢別人口表\2025-12-14T192110+0900\再編前\東区\4月\jinkousu_areaage_h25-04-01_higashiku.xls,https://www.city.hamamatsu.shizuoka.jp/documents/28007/jinkousu_areaage_h25-04-01_higashiku.xls,2025-12-14T19:22:51.288791+09:00,200,425472,"Thu, 23 Apr 2020 06:00:30 GMT","""67e00-5a3eef74b3b80""",application/vnd.ms-excel,6d5f0c02f825bc702562b85963a6708baf882e1a0e5921b547e90e373c1232dc,downloaded
2025-12-14T192110+0900,before,再編前,東区,10月,jinkousu_areaage_h25-10-01_higashiku.xls,c:\Users\pirat\Documents\MikkabiLab_population_analysis\data\archive\浜松市\町字別・年齢別人口表\2025-12-14T192110+0900\再編前\東区\10月\jinkousu_areaage_h25-10-01_higashiku.xls,https://www.city.hamamatsu.shizuoka.jp/documents/28007/jinkousu_areaage_h25-10-01_higashiku.xls,2025-12-14T19:22:51.695186+09:00,200,468992,"Thu, 23 Apr 2020 06:00:30 GMT","""72800-5a3eef74b3b80""",application/vnd.ms-excel,9d549ee63565299d11dc8fe3d91693ad52dc381bce6af6da875b128bf19e704b,downloaded
2025-12-14T192110+0900,before,再編前,西区,4月,jinkousu_areaage_h25-04-01_nishiku.xls,c:\Users\pirat\Documents\MikkabiLab_population_analysis\data\archive\浜松市\町字別・年齢別人口表\2025-12-14T192110+0900\再編前\西区\4月\jinkousu_areaage_h25-04-01_nishiku.xls,https://www.city.hamamatsu.shizuoka.jp/documents/28007/jinkousu_areaage_h25-04-01_nishiku.xls,2025-12-14T19:22:52.595274+09:00,200,396800,"Thu, 23 Apr 2020 06:00:30 GMT","""60e00-5a3eef74b3b80""",application/vnd.ms-excel,04327907918a82c17b9f621a0c8e1d6fdfb652814eaa31aec962c998aa220311,downloaded
2025-12-14T192110+0900,before,再編前,西区,10月,jinkousu_areaage_h25-10-01_nishiku.xls,c:\Users\pirat\Documents\MikkabiLab_population_analysis\data\archive\浜松市\町字別・年齢別人口表\2025-12-14T192110+0900\再編前\西区\10月\jinkousu_areaage_h25-10-01_nishiku.xls,https://www.city.hamamatsu.shizuoka.jp/documents/28007/jinkousu_areaage_h25-10-01_nishiku.xls,2025-12-14T19:22:52.971163+09:00,200,440320,"Thu, 23 Apr 2020 06:00:30 GMT","""6b800-5a3eef74b3b80""",application/vnd.ms-excel,5686d5edfd4e5f8e374dfabd4a57138c6360e0bfd2762d17dfbb1cc8cb79f3c8,downloaded
2025-12-14T192110+0900,before,再編前,南区,4月,jinkousu_areaage_h25-04-01_minamiku.xls,c:\Users\pirat\Documents\MikkabiLab_population_analysis\data\archive\浜松市\町字別・年齢別人口表\2025-12-14T192110+0900\再編前\南区\4月\jinkousu_areaage_h25-04-01_minamiku.xls,https://www.city.hamamatsu.shizuoka.jp/documents/28007/jinkousu_areaage_h25-04-01_minamiku.xls,2025-12-14T19:22:53.433553+09:00,200,427520,"Thu, 23 Apr 2020 06:00:30 GMT","""68600-5a3eef74b3b80""",application/vnd.ms-excel,19ccad1889da76506f792dae17ba11f632af769ce22c82cbb3c79f23b9afeabd,downloaded
2025-12-14T192110+0900,before,再編前,南区,10月,jinkousu_areaage_h25-10-01_minamiku.xls,c:\Users\pirat\Documents\MikkabiLab_population_analysis\data\archive\浜松市\町字別・年齢別人口表\2025-12-14T192110+0900\再編前\南区\10月\jinkousu_areaage_h25-10-01_minamiku.xls,https://www.city.hamamatsu.shizuoka.jp/documents/28007/jinkousu_areaage_h25-10-01_minamiku.xls,2025-12-14T19:22:53.853804+09:00,200,468480,"Thu, 23 Apr 2020 06:00:30 GMT","""72600-5a3eef74b3b80""",application/vnd.ms-excel,fa007f488a5f73ab7a69339ca8f79533ac985d09e05a8eb85a1b7648ba9614b0,downloaded
2025-12-14T192110+0900,before,再編前,北区,4月,jinkousu_areaage_h25-04-01_kitaku.xls,c:\Users\pirat\Documents\MikkabiLab_population_analysis\data\archive\浜松市\町字別・年齢別人口表\2025-12-14T192110+0900\再編前\北区\4月\jinkousu_areaage_h25-04-01_kitaku.xls,https://www.city.hamamatsu.shizuoka.jp/documents/28007/jinkousu_areaage_h25-04-01_kitaku.xls,2025-12-14T19:22:54.309901+09:00,200,576512,"Thu, 23 Apr 2020 06:00:31 GMT","""8cc00-5a3eef75a7dc0""",application/vnd.ms-excel,3f35daa0a057e6f442995ff65ee7d591baadfb9400b0b4d63d3902a97fc8bea6,downloaded
2025-12-14T192110+0900,before,再編前,北区,10月,jinkousu_areaage_h25-10-01_kitaku.xls,c:\Users\pirat\Documents\MikkabiLab_population_analysis\data\archive\浜松市\町字別・年齢別人口表\2025-12-14T192110+0900\再編前\北区\10月\jinkousu_areaage_h25-10-01_kitaku.xls,https://www.city.hamamatsu.shizuoka.jp/documents/28007/jinkousu_areaage_h25-10-01_kitaku.xls,2025-12-14T19:22:54.813074+09:00,200,624640,"Thu, 23 Apr 2020 06:00:31 GMT","""98800-5a3eef75a7dc0""",application/vnd.ms-excel,93a6d127c55e96d290560af6d2ba6486a2253e1d729c296212b0a9c914018e6f,downloaded
2025-12-14T192110+0900,before,再編前,浜北区,4月,jinkousu_areaage_h25-04-01_hamakitaku.xls,c:\Users\pirat\Documents\MikkabiLab_population_analysis\data\archive\浜松市\町字別・年齢別人口表\2025-12-14T192110+0900\再編前\浜北区\4月\jinkousu_areaage_h25-04-01_hamakitaku.xls,https://www.city.hamamatsu.shizuoka.jp/documents/28007/jinkousu_areaage_h25-04-01_hamakitaku.xls,2025-12-14T19:22:55.520429+09:00,200,338944,"Thu, 23 Apr 2020 06:00:31 GMT","""52c00-5a3eef75a7dc0""",application/vnd.ms-excel,0f39fe2b923af8cc5571fa018b576904cd934be5b1e41ca100d188c0474c2515,downloaded
2025-12-14T192110+0900,before,再編前,浜北区,10月,jinkousu_areaage_h25-10-01_hamakitaku.xls,c:\Users\pirat\Documents\MikkabiLab_population_analysis\data\archive\浜松市\町字別・年齢別人口表\2025-12-14T192110+0900\再編前\浜北区\10月\jinkousu_areaage_h25-10-01_hamakitaku.xls,https://www.city.hamamatsu.shizuoka.jp/documents/28007/jinkousu_areaage_h25-10-01_hamakitaku.xls,2025-12-14T19:22:55.882640+09:00,200,349696,"Thu, 23 Apr 2020 06:00:31 GMT","""55600-5a3eef75a7dc0""",application/vnd.ms-excel,d4f5e3a28aa58b2462495c71bcb882303a211e331281dbb10403f3a67de26ea5,downloaded
2025-12-14T192110+0900,before,再編前,天竜区,4月,jinkousu_areaage_h25-04-01_tenryuuku.xls,c:\Users\pirat\Documents\MikkabiLab_population_analysis\data\archive\浜松市\町字別・年齢別人口表\2025-12-14T192110+0900\再編前\天竜区\4月\jinkousu_areaage_h25-04-01_tenryuuku.xls,https://www.city.hamamatsu.shizuoka.jp/documents/28007/jinkousu_areaage_h25-04-01_tenryuuku.xls,2025-12-14T19:22:56.256618+09:00,200,715264,"Thu, 23 Apr 2020 06:00:31 GMT","""aea00-5a3eef75a7dc0""",application/vnd.ms-excel,db05c3352dbf08ffa5e3a54c7c84a688c0fd691c070aee6c2731d1694226f310,downloaded
2025-12-14T192110+0900,before,再編前,天竜区,10月,jinkousu_areaage_h25-10-01_tenryuuku.xls,c:\Users\pirat\Documents\MikkabiLab_population_analysis\data\archive\浜松市\町字別・年齢別人口表\2025-12-14T192110+0900\再編前\天竜区\10月\jinkousu_areaage_h25-10-01_tenryuuku.xls,https://www.city.hamamatsu.shizuoka.jp/documents/28007/jinkousu_areaage_h25-10-01_tenryuuku.xls,2025-12-14T19:22:57.216571+09:00,200,723456,"Thu, 23 Apr 2020 06:00:31 GMT","""b0a00-5a3eef75a7dc0""",application/vnd.ms-excel,909db9969a30e698742335ab617448caa26db4b6788f9dc5272299a01088bb9f,downloaded
2025-12-14T192110+0900,before,再編前,浜松市,4月,jinkousu_areaage_h24-04-01_hamamatsushi.xls,c:\Users\pirat\Documents\MikkabiLab_population_analysis\data\archive\浜松市\町字別・年齢別人口表\2025-12-14T192110+0900\再編前\浜松市\4月\jinkousu_areaage_h24-04-01_hamamatsushi.xls,https://www.city.hamamatsu.shizuoka.jp/documents/28007/jinkousu_areaage_h24-04-01_hamamatsushi.xls,2025-12-14T19:22:57.760543+09:00,200,32768,"Thu, 23 Apr 2020 06:00:31 GMT","""8000-5a3eef75a7dc0""",application/vnd.ms-excel,09f38ae5a6264e460faf8a055111aa21bbaab650e85d9995243ea4d2d77449ed,downloaded
2025-12-14T192110+0900,before,再編前,浜松市,10月,jinkousu_areaage_h24-10-01_hamamatsushi.xls,c:\Users\pirat\Documents\MikkabiLab_population_analysis\data\archive\浜松市\町字別・年齢別人口表\2025-12-14T192110+0900\再編前\浜松市\10月\jinkousu_areaage_h24-10-01_hamamatsushi.xls,https://www.city.hamamatsu.shizuoka.jp/documents/28007/jinkousu_areaage_h24-10-01_hamamatsushi.xls,2025-12-14T19:22:57.971116+09:00,200,32256,"Thu, 23 Apr 2020 06:00:32 GMT","""7e00-5a3eef769c000""",application/vnd.ms-excel,eb331f157719a81a0b41a0a9f99099cd8a7eac3c4c014c4d0d9ec0c758da1f7f,downloaded
2025-12-14T192110+0900,before,再編前,中区,4月,jinkousu_areaage_h24-04-01_nakaku.xls,c:\Users\pirat\Documents\MikkabiLab_population_analysis\data\archive\浜松市\町字別・年齢別人口表\2025-12-14T192110+0900\再編前\中区\4月\jinkousu_areaage_h24-04-01_nakaku.xls,https://www.city.hamamatsu.shizuoka.jp/documents/28007/jinkousu_areaage_h24-04-01_nakaku.xls,2025-12-14T19:22:58.165599+09:00,200,1348608,"Thu, 23 Apr 2020 06:00:32 GMT","""149400-5a3eef769c000""",application/vnd.ms-excel,120ca61d3e30323a68b99513cf760ffe9e5b5ccb82adc51938027ce56b349c6e,downloaded
2025-12-14T192110+0900,before,再編前,中区,10月,jinkousu_areaage_h24-10-01_nakaku.xls,c:\Users\pirat\Documents\MikkabiLab_population_analysis\data\archive\浜松市\町字別・年齢別人口表\2025-12-14T192110+0900\再編前\中区\10月\jinkousu_areaage_h24-10-01_nakaku.xls,https://www.city.hamamatsu.shizuoka.jp/documents/28007/jinkousu_areaage_h24-10-01_nakaku.xls,2025-12-14T19:22:59.012832+09:00,200,1199104,"Thu, 23 Apr 2020 06:00:32 GMT","""124c00-5a3eef769c000""",application/vnd.ms-excel,96647ec28a4d29fd8686993328a96ba2d5626195c329caad7ee9903e66cfb304,downloaded
2025-12-14T192110+0900,before,再編前,東区,4月,jinkousu_areaage_h24-04-01_higashiku.xls,c:\Users\pirat\Documents\MikkabiLab_population_analysis\data\archive\浜松市\町字別・年齢別人口表\2025-12-14T192110+0900\再編前\東区\4月\jinkousu_areaage_h24-04-01_higashiku.xls,https://www.city.hamamatsu.shizuoka.jp/documents/28007/jinkousu_areaage_h24-04-01_higashiku.xls,2025-12-14T19:22:59.818709+09:00,200,443392,"Thu, 23 Apr 2020 06:00:32 GMT","""6c400-5a3eef769c000""",application/vnd.ms-excel,53d08279c31d9bb822be53da0c377330a03ebebd5fc929ca06de3d2e018e8222,downloaded
2025-12-14T192110+0900,before,再編前,東区,10月,jinkousu_areaage_h24-10-01_higashiku.xls,c:\Users\pirat\Documents\MikkabiLab_population_analysis\data\archive\浜松市\町字別・年齢別人口表\2025-12-14T192110+0900\再編前\東区\10月\jinkousu_areaage_h24-10-01_higashiku.xls,https://www.city.hamamatsu.shizuoka.jp/documents/28007/jinkousu_areaage_h24-10-01_higashiku.xls,2025-12-14T19:23:00.295049+09:00,200,425472,"Thu, 23 Apr 2020 06:00:32 GMT","""67e00-5a3eef769c000""",application/vnd.ms-excel,e30b16a54e6f73a1024392765d1bf2fe683bc9be1d8f5fe334f3192a2e504ab7,downloaded
2025-12-14T192110+0900,before,再編前,西区,4月,jinkousu_areaage_h24-04-01_nishiku.xls,c:\Users\pirat\Documents\MikkabiLab_population_analysis\data\archive\浜松市\町字別・年齢別人口表\2025-12-14T192110+0900\再編前\西区\4月\jinkousu_areaage_h24-04-01_nishiku.xls,https://www.city.hamamatsu.shizuoka.jp/documents/28007/jinkousu_areaage_h24-04-01_nishiku.xls,2025-12-14T19:23:00.774920+09:00,200,402432,"Thu, 23 Apr 2020 06:00:32 GMT","""62400-5a3eef769c000""",application/vnd.ms-excel,612da74f8fa7165baeea931c3c4cf1aaf433bfa6e44c5ebb67c14f9fd41acffc,downloaded
2025-12-14T192110+0900,before,再編前,西区,10月,jinkousu_areaage_h24-10-01_nishiku.xls,c:\Users\pirat\Documents\MikkabiLab_population_analysis\data\archive\浜松市\町字別・年齢別人口表\2025-12-14T192110+0900\再編前\西区\10月\jinkousu_areaage_h24-10-01_nishiku.xls,https://www.city.hamamatsu.shizuoka.jp/documents/28007/jinkousu_areaage_h24-10-01_nishiku.xls,2025-12-14T19:23:01.164955+09:00,200,399872,"Thu, 23 Apr 2020 06:00:32 GMT","""61a00-5a3eef769c000""",application/vnd.ms-excel,c30fd198d62ca34edbc0d6744a6401a219fc3b420e69daabf9f2b1770d2608b2,downloaded
2025-12-14T192110+0900,before,再編前,南区,4月,jinkousu_areaage_h24-04-01_minamiku.xls,c:\Users\pirat\Documents\MikkabiLab_population_analysis\data\archive\浜松市\町字別・年齢別人口表\2025-12-14T192110+0900\再編前\南区\4月\jinkousu_areaage_h24-04-01_minamiku.xls,https://www.city.hamamatsu.shizuoka.jp/documents/28007/jinkousu_areaage_h24-04-01_minamiku.xls,2025-12-14T19:23:01.575818+09:00,200,430592,"Thu, 23 Apr 2020 06:00:33 GMT","""69200-5a3eef7790240""",application/vnd.ms-excel,ef1010f41fbc265368ad43f60d6ad856de1d87f4f9901bbf3a782112e70720cc,downloaded
2025-12-14T192110+0900,before,再編前,南区,10月,jinkousu_areaage_h24-10-01_minamiku.xls,c:\Users\pirat\Documents\MikkabiLab_population_analysis\data\archive\浜松市\町字別・年齢別人口表\2025-12-14T192110+0900\再編前\南区\10月\jinkousu_areaage_h24-10-01_minamiku.xls,https://www.city.hamamatsu.shizuoka.jp/documents/28007/jinkousu_areaage_h24-10-01_minamiku.xls,2025-12-14T19:23:01.983490+09:00,200,427520,"Thu, 23 Apr 2020 06:00:33 GMT","""68600-5a3eef7790240""",application/vnd.ms-excel,d14c0542047532d5176e47a4cc74a33ba063ba29e76b683781629bb6f8bbbbf2,downloaded
2025-12-14T192110+0900,before,再編前,北区,4月,jinkousu_areaage_h24-04-01_kitaku.xls,c:\Users\pirat\Documents\MikkabiLab_population_analysis\data\archive\浜松市\町字別・年齢別人口表\2025-12-14T192110+0900\再編前\北区\4月\jinkousu_areaage_h24-04-01_kitaku.xls,https://www.city.hamamatsu.shizuoka.jp/documents/28007/jinkousu_areaage_h24-04-01_kitaku.xls,2025-12-14T19:23:02.753880+09:00,200,574976,"Thu, 23 Apr 2020 06:00:33 GMT","""8c600-5a3eef7790240""",application/vnd.ms-excel,91c68ef3b5fd7eb69c126fd73150496f2b9ae0c103bbc1f555a088f27c4ed05f,downloaded
2025-12-14T192110+0900,before,再編前,北区,10月,jinkousu_areaage_h24-10-01_kitaku.xls,c:\Users\pirat\Documents\MikkabiLab_population_analysis\data\archive\浜松市\町字別・年齢別人口表\2025-12-14T192110+0900\再編前\北区\10月\jinkousu_areaage_h24-10-01_kitaku.xls,https://www.city.hamamatsu.shizuoka.jp/documents/28007/jinkousu_areaage_h24-10-01_kitaku.xls,2025-12-14T19:23:03.303329+09:00,200,574976,"Thu, 23 Apr 2020 06:00:33 GMT","""8c600-5a3eef7790240""",application/vnd.ms-excel,d6b33cc8ae880463290c2c22e76d9e31973064fe60ecafb40bfdc3217d56643c,downloaded
2025-12-14T192110+0900,before,再編前,浜北区,4月,jinkousu_areaage_h24-04-01_hamakitaku.xls,c:\Users\pirat\Documents\MikkabiLab_population_analysis\data\archive\浜松市\町字別・年齢別人口表\2025-12-14T192110+0900\再編前\浜北区\4月\jinkousu_areaage_h24-04-01_hamakitaku.xls,https://www.city.hamamatsu.shizuoka.jp/documents/28007/jinkousu_areaage_h24-04-01_hamakitaku.xls,2025-12-14T19:23:03.782312+09:00,200,356352,"Thu, 23 Apr 2020 06:00:33 GMT","""57000-5a3eef7790240""",application/vnd.ms-excel,3bd2c1b2066a6b686db9b50e2cc63749408b46f35c0016b9d05a67d826daab83,downloaded
2025-12-14T192110+0900,before,再編前,浜北区,10月,jinkousu_areaage_h24-10-01_hamakitaku.xls,c:\Users\pirat\Documents\MikkabiLab_population_analysis\data\archive\浜松市\町字別・年齢別人口表\2025-12-14T192110+0900\再編前\浜北区\10月\jinkousu_areaage_h24-10-01_hamakitaku.xls,https://www.city.hamamatsu.shizuoka.jp/documents/28007/jinkousu_areaage_h24-10-01_hamakitaku.xls,2025-12-14T19:23:04.175966+09:00,200,338944,"Thu, 23 Apr 2020 06:00:33 GMT","""52c00-5a3eef7790240""",application/vnd.ms-excel,806c63b168cf2b79551dfe9b4d7023527285496e9e96ea9d0909f8115fa5eedd,downloaded
2025-12-14T192110+0900,before,再編前,天竜区,4月,jinkousu_areaage_h24-04-01_tenryuuku.xls,c:\Users\pirat\Documents\MikkabiLab_population_analysis\data\archive\浜松市\町字別・年齢別人口表\2025-12-14T192110+0900\再編前\天竜区\4月\jinkousu_areaage_h24-04-01_tenryuuku.xls,https://www.city.hamamatsu.shizuoka.jp/documents/28007/jinkousu_areaage_h24-04-01_tenryuuku.xls,2025-12-14T19:23:04.543555+09:00,200,716800,"Thu, 23 Apr 2020 06:00:33 GMT","""af000-5a3eef7790240""",application/vnd.ms-excel,881b419597623f5e86afedc57db8b947398ff6d24c6cf4c14a5fea008db08ef6,downloaded
2025-12-14T192110+0900,before,再編前,天竜区,10月,jinkousu_areaage_h24-10-01_tenryuuku.xls,c:\Users\pirat\Documents\MikkabiLab_population_analysis\data\archive\浜松市\町字別・年齢別人口表\2025-12-14T192110+0900\再編前\天竜区\10月\jinkousu_areaage_h24-10-01_tenryuuku.xls,https://www.city.hamamatsu.shizuoka.jp/documents/28007/jinkousu_areaage_h24-10-01_tenryuuku.xls,2025-12-14T19:23:05.111307+09:00,200,715264,"Thu, 23 Apr 2020 06:00:34 GMT","""aea00-5a3eef7884480""",application/vnd.ms-excel,f1b1e4803f9c4049ea5caf42731ff7b103359ea981a46174f127a264a4682c80,downloaded
2025-12-14T192110+0900,before,再編前,浜松市,4月,jinkousu_areaage_h23-04-01_hamamatsushi.xls,c:\Users\pirat\Documents\MikkabiLab_population_analysis\data\archive\浜松市\町字別・年齢別人口表\2025-12-14T192110+0900\再編前\浜松市\4月\jinkousu_areaage_h23-04-01_hamamatsushi.xls,https://www.city.hamamatsu.shizuoka.jp/documents/28007/jinkousu_areaage_h23-04-01_hamamatsushi.xls,2025-12-14T19:23:05.758262+09:00,200,32256,"Thu, 23 Apr 2020 06:00:34 GMT","""7e00-5a3eef7884480""",application/vnd.ms-excel,2744308fd1a29cf6cd7e151b271d94897c8a19acca36f0945a45cfe7d14208a0,downloaded
2025-12-14T192110+0900,before,再編前,浜松市,10月,jinkousu_areaage_h23-10-01_hamamatsushi.xls,c:\Users\pirat\Documents\MikkabiLab_population_analysis\data\archive\浜松市\町字別・年齢別人口表\2025-12-14T192110+0900\再編前\浜松市\10月\jinkousu_areaage_h23-10-01_hamamatsushi.xls,https://www.city.hamamatsu.shizuoka.jp/documents/28007/jinkousu_areaage_h23-10-01_hamamatsushi.xls,2025-12-14T19:23:05.950331+09:00,200,32256,"Thu, 23 Apr 2020 06:00:34 GMT","""7e00-5a3eef7884480""",application/vnd.ms-excel,253559aa974c6aea6e7c670bb3ab5b94ab6f21e3232ceda520f23d7eab353e82,downloaded
2025-12-14T192110+0900,before,再編前,中区,4月,jinkousu_areaage_h23-04-01_nakaku.xls,c:\Users\pirat\Documents\MikkabiLab_population_analysis\data\archive\浜松市\町字別・年齢別人口表\2025-12-14T192110+0900\再編前\中区\4月\jinkousu_areaage_h23-04-01_nakaku.xls,https://www.city.hamamatsu.shizuoka.jp/documents/28007/jinkousu_areaage_h23-04-01_nakaku.xls,2025-12-14T19:23:06.152205+09:00,200,1355264,"Thu, 23 Apr 2020 06:00:34 GMT","""14ae00-5a3eef7884480""",application/vnd.ms-excel,3d973f183ae9316ac6444e125bca69182bcdbb1cf54a7ffc46ee677a35088d1a,downloaded
2025-12-14T192110+0900,before,再編前,中区,10月,jinkousu_areaage_h23-10-01_nakaku.xls,c:\Users\pirat\Documents\MikkabiLab_population_analysis\data\archive\浜松市\町字別・年齢別人口表\2025-12-14T192110+0900\再編前\中区\10月\jinkousu_areaage_h23-10-01_nakaku.xls,https://www.city.hamamatsu.shizuoka.jp/documents/28007/jinkousu_areaage_h23-10-01_nakaku.xls,2025-12-14T19:23:06.991175+09:00,200,1373184,"Thu, 23 Apr 2020 06:00:34 GMT","""14f400-5a3eef7884480""",application/vnd.ms-excel,48dd2be60ab0ad002f20966af8da868427c6ed356723114f4005c441f0b2c6d7,downloaded
2025-12-14T192110+0900,before,再編前,東区,4月,jinkousu_areaage_h23-04-01_higashiku.xls,c:\Users\pirat\Documents\MikkabiLab_population_analysis\data\archive\浜松市\町字別・年齢別人口表\2025-12-14T192110+0900\再編前\東区\4月\jinkousu_areaage_h23-04-01_higashiku.xls,https://www.city.hamamatsu.shizuoka.jp/documents/28007/jinkousu_areaage_h23-04-01_higashiku.xls,2025-12-14T19:23:07.845977+09:00,200,440832,"Thu, 23 Apr 2020 06:00:34 GMT","""6ba00-5a3eef7884480""",application/vnd.ms-excel,5bf86d2790653aa127fb6a658ab4426f07939415daf1855175f64e313046a2d9,downloaded
2025-12-14T192110+0900,before,再編前,東区,10月,jinkousu_areaage_h23-10-01_higashiku.xls,c:\Users\pirat\Documents\MikkabiLab_population_analysis\data\archive\浜松市\町字別・年齢別人口表\2025-12-14T192110+0900\再編前\東区\10月\jinkousu_areaage_h23-10-01_higashiku.xls,https://www.city.hamamatsu.shizuoka.jp/documents/28007/jinkousu_areaage_h23-10-01_higashiku.xls,2025-12-14T19:23:08.262932+09:00,200,443392,"Thu, 23 Apr 2020 06:00:34 GMT","""6c400-5a3eef7884480""",application/vnd.ms-excel,82f656bfc0237f6e0e2fa9071374421efa5e4251964c956b682af9b18777d089,downloaded
2025-12-14T192110+0900,before,再編前,西区,4月,jinkousu_areaage_h23-04-01_nishiku.xls,c:\Users\pirat\Documents\MikkabiLab_population_analysis\data\archive\浜松市\町字別・年齢別人口表\2025-12-14T192110+0900\再編前\西区\4月\jinkousu_areaage_h23-04-01_nishiku.xls,https://www.city.hamamatsu.shizuoka.jp/documents/28007/jinkousu_areaage_h23-04-01_nishiku.xls,2025-12-14T19:23:08.669405+09:00,200,407040,"Thu, 23 Apr 2020 06:00:35 GMT","""63600-5a3eef79786c0""",application/vnd.ms-excel,f458997be45f357481ecd8047da76b1aeb225931cfa23c29b956062f82499b59,downloaded
2025-12-14T192110+0900,before,再編前,西区,10月,jinkousu_areaage_h23-10-01_nishiku.xls,c:\Users\pirat\Documents\MikkabiLab_population_analysis\data\archive\浜松市\町字別・年齢別人口表\2025-12-14T192110+0900\再編前\西区\10月\jinkousu_areaage_h23-10-01_nishiku.xls,https://www.city.hamamatsu.shizuoka.jp/documents/28007/jinkousu_areaage_h23-10-01_nishiku.xls,2025-12-14T19:23:09.091985+09:00,200,403968,"Thu, 23 Apr 2020 06:00:35 GMT","""62a00-5a3eef79786c0""",application/vnd.ms-excel,ce6f3641292a1a5bc364ec113d7d22f5a3c30d5e398ef83e21607c6d022db1cf,downloaded
2025-12-14T192110+0900,before,再編前,南区,4月,jinkousu_areaage_h23-04-01_minamiku.xls,c:\Users\pirat\Documents\MikkabiLab_population_analysis\data\archive\浜松市\町字別・年齢別人口表\2025-12-14T192110+0900\再編前\南区\4月\jinkousu_areaage_h23-04-01_minamiku.xls,https://www.city.hamamatsu.shizuoka.jp/documents/28007/jinkousu_areaage_h23-04-01_minamiku.xls,2025-12-14T19:23:09.487272+09:00,200,426496,"Thu, 23 Apr 2020 06:00:35 GMT","""68200-5a3eef79786c0""",application/vnd.ms-excel,4154031f5f5e64bdc374637112bdfeab393f8b0f4f5b7ffa68a2bed1f0e1c374,downloaded
2025-12-14T192110+0900,before,再編前,南区,10月,jinkousu_areaage_h23-10-01_minamiku.xls,c:\Users\pirat\Documents\MikkabiLab_population_analysis\data\archive\浜松市\町字別・年齢別人口表\2025-12-14T192110+0900\再編前\南区\10月\jinkousu_areaage_h23-10-01_minamiku.xls,https://www.city.hamamatsu.shizuoka.jp/documents/28007/jinkousu_areaage_h23-10-01_minamiku.xls,2025-12-14T19:23:10.283794+09:00,200,430592,"Thu, 23 Apr 2020 06:00:35 GMT","""69200-5a3eef79786c0""",application/vnd.ms-excel,e66a9392f4bb67aedda50d20e1f30c02879e5f9ed038b14a3899df7c6e5e6c36,downloaded
2025-12-14T192110+0900,before,再編前,北区,4月,jinkousu_areaage_h23-04-01_kitaku.xls,c:\Users\pirat\Documents\MikkabiLab_population_analysis\data\archive\浜松市\町字別・年齢別人口表\2025-12-14T192110+0900\再編前\北区\4月\jinkousu_areaage_h23-04-01_kitaku.xls,https://www.city.hamamatsu.shizuoka.jp/documents/28007/jinkousu_areaage_h23-04-01_kitaku.xls,2025-12-14T19:23:10.699972+09:00,200,596480,"Thu, 23 Apr 2020 06:00:35 GMT","""91a00-5a3eef79786c0""",application/vnd.ms-excel,274e99980a9b446da69b39f4c2495d5cb892b6a36b13511da969bef7ea63b2e6,downloaded
2025-12-14T192110+0900,before,再編前,北区,10月,jinkousu_areaage_h23-10-01_kitaku.xls,c:\Users\pirat\Documents\MikkabiLab_population_analysis\data\archive\浜松市\町字別・年齢別人口表\2025-12-14T192110+0900\再編前\北区\10月\jinkousu_areaage_h23-10-01_kitaku.xls,https://www.city.hamamatsu.shizuoka.jp/documents/28007/jinkousu_areaage_h23-10-01_kitaku.xls,2025-12-14T19:23:11.272447+09:00,200,579584,"Thu, 23 Apr 2020 06:00:35 GMT","""8d800-5a3eef79786c0""",application/vnd.ms-excel,9aaa6f4b5d39df2c2ff622a2a3d707ec0a870f06d6433091e72ec7a3b6140d6c,downloaded
2025-12-14T192110+0900,before,再編前,浜北区,4月,jinkousu_areaage_h23-04-01_hamakitaku.xls,c:\Users\pirat\Documents\MikkabiLab_population_analysis\data\archive\浜松市\町字別・年齢別人口表\2025-12-14T192110+0900\再編前\浜北区\4月\jinkousu_areaage_h23-04-01_hamakitaku.xls,https://www.city.hamamatsu.shizuoka.jp/documents/28007/jinkousu_areaage_h23-04-01_hamakitaku.xls,2025-12-14T19:23:11.749824+09:00,200,356352,"Thu, 23 Apr 2020 06:00:35 GMT","""57000-5a3eef79786c0""",application/vnd.ms-excel,6c5f085fb0156ce2f1dd3953c139d0688dd2065fb50c968e12793696d7f177e5,downloaded
2025-12-14T192110+0900,before,再編前,浜北区,10月,jinkousu_areaage_h23-10-01_hamakitaku.xls,c:\Users\pirat\Documents\MikkabiLab_population_analysis\data\archive\浜松市\町字別・年齢別人口表\2025-12-14T192110+0900\再編前\浜北区\10月\jinkousu_areaage_h23-10-01_hamakitaku.xls,https://www.city.hamamatsu.shizuoka.jp/documents/28007/jinkousu_areaage_h23-10-01_hamakitaku.xls,2025-12-14T19:23:12.169653+09:00,200,356352,"Thu, 23 Apr 2020 06:00:36 GMT","""57000-5a3eef7a6c900""",application/vnd.ms-excel,91e5cf65e08e25f10f41d09304dc2ea6b1ae2509bab0faa546a35eef08615fc3,downloaded
2025-12-14T192110+0900,before,再編前,天竜区,4月,jinkousu_areaage_h23-04-01_tenryuuku.xls,c:\Users\pirat\Documents\MikkabiLab_population_analysis\data\archive\浜松市\町字別・年齢別人口表\2025-12-14T192110+0900\再編前\天竜区\4月\jinkousu_areaage_h23-04-01_tenryuuku.xls,https://www.city.hamamatsu.shizuoka.jp/documents/28007/jinkousu_areaage_h23-04-01_tenryuuku.xls,2025-12-14T19:23:12.530318+09:00,200,754688,"Thu, 23 Apr 2020 06:00:36 GMT","""b8400-5a3eef7a6c900""",application/vnd.ms-excel,1afa1b1e6714d1b5b2776794baab983c629b490b2b03bf3ce226b80c0f5a516c,downloaded
2025-12-14T192110+0900,before,再編前,天竜区,10月,jinkousu_areaage_h23-10-01_tenryuuku.xls,c:\Users\pirat\Documents\MikkabiLab_population_analysis\data\archive\浜松市\町字別・年齢別人口表\2025-12-14T192110+0900\再編前\天竜区\10月\jinkousu_areaage_h23-10-01_tenryuuku.xls,https://www.city.hamamatsu.shizuoka.jp/documents/28007/jinkousu_areaage_h23-10-01_tenryuuku.xls,2025-12-14T19:23:13.130845+09:00,200,735232,"Thu, 23 Apr 2020 06:00:36 GMT","""b3800-5a3eef7a6c900""",application/vnd.ms-excel,0aaa83c6abe82ae705e4e19acbec5f4a88aaa3c0a096be7fb70d4cc71d09bdaf,downloaded
2025-12-14T192110+0900,before,再編前,浜松市,4月,jinkousu_areaage_h22-04-01_hamamatsushi.xls,c:\Users\pirat\Documents\MikkabiLab_population_analysis\data\archive\浜松市\町字別・年齢別人口表\2025-12-14T192110+0900\再編前\浜松市\4月\jinkousu_areaage_h22-04-01_hamamatsushi.xls,https://www.city.hamamatsu.shizuoka.jp/documents/5766/jinkousu_areaage_h22-04-01_hamamatsushi.xls,2025-12-14T19:23:13.699815+09:00,200,29696,"Mon, 09 Jun 2014 06:00:08 GMT","""7400-4fb60ec602a00""",application/vnd.ms-excel,d0f1080a61c98626f78e04f9a9219ce4d9fe504c37c868877850aafe992c10a5,downloaded
2025-12-14T192110+0900,before,再編前,浜松市,10月,jinkousu_areaage_h22-10-01_hamamatsushi.xls,c:\Users\pirat\Documents\MikkabiLab_population_analysis\data\archive\浜松市\町字別・年齢別人口表\2025-12-14T192110+0900\再編前\浜松市\10月\jinkousu_areaage_h22-10-01_hamamatsushi.xls,https://www.city.hamamatsu.shizuoka.jp/documents/5766/jinkousu_areaage_h22-10-01_hamamatsushi.xls,2025-12-14T19:23:13.904386+09:00,200,32768,"Mon, 09 Jun 2014 06:00:08 GMT","""8000-4fb60ec602a00""",application/vnd.ms-excel,e61fc4b1fd1b8ba20c54eabce1f2ca437083608d5bfb6ada989b9e12181d37ab,downloaded
2025-12-14T192110+0900,before,再編前,中区,4月,jinkousu_areaage_h22-04-01_nakaku.xls,c:\Users\pirat\Documents\MikkabiLab_population_analysis\data\archive\浜松市\町字別・年齢別人口表\2025-12-14T192110+0900\再編前\中区\4月\jinkousu_areaage_h22-04-01_nakaku.xls,https://www.city.hamamatsu.shizuoka.jp/documents/5766/jinkousu_areaage_h22-04-01_nakaku.xls,2025-12-14T19:23:14.110832+09:00,200,1148416,"Mon, 09 Jun 2014 06:00:08 GMT","""118600-4fb60ec602a00""",application/vnd.ms-excel,8f48d019772f6a7dcfc30f3e7b21fca0b99f29ba9c6ab54dcec9f1614aeaaa2e,downloaded
2025-12-14T192110+0900,before,再編前,中区,10月,jinkousu_areaage_h22-10-01_nakaku.xls,c:\Users\pirat\Documents\MikkabiLab_population_analysis\data\archive\浜松市\町字別・年齢別人口表\2025-12-14T192110+0900\再編前\中区\10月\jinkousu_areaage_h22-10-01_nakaku.xls,https://www.city.hamamatsu.shizuoka.jp/documents/5766/jinkousu_areaage_h22-10-01_nakaku.xls,2025-12-14T19:23:14.870629+09:00,200,1199616,"Mon, 09 Jun 2014 06:00:09 GMT","""124e00-4fb60ec6f6c40""",application/vnd.ms-excel,02d7195cdb842a66ab46c29c675821ccf2df71c82cb65427a9d12763935f2f30,downloaded
2025-12-14T192110+0900,before,再編前,東区,4月,jinkousu_areaage_h22-04-01_higashiku.xls,c:\Users\pirat\Documents\MikkabiLab_population_analysis\data\archive\浜松市\町字別・年齢別人口表\2025-12-14T192110+0900\再編前\東区\4月\jinkousu_areaage_h22-04-01_higashiku.xls,https://www.city.hamamatsu.shizuoka.jp/documents/5766/jinkousu_areaage_h22-04-01_higashiku.xls,2025-12-14T19:23:15.962522+09:00,200,408576,"Mon, 09 Jun 2014 06:00:09 GMT","""63c00-4fb60ec6f6c40""",application/vnd.ms-excel,18fa576614ed6c21dc204fc8ed8d7d604047c0e5ec027f8602b00429b8605eb7,downloaded
2025-12-14T192110+0900,before,再編前,東区,10月,jinkousu_areaage_h22-10-01_higashiku.xls,c:\Users\pirat\Documents\MikkabiLab_population_analysis\data\archive\浜松市\町字別・年齢別人口表\2025-12-14T192110+0900\再編前\東区\10月\jinkousu_areaage_h22-10-01_higashiku.xls,https://www.city.hamamatsu.shizuoka.jp/documents/5766/jinkousu_areaage_h22-10-01_higashiku.xls,2025-12-14T19:23:16.351605+09:00,200,425984,"Mon, 09 Jun 2014 06:00:09 GMT","""68000-4fb60ec6f6c40""",application/vnd.ms-excel,52bdb124487d9e00ec574108aa5a469eb1f144dcb59d192cccfc889c076a8591,downloaded
2025-12-14T192110+0900,before,再編前,西区,4月,jinkousu_areaage_h22-04-01_nishiku.xls,c:\Users\pirat\Documents\MikkabiLab_population_analysis\data\archive\浜松市\町字別・年齢別人口表\2025-12-14T192110+0900\再編前\西区\4月\jinkousu_areaage_h22-04-01_nishiku.xls,https://www.city.hamamatsu.shizuoka.jp/documents/5766/jinkousu_areaage_h22-04-01_nishiku.xls,2025-12-14T19:23:16.774201+09:00,200,366080,"Mon, 09 Jun 2014 06:00:09 GMT","""59600-4fb60ec6f6c40""",application/vnd.ms-excel,14fb1282f1476cbf5bac30b46f2169daae2fd8adcc96f169d9a514fa18914644,downloaded
2025-12-14T192110+0900,before,再編前,西区,10月,jinkousu_areaage_h22-10-01_nishiku.xls,c:\Users\pirat\Documents\MikkabiLab_population_analysis\data\archive\浜松市\町字別・年齢別人口表\2025-12-14T192110+0900\再編前\西区\10月\jinkousu_areaage_h22-10-01_nishiku.xls,https://www.city.hamamatsu.shizuoka.jp/documents/5766/jinkousu_areaage_h22-10-01_nishiku.xls,2025-12-14T19:23:17.163841+09:00,200,395776,"Mon, 09 Jun 2014 06:00:09 GMT","""60a00-4fb60ec6f6c40""",application/vnd.ms-excel,45467fb22013d4a71cfb52c6f20878eec977ab671c2f03728a636aad849855f8,downloaded
2025-12-14T192110+0900,before,再編前,南区,4月,jinkousu_areaage_h22-04-01_minamiku.xls,c:\Users\pirat\Documents\MikkabiLab_population_analysis\data\archive\浜松市\町字別・年齢別人口表\2025-12-14T192110+0900\再編前\南区\4月\jinkousu_areaage_h22-04-01_minamiku.xls,https://www.city.hamamatsu.shizuoka.jp/documents/5766/jinkousu_areaage_h22-04-01_minamiku.xls,2025-12-14T19:23:17.553715+09:00,200,399872,"Mon, 09 Jun 2014 06:00:09 GMT","""61a00-4fb60ec6f6c40""",application/vnd.ms-excel,f0d3e614b73839957517af4cbcc049a2d0ba188c8cedc5bbef053a6322de2143,downloaded
2025-12-14T192110+0900,before,再編前,南区,10月,jinkousu_areaage_h22-10-01_minamiku.xls,c:\Users\pirat\Documents\MikkabiLab_population_analysis\data\archive\浜松市\町字別・年齢別人口表\2025-12-14T192110+0900\再編前\南区\10月\jinkousu_areaage_h22-10-01_minamiku.xls,https://www.city.hamamatsu.shizuoka.jp/documents/5766/jinkousu_areaage_h22-10-01_minamiku.xls,2025-12-14T19:23:17.942057+09:00,200,427520,"Mon, 09 Jun 2014 06:00:10 GMT","""68600-4fb60ec7eae80""",application/vnd.ms-excel,68bcc501952a6e23230f8022bbe176a85bac8d90cf84c6c8f060b3bbfd05a136,downloaded
2025-12-14T192110+0900,before,再編前,北区,4月,jinkousu_areaage_h22-04-01_kitaku.xls,c:\Users\pirat\Documents\MikkabiLab_population_analysis\data\archive\浜松市\町字別・年齢別人口表\2025-12-14T192110+0900\再編前\北区\4月\jinkousu_areaage_h22-04-01_kitaku.xls,https://www.city.hamamatsu.shizuoka.jp/documents/5766/jinkousu_areaage_h22-04-01_kitaku.xls,2025-12-14T19:23:18.357571+09:00,200,550912,"Mon, 09 Jun 2014 06:00:10 GMT","""86800-4fb60ec7eae80""",application/vnd.ms-excel,6b599c6b0d78c9b5c383ec491e7398f67facba84c699f3feeb145a89f58c972c,downloaded
2025-12-14T192110+0900,before,再編前,北区,10月,jinkousu_areaage_h22-10-01_kitaku.xls,c:\Users\pirat\Documents\MikkabiLab_population_analysis\data\archive\浜松市\町字別・年齢別人口表\2025-12-14T192110+0900\再編前\北区\10月\jinkousu_areaage_h22-10-01_kitaku.xls,https://www.city.hamamatsu.shizuoka.jp/documents/5766/jinkousu_areaage_h22-10-01_kitaku.xls,2025-12-14T19:23:18.836100+09:00,200,571904,"Mon, 09 Jun 2014 06:00:10 GMT","""8ba00-4fb60ec7eae80""",application/vnd.ms-excel,e5b810c8553574d3225c98492a6697d8c7708645335e1536148413c5020f7986,downloaded
2025-12-14T192110+0900,before,再編前,浜北区,4月,jinkousu_areaage_h22-04-01_hamakitaku.xls,c:\Users\pirat\Documents\MikkabiLab_population_analysis\data\archive\浜松市\町字別・年齢別人口表\2025-12-14T192110+0900\再編前\浜北区\4月\jinkousu_areaage_h22-04-01_hamakitaku.xls,https://www.city.hamamatsu.shizuoka.jp/documents/5766/jinkousu_areaage_h22-04-01_hamakitaku.xls,2025-12-14T19:23:19.337868+09:00,200,317952,"Mon, 09 Jun 2014 06:00:10 GMT","""4da00-4fb60ec7eae80""",application/vnd.ms-excel,e10525d0ce2aff97f10988f32ed441aa9ac8f78fcb169c52d2abf126838a1693,downloaded
2025-12-14T192110+0900,before,再編前,浜北区,10月,jinkousu_areaage_h22-10-01_hamakitaku.xls,c:\Users\pirat\Documents\MikkabiLab_population_analysis\data\archive\浜松市\町字別・年齢別人口表\2025-12-14T192110+0900\再編前\浜北区\10月\jinkousu_areaage_h22-10-01_hamakitaku.xls,https://www.city.hamamatsu.shizuoka.jp/documents/5766/jinkousu_areaage_h22-10-01_hamakitaku.xls,2025-12-14T19:23:19.705056+09:00,200,338944,"Mon, 09 Jun 2014 06:00:10 GMT","""52c00-4fb60ec7eae80""",application/vnd.ms-excel,97fa75e3de1942c17f629a1535998ae2ff7bb8fbc7654b4343e370544810c406,downloaded
2025-12-14T192110+0900,before,再編前,天竜区,4月,jinkousu_areaage_h22-04-01_tenryuuku.xls,c:\Users\pirat\Documents\MikkabiLab_population_analysis\data\archive\浜松市\町字別・年齢別人口表\2025-12-14T192110+0900\再編前\天竜区\4月\jinkousu_areaage_h22-04-01_tenryuuku.xls,https://www.city.hamamatsu.shizuoka.jp/documents/5766/jinkousu_areaage_h22-04-01_tenryuuku.xls,2025-12-14T19:23:20.077602+09:00,200,701440,"Mon, 09 Jun 2014 06:00:11 GMT","""ab400-4fb60ec8df0c0""",application/vnd.ms-excel,9c4fb9491150111073a7b8c23eaa5aa8124941803b7f066139ed843e33485f95,downloaded
2025-12-14T192110+0900,before,再編前,天竜区,10月,jinkousu_areaage_h22-10-01_tenryuuku.xls,c:\Users\pirat\Documents\MikkabiLab_population_analysis\data\archive\浜松市\町字別・年齢別人口表\2025-12-14T192110+0900\再編前\天竜区\10月\jinkousu_areaage_h22-10-01_tenryuuku.xls,https://www.city.hamamatsu.shizuoka.jp/documents/5766/jinkousu_areaage_h22-10-01_tenryuuku.xls,2025-12-14T19:23:20.729477+09:00,200,715264,"Mon, 09 Jun 2014 06:00:11 GMT","""aea00-4fb60ec8df0c0""",application/vnd.ms-excel,272adf73fa3af0f03a5c2e4f805e336b6c42442c10d3a0dc60dd0d058afb5de4,downloaded
2025-12-14T192110+0900,before,再編前,浜松市,4月,jinkousu_areaage_h21-04-01_hamamatsushi.xls,c:\Users\pirat\Documents\MikkabiLab_population_analysis\data\archive\浜松市\町字別・年齢別人口表\2025-12-14T192110+0900\再編前\浜松市\4月\jinkousu_areaage_h21-04-01_hamamatsushi.xls,https://www.city.hamamatsu.shizuoka.jp/documents/5766/jinkousu_areaage_h21-04-01_hamamatsushi.xls,2025-12-14T19:23:21.256998+09:00,200,29696,"Mon, 09 Jun 2014 06:00:11 GMT","""7400-4fb60ec8df0c0""",application/vnd.ms-excel,12c4c21e792f39bf9cb4a40e80ae9780271998a0fbffcc3b04ae01d036a157b8,downloaded
2025-12-14T192110+0900,before,再編前,浜松市,10月,jinkousu_areaage_h21-10-01_hamamatsushi.xls,c:\Users\pirat\Documents\MikkabiLab_population_analysis\data\archive\浜松市\町字別・年齢別人口表\2025-12-14T192110+0900\再編前\浜松市\10月\jinkousu_areaage_h21-10-01_hamamatsushi.xls,https://www.city.hamamatsu.shizuoka.jp/documents/5766/jinkousu_areaage_h21-10-01_hamamatsushi.xls,2025-12-14T19:23:21.451937+09:00,200,29696,"Mon, 09 Jun 2014 06:00:11 GMT","""7400-4fb60ec8df0c0""",application/vnd.ms-excel,ba02c508ea5e27f419847f2f8f5065019e0dd8d0762ca3c39106401310320c99,downloaded
2025-12-14T192110+0900,before,再編前,中区,4月,jinkousu_areaage_h21-04-01_nakaku.xls,c:\Users\pirat\Documents\MikkabiLab_population_analysis\data\archive\浜松市\町字別・年齢別人口表\2025-12-14T192110+0900\再編前\中区\4月\jinkousu_areaage_h21-04-01_nakaku.xls,https://www.city.hamamatsu.shizuoka.jp/documents/5766/jinkousu_areaage_h21-04-01_nakaku.xls,2025-12-14T19:23:21.616886+09:00,200,1156096,"Mon, 09 Jun 2014 06:00:11 GMT","""11a400-4fb60ec8df0c0""",application/vnd.ms-excel,6e422ceb8bf3b8d17c5b9e124837213101fc5ba29d27bb4293228a14bbd4ee21,downloaded
2025-12-14T192110+0900,before,再編前,中区,10月,jinkousu_areaage_h21-10-01_nakaku.xls,c:\Users\pirat\Documents\MikkabiLab_population_analysis\data\archive\浜松市\町字別・年齢別人口表\2025-12-14T192110+0900\再編前\中区\10月\jinkousu_areaage_h21-10-01_nakaku.xls,https://www.city.hamamatsu.shizuoka.jp/documents/5766/jinkousu_areaage_h21-10-01_nakaku.xls,2025-12-14T19:23:22.388802+09:00,200,1148416,"Mon, 09 Jun 2014 06:00:11 GMT","""118600-4fb60ec8df0c0""",application/vnd.ms-excel,9f84b8d82d2dc38abe28091558e85575f390b311f5f107ba08b96cc9814466cb,downloaded
2025-12-14T192110+0900,before,再編前,東区,4月,jinkousu_areaage_h21-04-01_higashiku.xls,c:\Users\pirat\Documents\MikkabiLab_population_analysis\data\archive\浜松市\町字別・年齢別人口表\2025-12-14T192110+0900\再編前\東区\4月\jinkousu_areaage_h21-04-01_higashiku.xls,https://www.city.hamamatsu.shizuoka.jp/documents/5766/jinkousu_areaage_h21-04-01_higashiku.xls,2025-12-14T19:23:23.136439+09:00,200,408576,"Mon, 09 Jun 2014 06:00:12 GMT","""63c00-4fb60ec9d3300""",application/vnd.ms-excel,270de1c0caafbe7c46b0b82ed8e38b8a8c3def2bb7e111931e8dabea4322b0a9,downloaded
2025-12-14T192110+0900,before,再編前,東区,10月,jinkousu_areaage_h21-10-01_higashiku.xls,c:\Users\pirat\Documents\MikkabiLab_population_analysis\data\archive\浜松市\町字別・年齢別人口表\2025-12-14T192110+0900\再編前\東区\10月\jinkousu_areaage_h21-10-01_higashiku.xls,https://www.city.hamamatsu.shizuoka.jp/documents/5766/jinkousu_areaage_h21-10-01_higashiku.xls,2025-12-14T19:23:23.540348+09:00,200,408576,"Mon, 09 Jun 2014 06:00:12 GMT","""63c00-4fb60ec9d3300""",application/vnd.ms-excel,b5c73ec565d1cf30fb2ffa9a9967e6f5480c3b86ffd0a2b9e6f5f817ac4285ba,downloaded
2025-12-14T192110+0900,before,再編前,西区,4月,jinkousu_areaage_h21-04-01_nishiku.xls,c:\Users\pirat\Documents\MikkabiLab_population_analysis\data\archive\浜松市\町字別・年齢別人口表\2025-12-14T192110+0900\再編前\西区\4月\jinkousu_areaage_h21-04-01_nishiku.xls,https://www.city.hamamatsu.shizuoka.jp/documents/5766/jinkousu_areaage_h21-04-01_nishiku.xls,2025-12-14T19:23:24.169080+09:00,200,366080,"Mon, 09 Jun 2014 06:00:12 GMT","""59600-4fb60ec9d3300""",application/vnd.ms-excel,aa0f4cd7de75bd10abe000c60d5b82fcc8747cd51ed603871721e981610d6e6a,downloaded
2025-12-14T192110+0900,before,再編前,西区,10月,jinkousu_areaage_h21-10-01_nishiku.xls,c:\Users\pirat\Documents\MikkabiLab_population_analysis\data\archive\浜松市\町字別・年齢別人口表\2025-12-14T192110+0900\再編前\西区\10月\jinkousu_areaage_h21-10-01_nishiku.xls,https://www.city.hamamatsu.shizuoka.jp/documents/5766/jinkousu_areaage_h21-10-01_nishiku.xls,2025-12-14T19:23:24.846564+09:00,200,365056,"Mon, 09 Jun 2014 06:00:12 GMT","""59200-4fb60ec9d3300""",application/vnd.ms-excel,8652b263cdfff13edb64df9458569a379d1cff35da8778bfca75905cd29948b0,downloaded
2025-12-14T192110+0900,before,再編前,南区,4月,jinkousu_areaage_h21-04-01_minamiku.xls,c:\Users\pirat\Documents\MikkabiLab_population_analysis\data\archive\浜松市\町字別・年齢別人口表\2025-12-14T192110+0900\再編前\南区\4月\jinkousu_areaage_h21-04-01_minamiku.xls,https://www.city.hamamatsu.shizuoka.jp/documents/5766/jinkousu_areaage_h21-04-01_minamiku.xls,2025-12-14T19:23:25.223799+09:00,200,399872,"Mon, 09 Jun 2014 06:00:12 GMT","""61a00-4fb60ec9d3300""",application/vnd.ms-excel,7c34855b13f602158b3611f39efc2f40dd81ea541eb023ec30abce6675f5844a,downloaded
2025-12-14T192110+0900,before,再編前,南区,10月,jinkousu_areaage_h21-10-01_minamiku.xls,c:\Users\pirat\Documents\MikkabiLab_population_analysis\data\archive\浜松市\町字別・年齢別人口表\2025-12-14T192110+0900\再編前\南区\10月\jinkousu_areaage_h21-10-01_minamiku.xls,https://www.city.hamamatsu.shizuoka.jp/documents/5766/jinkousu_areaage_h21-10-01_minamiku.xls,2025-12-14T19:23:25.634921+09:00,200,399872,"Mon, 09 Jun 2014 06:00:12 GMT","""61a00-4fb60ec9d3300""",application/vnd.ms-excel,4e05f4bfee483fbca9af7538f393e77b684424089fcaf0806efc6a872aca2a68,downloaded
2025-12-14T192110+0900,before,再編前,北区,4月,jinkousu_areaage_h21-04-01_kitaku.xls,c:\Users\pirat\Documents\MikkabiLab_population_analysis\data\archive\浜松市\町字別・年齢別人口表\2025-12-14T192110+0900\再編前\北区\4月\jinkousu_areaage_h21-04-01_kitaku.xls,https://www.city.hamamatsu.shizuoka.jp/documents/5766/jinkousu_areaage_h21-04-01_kitaku.xls,2025-12-14T19:23:26.042472+09:00,200,550912,"Mon, 09 Jun 2014 06:00:13 GMT","""86800-4fb60ecac7540""",application/vnd.ms-excel,073cd8309817a21c9e11ad5ba1e2971e54bcecce7f8569b462e0a8f54f61b893,downloaded
2025-12-14T192110+0900,before,再編前,北区,10月,jinkousuu_areaage_h21-10-01_kitaku.xls,c:\Users\pirat\Documents\MikkabiLab_population_analysis\data\archive\浜松市\町字別・年齢別人口表\2025-12-14T192110+0900\再編前\北区\10月\jinkousuu_areaage_h21-10-01_kitaku.xls,https://www.city.hamamatsu.shizuoka.jp/documents/5766/jinkousuu_areaage_h21-10-01_kitaku.xls,2025-12-14T19:23:26.523173+09:00,200,550912,"Mon, 09 Jun 2014 06:00:13 GMT","""86800-4fb60ecac7540""",application/vnd.ms-excel,323fbf0a12f7dd2bb8fb4913dd9585977531b7b84cff65f95fe86bbc14e5cae0,downloaded
2025-12-14T192110+0900,before,再編前,浜北区,4月,jinkousu_areaage_h21-04-01_hamakitaku.xls,c:\Users\pirat\Documents\MikkabiLab_population_analysis\data\archive\浜松市\町字別・年齢別人口表\2025-12-14T192110+0900\再編前\浜北区\4月\jinkousu_areaage_h21-04-01_hamakitaku.xls,https://www.city.hamamatsu.shizuoka.jp/documents/5766/jinkousu_areaage_h21-04-01_hamakitaku.xls,2025-12-14T19:23:27.031787+09:00,200,317952,"Mon, 09 Jun 2014 06:00:13 GMT","""4da00-4fb60ecac7540""",application/vnd.ms-excel,9c3c00928ea621e5e9fcb83da3eb2b30f30e8d92021d00ef57072b3ebb80f734,downloaded
2025-12-14T192110+0900,before,再編前,浜北区,10月,jinkousu_areaage_h21-10-01_hamakitaku.xls,c:\Users\pirat\Documents\MikkabiLab_population_analysis\data\archive\浜松市\町字別・年齢別人口表\2025-12-14T192110+0900\再編前\浜北区\10月\jinkousu_areaage_h21-10-01_hamakitaku.xls,https://www.city.hamamatsu.shizuoka.jp/documents/5766/jinkousu_areaage_h21-10-01_hamakitaku.xls,2025-12-14T19:23:27.381810+09:00,200,317952,"Mon, 09 Jun 2014 06:00:13 GMT","""4da00-4fb60ecac7540""",application/vnd.ms-excel,8899bef96c1c7490f1f2b695daf61c65775c342c3fa70cc07aa9cbf5345ce0a4,downloaded
2025-12-14T192110+0900,before,再編前,天竜区,4月,jinkousu_areaage_h21-04-01_tenryuuku.xls,c:\Users\pirat\Documents\MikkabiLab_population_analysis\data\archive\浜松市\町字別・年齢別人口表\2025-12-14T192110+0900\再編前\天竜区\4月\jinkousu_areaage_h21-04-01_tenryuuku.xls,https://www.city.hamamatsu.shizuoka.jp/documents/5766/jinkousu_areaage_h21-04-01_tenryuuku.xls,2025-12-14T19:23:27.738772+09:00,200,699904,"Mon, 09 Jun 2014 06:00:13 GMT","""aae00-4fb60ecac7540""",application/vnd.ms-excel,1bfa9e8a8282967cd3b5895fc6b3be1d69160336209c59a1a3afc6bbf0298d9c,downloaded
2025-12-14T192110+0900,before,再編前,天竜区,10月,jinkousu_areaage_h21-10-01_tenryuuku.xls,c:\Users\pirat\Documents\MikkabiLab_population_analysis\data\archive\浜松市\町字別・年齢別人口表\2025-12-14T192110+0900\再編前\天竜区\10月\jinkousu_areaage_h21-10-01_tenryuuku.xls,https://www.city.hamamatsu.shizuoka.jp/documents/5766/jinkousu_areaage_h21-10-01_tenryuuku.xls,2025-12-14T19:23:28.302622+09:00,200,694272,"Mon, 09 Jun 2014 06:00:13 GMT","""a9800-4fb60ecac7540""",application/vnd.ms-excel,41bd0e5f8399f2369861232c426313c50c6097b883a9fe6dc4055dff0db7b972,downloaded
2025-12-14T192110+0900,before,再編前,浜松市,4月,jinkousu_areaage_h20-04-01_hamamatsushi.xls,c:\Users\pirat\Documents\MikkabiLab_population_analysis\data\archive\浜松市\町字別・年齢別人口表\2025-12-14T192110+0900\再編前\浜松市\4月\jinkousu_areaage_h20-04-01_hamamatsushi.xls,https://www.city.hamamatsu.shizuoka.jp/documents/5766/jinkousu_areaage_h20-04-01_hamamatsushi.xls,2025-12-14T19:23:29.147187+09:00,200,25600,"Mon, 09 Jun 2014 06:00:14 GMT","""6400-4fb60ecbbb780""",application/vnd.ms-excel,ecb54717da7bc087abc8d3a74eb6e629163123ec870ffc886927b16afca01500,downloaded
2025-12-14T192110+0900,before,再編前,浜松市,10月,jinkousu_areaage_h20-10-01_hamamatsushi.xls,c:\Users\pirat\Documents\MikkabiLab_population_analysis\data\archive\浜松市\町字別・年齢別人口表\2025-12-14T192110+0900\再編前\浜松市\10月\jinkousu_areaage_h20-10-01_hamamatsushi.xls,https://www.city.hamamatsu.shizuoka.jp/documents/5766/jinkousu_areaage_h20-10-01_hamamatsushi.xls,2025-12-14T19:23:29.332161+09:00,200,29696,"Mon, 09 Jun 2014 06:00:14 GMT","""7400-4fb60ecbbb780""",application/vnd.ms-excel,340977ef8e749daaeca713913ace9a6f5598d125257a358e9b945902321016a9,downloaded
2025-12-14T192110+0900,before,再編前,中区,4月,jinkousu_areaage_h20-04-01_nakaku.xls,c:\Users\pirat\Documents\MikkabiLab_population_analysis\data\archive\浜松市\町字別・年齢別人口表\2025-12-14T192110+0900\再編前\中区\4月\jinkousu_areaage_h20-04-01_nakaku.xls,https://www.city.hamamatsu.shizuoka.jp/documents/5766/jinkousu_areaage_h20-04-01_nakaku.xls,2025-12-14T19:23:29.527009+09:00,200,1142272,"Mon, 09 Jun 2014 06:00:14 GMT","""116e00-4fb60ecbbb780""",application/vnd.ms-excel,933b9df34e9a3686045640a9e577e915f8d024157f76416e331471c209115262,downloaded
2025-12-14T192110+0900,before,再編前,中区,10月,jinkousu_areaage_h20-10-01_nakaku.xls,c:\Users\pirat\Documents\MikkabiLab_population_analysis\data\archive\浜松市\町字別・年齢別人口表\2025-12-14T192110+0900\再編前\中区\10月\jinkousu_areaage_h20-10-01_nakaku.xls,https://www.city.hamamatsu.shizuoka.jp/documents/5766/jinkousu_areaage_h20-10-01_nakaku.xls,2025-12-14T19:23:30.269945+09:00,200,1153024,"Mon, 09 Jun 2014 06:00:14 GMT","""119800-4fb60ecbbb780""",application/vnd.ms-excel,5869f8ff3c6e565a85e718359d190e1f3cf5e7b1bc4d788deb8cc419249ea131,downloaded
2025-12-14T192110+0900,before,再編前,東区,4月,jinkousu_areaage_h20-04-01_higashiku.xls,c:\Users\pirat\Documents\MikkabiLab_population_analysis\data\archive\浜松市\町字別・年齢別人口表\2025-12-14T192110+0900\再編前\東区\4月\jinkousu_areaage_h20-04-01_higashiku.xls,https://www.city.hamamatsu.shizuoka.jp/documents/5766/jinkousu_areaage_h20-04-01_higashiku.xls,2025-12-14T19:23:31.050940+09:00,200,403456,"Mon, 09 Jun 2014 06:00:14 GMT","""62800-4fb60ecbbb780""",application/vnd.ms-excel,61f5a5296f7a8eb6179844be5121360ce7cdb488cc9d34a3736a1a7bb7168994,downloaded
2025-12-14T192110+0900,before,再編前,東区,10月,jinkousu_areaage_h20-10-01_higashiku.xls,c:\Users\pirat\Documents\MikkabiLab_population_analysis\data\archive\浜松市\町字別・年齢別人口表\2025-12-14T192110+0900\再編前\東区\10月\jinkousu_areaage_h20-10-01_higashiku.xls,https://www.city.hamamatsu.shizuoka.jp/documents/5766/jinkousu_areaage_h20-10-01_higashiku.xls,2025-12-14T19:23:31.455750+09:00,200,408576,"Mon, 09 Jun 2014 06:00:15 GMT","""63c00-4fb60eccaf9c0""",application/vnd.ms-excel,8b7eb3cc897756433b9093d13dfd723ac305f3ce73778c381d8315ee6cf548d6,downloaded
2025-12-14T192110+0900,before,再編前,西区,4月,jinkousu_areaage_h20-04-01_nishiku.xls,c:\Users\pirat\Documents\MikkabiLab_population_analysis\data\archive\浜松市\町字別・年齢別人口表\2025-12-14T192110+0900\再編前\西区\4月\jinkousu_areaage_h20-04-01_nishiku.xls,https://www.city.hamamatsu.shizuoka.jp/documents/5766/jinkousu_areaage_h20-04-01_nishiku.xls,2025-12-14T19:23:31.855987+09:00,200,348672,"Mon, 09 Jun 2014 06:00:15 GMT","""55200-4fb60eccaf9c0""",application/vnd.ms-excel,b2fd01e8e8dabcebd0d6a275cb0ab01ccbdaa004f5b8ef8d5ccebd67a285cf89,downloaded
2025-12-14T192110+0900,before,再編前,西区,10月,jinkousu_areaage_h20-10-01_nishiku.xls,c:\Users\pirat\Documents\MikkabiLab_population_analysis\data\archive\浜松市\町字別・年齢別人口表\2025-12-14T192110+0900\再編前\西区\10月\jinkousu_areaage_h20-10-01_nishiku.xls,https://www.city.hamamatsu.shizuoka.jp/documents/5766/jinkousu_areaage_h20-10-01_nishiku.xls,2025-12-14T19:23:32.223859+09:00,200,361984,"Mon, 09 Jun 2014 06:00:15 GMT","""58600-4fb60eccaf9c0""",application/vnd.ms-excel,b10c5ce12622730b127253fd4c6de4a5277f2c2d23c1488a245d2c267297c393,downloaded
2025-12-14T192110+0900,before,再編前,南区,4月,jinkousu_areaage_h20-04-01_minamiku.xls,c:\Users\pirat\Documents\MikkabiLab_population_analysis\data\archive\浜松市\町字別・年齢別人口表\2025-12-14T192110+0900\再編前\南区\4月\jinkousu_areaage_h20-04-01_minamiku.xls,https://www.city.hamamatsu.shizuoka.jp/documents/5766/jinkousu_areaage_h20-04-01_minamiku.xls,2025-12-14T19:23:32.722270+09:00,200,393728,"Mon, 09 Jun 2014 06:00:15 GMT","""60200-4fb60eccaf9c0""",application/vnd.ms-excel,0215f08800a18c0551de6a3e54450c7df213b8a011d5dc94401a74fdfa5753a5,downloaded
2025-12-14T192110+0900,before,再編前,南区,10月,jinkousu_areaage_h20-10-01_minamiku.xls,c:\Users\pirat\Documents\MikkabiLab_population_analysis\data\archive\浜松市\町字別・年齢別人口表\2025-12-14T192110+0900\再編前\南区\10月\jinkousu_areaage_h20-10-01_minamiku.xls,https://www.city.hamamatsu.shizuoka.jp/documents/5766/jinkousu_areaage_h20-10-01_minamiku.xls,2025-12-14T19:23:33.145090+09:00,200,399872,"Mon, 09 Jun 2014 06:00:15 GMT","""61a00-4fb60eccaf9c0""",application/vnd.ms-excel,d3a996b429bbeca6e420c96a5012076d2b7113b7b4499de6bd52efed0a165a11,downloaded
2025-12-14T192110+0900,before,再編前,北区,4月,jinkousu_areaage_h20-04-01_kitaku.xls,c:\Users\pirat\Documents\MikkabiLab_population_analysis\data\archive\浜松市\町字別・年齢別人口表\2025-12-14T192110+0900\再編前\北区\4月\jinkousu_areaage_h20-04-01_kitaku.xls,https://www.city.hamamatsu.shizuoka.jp/documents/5766/jinkousu_areaage_h20-04-01_kitaku.xls,2025-12-14T19:23:33.545848+09:00,200,542720,"Mon, 09 Jun 2014 06:00:15 GMT","""84800-4fb60eccaf9c0""",application/vnd.ms-excel,fadc0c827489a399690b3786d653ebcca8516b599e752ca592d1a7177dc47e9f,downloaded
2025-12-14T192110+0900,before,再編前,北区,10月,jinkousu_areaage_h20-10-01_kitaku.xls,c:\Users\pirat\Documents\MikkabiLab_population_analysis\data\archive\浜松市\町字別・年齢別人口表\2025-12-14T192110+0900\再編前\北区\10月\jinkousu_areaage_h20-10-01_kitaku.xls,https://www.city.hamamatsu.shizuoka.jp/documents/5766/jinkousu_areaage_h20-10-01_kitaku.xls,2025-12-14T19:23:34.019790+09:00,200,550912,"Mon, 09 Jun 2014 06:00:16 GMT","""86800-4fb60ecda3c00""",application/vnd.ms-excel,ebc09855e190beaebdcbe504bcadd8e8eabf644c6ee628a6391f3d5454c05c39,downloaded
2025-12-14T192110+0900,before,再編前,浜北区,4月,jinkousu_areaage_h20-04-01_hamakitaku.xls,c:\Users\pirat\Documents\MikkabiLab_population_analysis\data\archive\浜松市\町字別・年齢別人口表\2025-12-14T192110+0900\再編前\浜北区\4月\jinkousu_areaage_h20-04-01_hamakitaku.xls,https://www.city.hamamatsu.shizuoka.jp/documents/5766/jinkousu_areaage_h20-04-01_hamakitaku.xls,2025-12-14T19:23:35.025825+09:00,200,312320,"Mon, 09 Jun 2014 06:00:16 GMT","""4c400-4fb60ecda3c00""",application/vnd.ms-excel,0618e0211e69abf59e6c50402e86011037d56641e9493cef2e5fcd428469864f,downloaded
2025-12-14T192110+0900,before,再編前,浜北区,10月,jinkousu_areaage_h20-10-01_hamakitaku.xls,c:\Users\pirat\Documents\MikkabiLab_population_analysis\data\archive\浜松市\町字別・年齢別人口表\2025-12-14T192110+0900\再編前\浜北区\10月\jinkousu_areaage_h20-10-01_hamakitaku.xls,https://www.city.hamamatsu.shizuoka.jp/documents/5766/jinkousu_areaage_h20-10-01_hamakitaku.xls,2025-12-14T19:23:35.389814+09:00,200,317440,"Mon, 09 Jun 2014 06:00:16 GMT","""4d800-4fb60ecda3c00""",application/vnd.ms-excel,b746b5096231381450bfd20f71c498ff7712b7b5e0b031af19ce6d275fc2df93,downloaded
2025-12-14T192110+0900,before,再編前,天竜区,4月,jinkousu_areaage_h20-04-01_tenryuuku.xls,c:\Users\pirat\Documents\MikkabiLab_population_analysis\data\archive\浜松市\町字別・年齢別人口表\2025-12-14T192110+0900\再編前\天竜区\4月\jinkousu_areaage_h20-04-01_tenryuuku.xls,https://www.city.hamamatsu.shizuoka.jp/documents/5766/jinkousu_areaage_h20-04-01_tenryuuku.xls,2025-12-14T19:23:35.725188+09:00,200,696320,"Mon, 09 Jun 2014 06:00:16 GMT","""aa000-4fb60ecda3c00""",application/vnd.ms-excel,aceec4c76966b2bcab79e499a5661c12f455804f1fea6e7ec832e02f40a6fc5b,downloaded
2025-12-14T192110+0900,before,再編前,天竜区,10月,jinkousu_areaage_h20-10-01_tenryuuku.xls,c:\Users\pirat\Documents\MikkabiLab_population_analysis\data\archive\浜松市\町字別・年齢別人口表\2025-12-14T192110+0900\再編前\天竜区\10月\jinkousu_areaage_h20-10-01_tenryuuku.xls,https://www.city.hamamatsu.shizuoka.jp/documents/5766/jinkousu_areaage_h20-10-01_tenryuuku.xls,2025-12-14T19:23:36.254209+09:00,200,700928,"Mon, 09 Jun 2014 06:00:16 GMT","""ab200-4fb60ecda3c00""",application/vnd.ms-excel,8e6cf6f7c81ad8964195eef484112cfb89bcb3c83eb02b933c65545ae87a0239,downloaded
2025-12-14T192110+0900,before,再編前,中区,4月,jinkousu_areaage_h19-04-01_nakaku.xls,c:\Users\pirat\Documents\MikkabiLab_population_analysis\data\archive\浜松市\町字別・年齢別人口表\2025-12-14T192110+0900\再編前\中区\4月\jinkousu_areaage_h19-04-01_nakaku.xls,https://www.city.hamamatsu.shizuoka.jp/documents/5766/jinkousu_areaage_h19-04-01_nakaku.xls,2025-12-14T19:23:36.758541+09:00,200,1150976,"Mon, 09 Jun 2014 06:00:16 GMT","""119000-4fb60ecda3c00""",application/vnd.ms-excel,be72c42fb5865bf0f5aff0f34cc2f7c1bc87d2cd42afd36dbcae35ad8d1bf911,downloaded
2025-12-14T192110+0900,before,再編前,中区,10月,jinkousu_areaage_h19-10-01_nakaku.xls,c:\Users\pirat\Documents\MikkabiLab_population_analysis\data\archive\浜松市\町字別・年齢別人口表\2025-12-14T192110+0900\再編前\中区\10月\jinkousu_areaage_h19-10-01_nakaku.xls,https://www.city.hamamatsu.shizuoka.jp/documents/5766/jinkousu_areaage_h19-10-01_nakaku.xls,2025-12-14T19:23:37.476857+09:00,200,1148416,"Mon, 09 Jun 2014 06:00:17 GMT","""118600-4fb60ece97e40""",application/vnd.ms-excel,03a5029b4445f39ff5e05f1e119a2f0625f717e6c78a12834db5fd7bdbb33ef4,downloaded
2025-12-14T192110+0900,before,再編前,東区,4月,jinkousu_areaage_h19-04-01_higashiku.xls,c:\Users\pirat\Documents\MikkabiLab_population_analysis\data\archive\浜松市\町字別・年齢別人口表\2025-12-14T192110+0900\再編前\東区\4月\jinkousu_areaage_h19-04-01_higashiku.xls,https://www.city.hamamatsu.shizuoka.jp/documents/5766/jinkousu_areaage_h19-04-01_higashiku.xls,2025-12-14T19:23:38.255319+09:00,200,395264,"Mon, 09 Jun 2014 06:00:17 GMT","""60800-4fb60ece97e40""",application/vnd.ms-excel,768f67f1a0a6119e00d34fef6aae40e06562adacf4b168e06be937a394cb95eb,downloaded
2025-12-14T192110+0900,before,再編前,東区,10月,jinkousu_areaage_h19-10-01_higashiku.xls,c:\Users\pirat\Documents\MikkabiLab_population_analysis\data\archive\浜松市\町字別・年齢別人口表\2025-12-14T192110+0900\再編前\東区\10月\jinkousu_areaage_h19-10-01_higashiku.xls,https://www.city.hamamatsu.shizuoka.jp/documents/5766/jinkousu_areaage_h19-10-01_higashiku.xls,2025-12-14T19:23:38.665230+09:00,200,403456,"Mon, 09 Jun 2014 06:00:17 GMT","""62800-4fb60ece97e40""",application/vnd.ms-excel,7eb8b410fcabaa4be40bc6d75f66019ebba71be8d9edb3aa699fe3589da54684,downloaded
2025-12-14T192110+0900,before,再編前,西区,4月,jinkousu_areaage_h19-04-01_nishiku.xls,c:\Users\pirat\Documents\MikkabiLab_population_analysis\data\archive\浜松市\町字別・年齢別人口表\2025-12-14T192110+0900\再編前\西区\4月\jinkousu_areaage_h19-04-01_nishiku.xls,https://www.city.hamamatsu.shizuoka.jp/documents/5766/jinkousu_areaage_h19-04-01_nishiku.xls,2025-12-14T19:23:39.050756+09:00,200,330240,"Mon, 09 Jun 2014 06:00:17 GMT","""50a00-4fb60ece97e40""",application/vnd.ms-excel,c32b5eab2e6dd675a86503224cf8cdba6256c0b258d790f7f32f0bc4c4ccfb19,downloaded
2025-12-14T192110+0900,before,再編前,西区,10月,jinkousu_areaage_h19-10-01_nishiku.xls,c:\Users\pirat\Documents\MikkabiLab_population_analysis\data\archive\浜松市\町字別・年齢別人口表\2025-12-14T192110+0900\再編前\西区\10月\jinkousu_areaage_h19-10-01_nishiku.xls,https://www.city.hamamatsu.shizuoka.jp/documents/5766/jinkousu_areaage_h19-10-01_nishiku.xls,2025-12-14T19:23:39.414122+09:00,200,331776,"Mon, 09 Jun 2014 06:00:17 GMT","""51000-4fb60ece97e40""",application/vnd.ms-excel,c42f1abec76a26cf806c2f6a00b67f8dcd330fa9a916b30d638b14efce546e6c,downloaded
2025-12-14T192110+0900,before,再編前,南区,4月,jinkousu_areaage_h19-04-01_minamiku.xls,c:\Users\pirat\Documents\MikkabiLab_population_analysis\data\archive\浜松市\町字別・年齢別人口表\2025-12-14T192110+0900\再編前\南区\4月\jinkousu_areaage_h19-04-01_minamiku.xls,https://www.city.hamamatsu.shizuoka.jp/documents/5766/jinkousu_areaage_h19-04-01_minamiku.xls,2025-12-14T19:23:39.791598+09:00,200,392192,"Mon, 09 Jun 2014 06:00:17 GMT","""5fc00-4fb60ece97e40""",application/vnd.ms-excel,04e6865e9112681a3f3427e9e4dc04d72411ebbd0aee7352d5bfb12210188929,downloaded
2025-12-14T192110+0900,before,再編前,南区,10月,jinkousu_areaage_h19-10-01_minamiku.xls,c:\Users\pirat\Documents\MikkabiLab_population_analysis\data\archive\浜松市\町字別・年齢別人口表\2025-12-14T192110+0900\再編前\南区\10月\jinkousu_areaage_h19-10-01_minamiku.xls,https://www.city.hamamatsu.shizuoka.jp/documents/5766/jinkousu_areaage_h19-10-01_minamiku.xls,2025-12-14T19:23:40.538970+09:00,200,393728,"Mon, 09 Jun 2014 06:00:17 GMT","""60200-4fb60ece97e40""",application/vnd.ms-excel,57805a872cd0f41759094d2022b958757de5bffbdb2fb2df70e6a595e7b42157,downloaded
2025-12-14T192110+0900,before,再編前,北区,4月,jinkousu_areaage_h19-04-01_kitaku.xls,c:\Users\pirat\Documents\MikkabiLab_population_analysis\data\archive\浜松市\町字別・年齢別人口表\2025-12-14T192110+0900\再編前\北区\4月\jinkousu_areaage_h19-04-01_kitaku.xls,https://www.city.hamamatsu.shizuoka.jp/documents/5766/jinkousu_areaage_h19-04-01_kitaku.xls,2025-12-14T19:23:40.923461+09:00,200,482304,"Fri, 08 Aug 2025 06:00:27 GMT","""75c00-63bd44a61654e""",application/vnd.ms-excel,48c7a423ee54b77892c13c58cdf61fd5760242ac7be3fb306b98d2366cc93b84,downloaded
2025-12-14T192110+0900,before,再編前,北区,10月,jinkousu_areaage_h19-10-01_kitaku.xls,c:\Users\pirat\Documents\MikkabiLab_population_analysis\data\archive\浜松市\町字別・年齢別人口表\2025-12-14T192110+0900\再編前\北区\10月\jinkousu_areaage_h19-10-01_kitaku.xls,https://www.city.hamamatsu.shizuoka.jp/documents/5766/jinkousu_areaage_h19-10-01_kitaku.xls,2025-12-14T19:23:41.354140+09:00,200,472064,"Mon, 09 Jun 2014 06:00:18 GMT","""73400-4fb60ecf8c080""",application/vnd.ms-excel,9837a527623f32b4b016309402241d7c27e9ed2139ce175289752cba504f0f81,downloaded
2025-12-14T192110+0900,before,再編前,浜北区,4月,jinkousu_areaage_h19-04-01_hamakitaku.xls,c:\Users\pirat\Documents\MikkabiLab_population_analysis\data\archive\浜松市\町字別・年齢別人口表\2025-12-14T192110+0900\再編前\浜北区\4月\jinkousu_areaage_h19-04-01_hamakitaku.xls,https://www.city.hamamatsu.shizuoka.jp/documents/5766/jinkousu_areaage_h19-04-01_hamakitaku.xls,2025-12-14T19:23:41.795560+09:00,200,310784,"Mon, 09 Jun 2014 06:00:18 GMT","""4be00-4fb60ecf8c080""",application/vnd.ms-excel,d68e2a801c1f028eb7c59ec9cf38c1e38f43b7db5fe3c085c9c9f07ff351475b,downloaded
2025-12-14T192110+0900,before,再編前,浜北区,10月,jinkousu_areaage_h19-10-01_hamakitaku.xls,c:\Users\pirat\Documents\MikkabiLab_population_analysis\data\archive\浜松市\町字別・年齢別人口表\2025-12-14T192110+0900\再編前\浜北区\10月\jinkousu_areaage_h19-10-01_hamakitaku.xls,https://www.city.hamamatsu.shizuoka.jp/documents/5766/jinkousu_areaage_h19-10-01_hamakitaku.xls,2025-12-14T19:23:42.167406+09:00,200,312320,"Mon, 09 Jun 2014 06:00:18 GMT","""4c400-4fb60ecf8c080""",application/vnd.ms-excel,a0a224ac1fa1d4a2eb3eb8406cb71f2139d070714df1d3541dae55f8584e9260,downloaded
2025-12-14T192110+0900,before,再編前,天竜区,4月,jinkousu_areaage_h19-04-01_tenryuku.xls,c:\Users\pirat\Documents\MikkabiLab_population_analysis\data\archive\浜松市\町字別・年齢別人口表\2025-12-14T192110+0900\再編前\天竜区\4月\jinkousu_areaage_h19-04-01_tenryuku.xls,https://www.city.hamamatsu.shizuoka.jp/documents/5766/jinkousu_areaage_h19-04-01_tenryuku.xls,2025-12-14T19:23:42.532211+09:00,200,580096,"Mon, 09 Jun 2014 06:00:18 GMT","""8da00-4fb60ecf8c080""",application/vnd.ms-excel,913e7eb87308ee9f17052da2c5c7425ed4a01d9e1daea5b81f4a4c74e4247995,downloaded
2025-12-14T192110+0900,before,再編前,天竜区,10月,jinkousu_areaage_h19-10-01_tenryuku.xls,c:\Users\pirat\Documents\MikkabiLab_population_analysis\data\archive\浜松市\町字別・年齢別人口表\2025-12-14T192110+0900\再編前\天竜区\10月\jinkousu_areaage_h19-10-01_tenryuku.xls,https://www.city.hamamatsu.shizuoka.jp/documents/5766/jinkousu_areaage_h19-10-01_tenryuku.xls,2025-12-14T19:23:43.026883+09:00,200,582144,"Mon, 09 Jun 2014 06:00:18 GMT","""8e200-4fb60ecf8c080""",application/vnd.ms-excel,892a7a20019657be458b7539d393009a76c715cc8edfb0ba379584e7b7162bf6,downloaded
2025-12-14T192110+0900,old,市町村合併前,浜松市、中央～江東,4月,jinkousu_areaage_h18-04-01_cyu.xls,c:\Users\pirat\Documents\MikkabiLab_population_analysis\data\archive\浜松市\町字別・年齢別人口表\2025-12-14T192110+0900\市町村合併前\浜松市、中央～江東\4月\jinkousu_areaage_h18-04-01_cyu.xls,https://www.city.hamamatsu.shizuoka.jp/documents/5766/jinkousu_areaage_h18-04-01_cyu.xls,2025-12-14T19:23:43.602012+09:00,200,1099776,"Mon, 09 Jun 2014 06:00:18 GMT","""10c800-4fb60ecf8c080""",application/vnd.ms-excel,699acf7b4f234629175d340aa100a273baf311c2c4b5d641aa82dd75f26f7f1f,downloaded
2025-12-14T192110+0900,old,市町村合併前,浜松市、中央～江東,10月,jinkousu_areaage_h18-10-01_cyu.xls,c:\Users\pirat\Documents\MikkabiLab_population_analysis\data\archive\浜松市\町字別・年齢別人口表\2025-12-14T192110+0900\市町村合併前\浜松市、中央～江東\10月\jinkousu_areaage_h18-10-01_cyu.xls,https://www.city.hamamatsu.shizuoka.jp/documents/5766/jinkousu_areaage_h18-10-01_cyu.xls,2025-12-14T19:23:44.327896+09:00,200,1081344,"Mon, 09 Jun 2014 06:00:18 GMT","""108000-4fb60ecf8c080""",application/vnd.ms-excel,1483024a04e5856660f6fcc90e981cc3528f242796d318643e6ec983686f3a48,downloaded
2025-12-14T192110+0900,old,市町村合併前,白脇～可美,4月,jinkousu_areaage_h18-04-01_shiro.xls,c:\Users\pirat\Documents\MikkabiLab_population_analysis\data\archive\浜松市\町字別・年齢別人口表\2025-12-14T192110+0900\市町村合併前\白脇～可美\4月\jinkousu_areaage_h18-04-01_shiro.xls,https://www.city.hamamatsu.shizuoka.jp/documents/5766/jinkousu_areaage_h18-04-01_shiro.xls,2025-12-14T19:23:45.052035+09:00,200,1156608,"Mon, 09 Jun 2014 06:00:18 GMT","""11a600-4fb60ecf8c080""",application/vnd.ms-excel,f02298d721a73bb05df45ce0dddbf57aa4bde1a9c1cc165c0c52b58eef6431a9,downloaded
2025-12-14T192110+0900,old,市町村合併前,白脇～可美,10月,jinkousu_areaage_h18-10-01_shiro.xls,c:\Users\pirat\Documents\MikkabiLab_population_analysis\data\archive\浜松市\町字別・年齢別人口表\2025-12-14T192110+0900\市町村合併前\白脇～可美\10月\jinkousu_areaage_h18-10-01_shiro.xls,https://www.city.hamamatsu.shizuoka.jp/documents/5766/jinkousu_areaage_h18-10-01_shiro.xls,2025-12-14T19:23:45.810085+09:00,200,1133568,"Mon, 09 Jun 2014 06:00:19 GMT","""114c00-4fb60ed0802c0""",application/vnd.ms-excel,78348a22447182e8ac08d547aa6435a3569751f6b556ad49f7564d495346b787,downloaded
2025-12-14T192110+0900,old,市町村合併前,浜名～龍山,4月,jinkousu_areaage_h18-04-01_hama.xls,c:\Users\pirat\Documents\MikkabiLab_population_analysis\data\archive\浜松市\町字別・年齢別人口表\2025-12-14T192110+0900\市町村合併前\浜名～龍山\4月\jinkousu_areaage_h18-04-01_hama.xls,https://www.city.hamamatsu.shizuoka.jp/documents/5766/jinkousu_areaage_h18-04-01_hama.xls,2025-12-14T19:23:46.619480+09:00,200,1473536,"Mon, 09 Jun 2014 06:00:19 GMT","""167c00-4fb60ed0802c0""",application/vnd.ms-excel,4a77592bb284b4341a4ac076faa7fece522f57cd9702d53e95432aaa36b0a9b1,downloaded
2025-12-14T192110+0900,old,市町村合併前,浜名～龍山,10月,jinkousu_areaage_h18-10-01_hama.xls,c:\Users\pirat\Documents\MikkabiLab_population_analysis\data\archive\浜松市\町字別・年齢別人口表\2025-12-14T192110+0900\市町村合併前\浜名～龍山\10月\jinkousu_areaage_h18-10-01_hama.xls,https://www.city.hamamatsu.shizuoka.jp/documents/5766/jinkousu_areaage_h18-10-01_hama.xls,2025-12-14T19:23:47.507178+09:00,200,1440256,"Mon, 09 Jun 2014 06:00:19 GMT","""15fa00-4fb60ed0802c0""",application/vnd.ms-excel,375be32ff3e3b34f901112c50fb1a8bd1b3f5a4e51357b05db4d1d9173c500cd,downloaded
2025-12-14T192110+0900,old,市町村合併前,浜松市、中央～江東,4月,jinkousu_areaage_h17-04-01_cyu.xls,c:\Users\pirat\Documents\MikkabiLab_population_analysis\data\archive\浜松市\町字別・年齢別人口表\2025-12-14T192110+0900\市町村合併前\浜松市、中央～江東\4月\jinkousu_areaage_h17-04-01_cyu.xls,https://www.city.hamamatsu.shizuoka.jp/documents/5766/jinkousu_areaage_h17-04-01_cyu.xls,2025-12-14T19:23:48.436237+09:00,200,1063936,"Mon, 09 Jun 2014 06:00:19 GMT","""103c00-4fb60ed0802c0""",application/vnd.ms-excel,447a707e7a77094656f2dc3182948445a3d805c2a2bca3ca33789485fe8de780,downloaded
2025-12-14T192110+0900,old,市町村合併前,浜松市、中央～江東,10月,jinkousu_areaage_h17-10-01_cyu.xls,c:\Users\pirat\Documents\MikkabiLab_population_analysis\data\archive\浜松市\町字別・年齢別人口表\2025-12-14T192110+0900\市町村合併前\浜松市、中央～江東\10月\jinkousu_areaage_h17-10-01_cyu.xls,https://www.city.hamamatsu.shizuoka.jp/documents/5766/jinkousu_areaage_h17-10-01_cyu.xls,2025-12-14T19:23:49.169901+09:00,200,1092096,"Mon, 09 Jun 2014 06:00:19 GMT","""10aa00-4fb60ed0802c0""",application/vnd.ms-excel,2d1f638961511fda67ea2997e0ef588f0a5294ebe69fb772e6155d10837bac82,downloaded
2025-12-14T192110+0900,old,市町村合併前,白脇～可美,4月,jinkousu_areaage_h17-04-01_shiro.xls,c:\Users\pirat\Documents\MikkabiLab_population_analysis\data\archive\浜松市\町字別・年齢別人口表\2025-12-14T192110+0900\市町村合併前\白脇～可美\4月\jinkousu_areaage_h17-04-01_shiro.xls,https://www.city.hamamatsu.shizuoka.jp/documents/5766/jinkousu_areaage_h17-04-01_shiro.xls,2025-12-14T19:23:49.894193+09:00,200,1124352,"Mon, 09 Jun 2014 06:00:19 GMT","""112800-4fb60ed0802c0""",application/vnd.ms-excel,4f9a28084a0df773682f346318a50e9fda3127097d38165cf9d53263b3416a7c,downloaded
2025-12-14T192110+0900,old,市町村合併前,白脇～可美,10月,jinkousu_areaage_h17-10-01_shiro.xls,c:\Users\pirat\Documents\MikkabiLab_population_analysis\data\archive\浜松市\町字別・年齢別人口表\2025-12-14T192110+0900\市町村合併前\白脇～可美\10月\jinkousu_areaage_h17-10-01_shiro.xls,https://www.city.hamamatsu.shizuoka.jp/documents/5766/jinkousu_areaage_h17-10-01_shiro.xls,2025-12-14T19:23:50.641288+09:00,200,1156608,"Mon, 09 Jun 2014 06:00:19 GMT","""11a600-4fb60ed0802c0""",application/vnd.ms-excel,48cb6df5baa616d3a57120cd8a42d738786afabf58fff0724f132959cd769b50,downloaded
2025-12-14T192110+0900,old,市町村合併前,浜名～龍山,10月,jinkousu_areaage_h17-10-01_hama.xls,c:\Users\pirat\Documents\MikkabiLab_population_analysis\data\archive\浜松市\町字別・年齢別人口表\2025-12-14T192110+0900\市町村合併前\浜名～龍山\10月\jinkousu_areaage_h17-10-01_hama.xls,https://www.city.hamamatsu.shizuoka.jp/documents/5766/jinkousu_areaage_h17-10-01_hama.xls,2025-12-14T19:23:51.436640+09:00,200,1094144,"Mon, 09 Jun 2014 06:00:19 GMT","""10b200-4fb60ed0802c0""",application/vnd.ms-excel,a7b3836119be9ab9bc96ec2bae6206d5f697909448a0deaebd49a984244ec836,downloaded
2025-12-14T192110+0900,old,市町村合併前,浜松市、中央～江東,4月,jinkousu_areaage_h16-04-01_cyu.xls,c:\Users\pirat\Documents\MikkabiLab_population_analysis\data\archive\浜松市\町字別・年齢別人口表\2025-12-14T192110+0900\市町村合併前\浜松市、中央～江東\4月\jinkousu_areaage_h16-04-01_cyu.xls,https://www.city.hamamatsu.shizuoka.jp/documents/5766/jinkousu_areaage_h16-04-01_cyu.xls,2025-12-14T19:23:52.205585+09:00,200,1057792,"Mon, 09 Jun 2014 06:00:19 GMT","""102400-4fb60ed0802c0""",application/vnd.ms-excel,f94125eac9c347ed9818e863da29f26423c1ced407bef2cfc2c4ba37f398bd15,downloaded
2025-12-14T192110+0900,old,市町村合併前,浜松市、中央～江東,10月,jinkousu_areaage_h16-10-01_cyu.xls,c:\Users\pirat\Documents\MikkabiLab_population_analysis\data\archive\浜松市\町字別・年齢別人口表\2025-12-14T192110+0900\市町村合併前\浜松市、中央～江東\10月\jinkousu_areaage_h16-10-01_cyu.xls,https://www.city.hamamatsu.shizuoka.jp/documents/5766/jinkousu_areaage_h16-10-01_cyu.xls,2025-12-14T19:23:52.946916+09:00,200,1058816,"Mon, 09 Jun 2014 06:00:19 GMT","""102800-4fb60ed0802c0""",application/vnd.ms-excel,cb7cb153facc0ca5fd3de98d86b46cf3ca5fba4b4e0725214c332065d4d9090a,downloaded
2025-12-14T192110+0900,old,市町村合併前,白脇～可美,4月,jinkousu_areaage_h16-04-01_shiro.xls,c:\Users\pirat\Documents\MikkabiLab_population_analysis\data\archive\浜松市\町字別・年齢別人口表\2025-12-14T192110+0900\市町村合併前\白脇～可美\4月\jinkousu_areaage_h16-04-01_shiro.xls,https://www.city.hamamatsu.shizuoka.jp/documents/5766/jinkousu_areaage_h16-04-01_shiro.xls,2025-12-14T19:23:53.641891+09:00,200,1118720,"Mon, 09 Jun 2014 06:00:20 GMT","""111200-4fb60ed174500""",application/vnd.ms-excel,2a34d833660ce4ea4c5c6b6410861eb12aa9bbe2eb1bd14b7b314778f8ca166d,downloaded
2025-12-14T192110+0900,old,市町村合併前,白脇～可美,10月,jinkousu_areaage_h16-10-01_shiro.xls,c:\Users\pirat\Documents\MikkabiLab_population_analysis\data\archive\浜松市\町字別・年齢別人口表\2025-12-14T192110+0900\市町村合併前\白脇～可美\10月\jinkousu_areaage_h16-10-01_shiro.xls,https://www.city.hamamatsu.shizuoka.jp/documents/5766/jinkousu_areaage_h16-10-01_shiro.xls,2025-12-14T19:23:54.386712+09:00,200,1119232,"Mon, 09 Jun 2014 06:00:20 GMT","""111400-4fb60ed174500""",application/vnd.ms-excel,5477a5228b27f4c4c9ab8d73de9080f970d65092e4fb11691888483186acf2c2,downloaded
2025-12-14T192110+0900,old,市町村合併前,浜松市、中央～江東,4月,jinkousu_areaage_h15-04-01_cyu.xls,c:\Users\pirat\Documents\MikkabiLab_population_analysis\data\archive\浜松市\町字別・年齢別人口表\2025-12-14T192110+0900\市町村合併前\浜松市、中央～江東\4月\jinkousu_areaage_h15-04-01_cyu.xls,https://www.city.hamamatsu.shizuoka.jp/documents/5766/jinkousu_areaage_h15-04-01_cyu.xls,2025-12-14T19:23:55.250455+09:00,200,1066496,"Mon, 09 Jun 2014 06:00:20 GMT","""104600-4fb60ed174500""",application/vnd.ms-excel,fb4e05d6c515ba99fe135f2bf9edd10449f2e7f45e4e233438259b655cabb31c,downloaded
2025-12-14T192110+0900,old,市町村合併前,浜松市、中央～江東,10月,jinkousu_areaage_h15-10-01_cyu.xls,c:\Users\pirat\Documents\MikkabiLab_population_analysis\data\archive\浜松市\町字別・年齢別人口表\2025-12-14T192110+0900\市町村合併前\浜松市、中央～江東\10月\jinkousu_areaage_h15-10-01_cyu.xls,https://www.city.hamamatsu.shizuoka.jp/documents/5766/jinkousu_areaage_h15-10-01_cyu.xls,2025-12-14T19:23:55.990105+09:00,200,1066496,"Mon, 09 Jun 2014 06:00:20 GMT","""104600-4fb60ed174500""",application/vnd.ms-excel,4a54e3766f72557ccbef0fef1ed4fd1eb64460ffc230e1f5d2da59062b492a4a,downloaded
2025-12-14T192110+0900,old,市町村合併前,白脇～可美,4月,jinkousu_areaage_h15-04-01_shiro.xls,c:\Users\pirat\Documents\MikkabiLab_population_analysis\data\archive\浜松市\町字別・年齢別人口表\2025-12-14T192110+0900\市町村合併前\白脇～可美\4月\jinkousu_areaage_h15-04-01_shiro.xls,https://www.city.hamamatsu.shizuoka.jp/documents/5766/jinkousu_areaage_h15-04-01_shiro.xls,2025-12-14T19:23:56.704748+09:00,200,1120256,"Mon, 09 Jun 2014 06:00:20 GMT","""111800-4fb60ed174500""",application/vnd.ms-excel,0aeebb48d18210c2ecb221d340063d6c792d9de4c58056825b4fe8b3068438a5,downloaded
2025-12-14T192110+0900,old,市町村合併前,白脇～可美,10月,jinkousu_areaage_h15-10-01_shiro.xls,c:\Users\pirat\Documents\MikkabiLab_population_analysis\data\archive\浜松市\町字別・年齢別人口表\2025-12-14T192110+0900\市町村合併前\白脇～可美\10月\jinkousu_areaage_h15-10-01_shiro.xls,https://www.city.hamamatsu.shizuoka.jp/documents/5766/jinkousu_areaage_h15-10-01_shiro.xls,2025-12-14T19:23:57.461309+09:00,200,1122816,"Mon, 09 Jun 2014 06:00:20 GMT","""112200-4fb60ed174500""",application/vnd.ms-excel,d91caa78eba71faca2c224d75083c8ad8a1fbf4bfd8fd931224e1740c48e6a98,downloaded
2025-12-14T192110+0900,old,市町村合併前,浜松市、中央～江東,4月,jinkousu_areaage_h14-04-01_cyu.xls,c:\Users\pirat\Documents\MikkabiLab_population_analysis\data\archive\浜松市\町字別・年齢別人口表\2025-12-14T192110+0900\市町村合併前\浜松市、中央～江東\4月\jinkousu_areaage_h14-04-01_cyu.xls,https://www.city.hamamatsu.shizuoka.jp/documents/5766/jinkousu_areaage_h14-04-01_cyu.xls,2025-12-14T19:23:58.199197+09:00,200,1073152,"Mon, 09 Jun 2014 06:00:20 GMT","""106000-4fb60ed174500""",application/vnd.ms-excel,8e0c855a7058209ddf7fdef6078eb5b27945c49e7109cf7123dd3fbc79736077,downloaded
2025-12-14T192110+0900,old,市町村合併前,浜松市、中央～江東,10月,jinkousu_areaage_h14-10-01_cyu.xls,c:\Users\pirat\Documents\MikkabiLab_population_analysis\data\archive\浜松市\町字別・年齢別人口表\2025-12-14T192110+0900\市町村合併前\浜松市、中央～江東\10月\jinkousu_areaage_h14-10-01_cyu.xls,https://www.city.hamamatsu.shizuoka.jp/documents/5766/jinkousu_areaage_h14-10-01_cyu.xls,2025-12-14T19:23:58.907043+09:00,200,1072128,"Mon, 09 Jun 2014 06:00:20 GMT","""105c00-4fb60ed174500""",application/vnd.ms-excel,7a8edb0428502c0244c5def7de1bd9439b46eaa6e53df1c49559bc798cbe58e5,downloaded
2025-12-14T192110+0900,old,市町村合併前,白脇～可美,4月,jinkousu_areaage_h14-04-01_shiro.xls,c:\Users\pirat\Documents\MikkabiLab_population_analysis\data\archive\浜松市\町字別・年齢別人口表\2025-12-14T192110+0900\市町村合併前\白脇～可美\4月\jinkousu_areaage_h14-04-01_shiro.xls,https://www.city.hamamatsu.shizuoka.jp/documents/5766/jinkousu_areaage_h14-04-01_shiro.xls,2025-12-14T19:23:59.681544+09:00,200,1117696,"Mon, 09 Jun 2014 06:00:20 GMT","""110e00-4fb60ed174500""",application/vnd.ms-excel,da6b18b0b3d43cd1d5f489462b5dc7405eb2584f58262c59572553beba84c886,downloaded
2025-12-14T192110+0900,old,市町村合併前,白脇～可美,10月,jinkousu_areaage_h14-10-01_shiro.xls,c:\Users\pirat\Documents\MikkabiLab_population_analysis\data\archive\浜松市\町字別・年齢別人口表\2025-12-14T192110+0900\市町村合併前\白脇～可美\10月\jinkousu_areaage_h14-10-01_shiro.xls,https://www.city.hamamatsu.shizuoka.jp/documents/5766/jinkousu_areaage_h14-10-01_shiro.xls,2025-12-14T19:24:00.418651+09:00,200,1116160,"Mon, 09 Jun 2014 06:00:21 GMT","""110800-4fb60ed268740""",application/vnd.ms-excel,f351196f7d8e9648c9c76a22c43f65ba5bc7048fd10ef7339d162fd2404918f3,downloaded
2025-12-14T192110+0900,old,市町村合併前,浜松市、中央～江東,4月,jinkousu_areaage_h13-04-01_cyu.xls,c:\Users\pirat\Documents\MikkabiLab_population_analysis\data\archive\浜松市\町字別・年齢別人口表\2025-12-14T192110+0900\市町村合併前\浜松市、中央～江東\4月\jinkousu_areaage_h13-04-01_cyu.xls,https://www.city.hamamatsu.shizuoka.jp/documents/5766/jinkousu_areaage_h13-04-01_cyu.xls,2025-12-14T19:24:01.262173+09:00,200,1063424,"Mon, 09 Jun 2014 06:00:21 GMT","""103a00-4fb60ed268740""",application/vnd.ms-excel,282517360e97575102ea524c42c5768b7f34e4f777cbb513cc9c193b35db4fb9,downloaded
2025-12-14T192110+0900,old,市町村合併前,浜松市、中央～江東,10月,jinkousu_areaage_h13-10-01_cyu.xls,c:\Users\pirat\Documents\MikkabiLab_population_analysis\data\archive\浜松市\町字別・年齢別人口表\2025-12-14T192110+0900\市町村合併前\浜松市、中央～江東\10月\jinkousu_areaage_h13-10-01_cyu.xls,https://www.city.hamamatsu.shizuoka.jp/documents/5766/jinkousu_areaage_h13-10-01_cyu.xls,2025-12-14T19:24:02.017618+09:00,200,1063424,"Mon, 09 Jun 2014 06:00:21 GMT","""103a00-4fb60ed268740""",application/vnd.ms-excel,f65307e8e57de0ad07ecf328e175be6da32c45300d2d3ac60675814b2470a23e,downloaded
2025-12-14T192110+0900,old,市町村合併前,白脇～可美,4月,jinkousu_areaage_h13-04-01_shiro.xls,c:\Users\pirat\Documents\MikkabiLab_population_analysis\data\archive\浜松市\町字別・年齢別人口表\2025-12-14T192110+0900\市町村合併前\白脇～可美\4月\jinkousu_areaage_h13-04-01_shiro.xls,https://www.city.hamamatsu.shizuoka.jp/documents/5766/jinkousu_areaage_h13-04-01_shiro.xls,2025-12-14T19:24:02.820444+09:00,200,1125376,"Mon, 09 Jun 2014 06:00:21 GMT","""112c00-4fb60ed268740""",application/vnd.ms-excel,29db84d0fbdc618db72041d265c0b9f672e0638f2c0b9131c20af9d3b0e8d9ea,downloaded
2025-12-14T192110+0900,old,市町村合併前,白脇～可美,10月,jinkousu_areaage_h13-10-01_shiro.xls,c:\Users\pirat\Documents\MikkabiLab_population_analysis\data\archive\浜松市\町字別・年齢別人口表\2025-12-14T192110+0900\市町村合併前\白脇～可美\10月\jinkousu_areaage_h13-10-01_shiro.xls,https://www.city.hamamatsu.shizuoka.jp/documents/5766/jinkousu_areaage_h13-10-01_shiro.xls,2025-12-14T19:24:03.620216+09:00,200,1124864,"Mon, 09 Jun 2014 06:00:21 GMT","""112a00-4fb60ed268740""",application/vnd.ms-excel,ea9593da9e12fcaf9ee991ff2984c9721e09601990fb95f8174c18ad3d03b917,downloaded
2025-12-14T192110+0900,old,市町村合併前,浜松市、中央～江東,4月,jinkousu_areaage_h12-04-01_cyu.xls,c:\Users\pirat\Documents\MikkabiLab_population_analysis\data\archive\浜松市\町字別・年齢別人口表\2025-12-14T192110+0900\市町村合併前\浜松市、中央～江東\4月\jinkousu_areaage_h12-04-01_cyu.xls,https://www.city.hamamatsu.shizuoka.jp/documents/5766/jinkousu_areaage_h12-04-01_cyu.xls,2025-12-14T19:24:04.548530+09:00,200,1079808,"Mon, 09 Jun 2014 06:00:21 GMT","""107a00-4fb60ed268740""",application/vnd.ms-excel,fd044ae1d1ad71fa4859aef5f49b15093e6e4c10b83a4383539c6813f9e9b6fc,downloaded
2025-12-14T192110+0900,old,市町村合併前,浜松市、中央～江東,10月,jinkousu_areaage_h12-10-01_cyu.xls,c:\Users\pirat\Documents\MikkabiLab_population_analysis\data\archive\浜松市\町字別・年齢別人口表\2025-12-14T192110+0900\市町村合併前\浜松市、中央～江東\10月\jinkousu_areaage_h12-10-01_cyu.xls,https://www.city.hamamatsu.shizuoka.jp/documents/5766/jinkousu_areaage_h12-10-01_cyu.xls,2025-12-14T19:24:06.262280+09:00,200,1079296,"Mon, 09 Jun 2014 06:00:21 GMT","""107800-4fb60ed268740""",application/vnd.ms-excel,55f058939ca14add885140a18979aff0fea954fb0c75286d40788a442784c26b,downloaded
2025-12-14T192110+0900,old,市町村合併前,白脇～可美,4月,jinkousu_areaage_h12-04-01_shiro.xls,c:\Users\pirat\Documents\MikkabiLab_population_analysis\data\archive\浜松市\町字別・年齢別人口表\2025-12-14T192110+0900\市町村合併前\白脇～可美\4月\jinkousu_areaage_h12-04-01_shiro.xls,https://www.city.hamamatsu.shizuoka.jp/documents/5766/jinkousu_areaage_h12-04-01_shiro.xls,2025-12-14T19:24:07.024828+09:00,200,1047040,"Mon, 09 Jun 2014 06:00:21 GMT","""ffa00-4fb60ed268740""",application/vnd.ms-excel,4ffd17f29e5d91cd1438d77de65cc72880ede6af25528d3d7511501da875d1cd,downloaded
2025-12-14T192110+0900,old,市町村合併前,白脇～可美,10月,jinkousu_areaage_h12-10-01_shiro.xls,c:\Users\pirat\Documents\MikkabiLab_population_analysis\data\archive\浜松市\町字別・年齢別人口表\2025-12-14T192110+0900\市町村合併前\白脇～可美\10月\jinkousu_areaage_h12-10-01_shiro.xls,https://www.city.hamamatsu.shizuoka.jp/documents/5766/jinkousu_areaage_h12-10-01_shiro.xls,2025-12-14T19:24:07.770537+09:00,200,1050624,"Mon, 09 Jun 2014 06:00:21 GMT","""100800-4fb60ed268740""",application/vnd.ms-excel,9894d9eaaf83b0007d9f019d5913afc302e7595460bbb6868ebf2da61c618f87,downloaded
2025-12-14T192110+0900,old,市町村合併前,浜松市、中央～江東,4月,jinkousu_areaage_h11-04-01_cyu.xls,c:\Users\pirat\Documents\MikkabiLab_population_analysis\data\archive\浜松市\町字別・年齢別人口表\2025-12-14T192110+0900\市町村合併前\浜松市、中央～江東\4月\jinkousu_areaage_h11-04-01_cyu.xls,https://www.city.hamamatsu.shizuoka.jp/documents/5766/jinkousu_areaage_h11-04-01_cyu.xls,2025-12-14T19:24:08.509471+09:00,200,1078272,"Mon, 09 Jun 2014 06:00:22 GMT","""107400-4fb60ed35c980""",application/vnd.ms-excel,b4114bb82c7e130ea4ee44a4d27190301c9f5ad38b7d736c6e1c0549a37b15b7,downloaded
2025-12-14T192110+0900,old,市町村合併前,浜松市、中央～江東,10月,jinkousu_areaage_h11-10-01_cyu.xls,c:\Users\pirat\Documents\MikkabiLab_population_analysis\data\archive\浜松市\町字別・年齢別人口表\2025-12-14T192110+0900\市町村合併前\浜松市、中央～江東\10月\jinkousu_areaage_h11-10-01_cyu.xls,https://www.city.hamamatsu.shizuoka.jp/documents/5766/jinkousu_areaage_h11-10-01_cyu.xls,2025-12-14T19:24:09.263282+09:00,200,1084416,"Mon, 09 Jun 2014 06:00:22 GMT","""108c00-4fb60ed35c980""",application/vnd.ms-excel,be3b9d72906eedb4661c0adb3d33bef90c77b99981cafefc822267f9a0171301,downloaded
2025-12-14T192110+0900,old,市町村合併前,白脇～可美,4月,jinkousu_areaage_h11-04-01_shiro.xls,c:\Users\pirat\Documents\MikkabiLab_population_analysis\data\archive\浜松市\町字別・年齢別人口表\2025-12-14T192110+0900\市町村合併前\白脇～可美\4月\jinkousu_areaage_h11-04-01_shiro.xls,https://www.city.hamamatsu.shizuoka.jp/documents/5766/jinkousu_areaage_h11-04-01_shiro.xls,2025-12-14T19:24:10.072067+09:00,200,1047040,"Mon, 09 Jun 2014 06:00:22 GMT","""ffa00-4fb60ed35c980""",application/vnd.ms-excel,f709f15efc301b71b8709f8b743adce3eb37470156b37467c3702c2b3b61747d,downloaded
2025-12-14T192110+0900,old,市町村合併前,白脇～可美,10月,jinkousu_areaage_h11-10-01_shiro.xls,c:\Users\pirat\Documents\MikkabiLab_population_analysis\data\archive\浜松市\町字別・年齢別人口表\2025-12-14T192110+0900\市町村合併前\白脇～可美\10月\jinkousu_areaage_h11-10-01_shiro.xls,https://www.city.hamamatsu.shizuoka.jp/documents/5766/jinkousu_areaage_h11-10-01_shiro.xls,2025-12-14T19:24:10.806710+09:00,200,1051648,"Mon, 09 Jun 2014 06:00:22 GMT","""100c00-4fb60ed35c980""",application/vnd.ms-excel,cffdb596b90e863cadab3998a83f839387cbe4d537e09890996c8f1f83eb3e41,downloaded
2025-12-14T192110+0900,old,市町村合併前,浜松市、中央～江東,4月,jinkousu_areaage_h10-04-01_cyu.xls,c:\Users\pirat\Documents\MikkabiLab_population_analysis\data\archive\浜松市\町字別・年齢別人口表\2025-12-14T192110+0900\市町村合併前\浜松市、中央～江東\4月\jinkousu_areaage_h10-04-01_cyu.xls,https://www.city.hamamatsu.shizuoka.jp/documents/5766/jinkousu_areaage_h10-04-01_cyu.xls,2025-12-14T19:24:11.784929+09:00,200,1056768,"Mon, 09 Jun 2014 06:00:22 GMT","""102000-4fb60ed35c980""",application/vnd.ms-excel,7844ff77dbcd60cc6163d8e14c43c5a751a6d4ee049e36509f9305542683c223,downloaded
2025-12-14T192110+0900,old,市町村合併前,浜松市、中央～江東,10月,jinkousu_areaage_h10-10-01_cyu.xls,c:\Users\pirat\Documents\MikkabiLab_population_analysis\data\archive\浜松市\町字別・年齢別人口表\2025-12-14T192110+0900\市町村合併前\浜松市、中央～江東\10月\jinkousu_areaage_h10-10-01_cyu.xls,https://www.city.hamamatsu.shizuoka.jp/documents/5766/jinkousu_areaage_h10-10-01_cyu.xls,2025-12-14T19:24:12.477858+09:00,200,1056768,"Mon, 09 Jun 2014 06:00:22 GMT","""102000-4fb60ed35c980""",application/vnd.ms-excel,b12e04e7bb15aefd0f4afb3c3973aaabf9f82ad9fcaf85d46c21177d9923836f,downloaded
2025-12-14T192110+0900,old,市町村合併前,白脇～可美,4月,jinkousu_areaage_h10-04-01_shiro.xls,c:\Users\pirat\Documents\MikkabiLab_population_analysis\data\archive\浜松市\町字別・年齢別人口表\2025-12-14T192110+0900\市町村合併前\白脇～可美\4月\jinkousu_areaage_h10-04-01_shiro.xls,https://www.city.hamamatsu.shizuoka.jp/documents/5766/jinkousu_areaage_h10-04-01_shiro.xls,2025-12-14T19:24:13.198307+09:00,200,1047040,"Mon, 09 Jun 2014 06:00:22 GMT","""ffa00-4fb60ed35c980""",application/vnd.ms-excel,dbb99666f3791c9a1281bbff055005d8cc00853e3cc6dc775b9d06fd4780568b,downloaded
2025-12-14T192110+0900,old,市町村合併前,白脇～可美,10月,jinkousu_areaage_h10-10-01_shiro.xls,c:\Users\pirat\Documents\MikkabiLab_population_analysis\data\archive\浜松市\町字別・年齢別人口表\2025-12-14T192110+0900\市町村合併前\白脇～可美\10月\jinkousu_areaage_h10-10-01_shiro.xls,https://www.city.hamamatsu.shizuoka.jp/documents/5766/jinkousu_areaage_h10-10-01_shiro.xls,2025-12-14T19:24:14.275543+09:00,200,1047040,"Mon, 09 Jun 2014 06:00:22 GMT","""ffa00-4fb60ed35c980""",application/vnd.ms-excel,33039017cfff40695ca3289478c17eb695ad1c974658c155b17d4771ab964207,downloaded
2025-12-14T192110+0900,old,市町村合併前,浜松市、中央～江東,4月,jinkousu_areaage_h09-04-01_cyu.xls,c:\Users\pirat\Documents\MikkabiLab_population_analysis\data\archive\浜松市\町字別・年齢別人口表\2025-12-14T192110+0900\市町村合併前\浜松市、中央～江東\4月\jinkousu_areaage_h09-04-01_cyu.xls,https://www.city.hamamatsu.shizuoka.jp/documents/5766/jinkousu_areaage_h09-04-01_cyu.xls,2025-12-14T19:24:14.954284+09:00,200,1029632,"Mon, 09 Jun 2014 06:00:22 GMT","""fb600-4fb60ed35c980""",application/vnd.ms-excel,7f7a494243c902fb35395ad43a63814eddec5677392af12ea749e972a15183d4,downloaded
2025-12-14T192110+0900,old,市町村合併前,浜松市、中央～江東,10月,jinkousu_areaage_h09-10-01_cyu.xls,c:\Users\pirat\Documents\MikkabiLab_population_analysis\data\archive\浜松市\町字別・年齢別人口表\2025-12-14T192110+0900\市町村合併前\浜松市、中央～江東\10月\jinkousu_areaage_h09-10-01_cyu.xls,https://www.city.hamamatsu.shizuoka.jp/documents/5766/jinkousu_areaage_h09-10-01_cyu.xls,2025-12-14T19:24:15.668464+09:00,200,1029632,"Mon, 09 Jun 2014 06:00:22 GMT","""fb600-4fb60ed35c980""",application/vnd.ms-excel,e504669868cdfb5ef6ce5b6e51082b816cf47d0ff82c14d8db1068685b143098,downloaded
2025-12-14T192110+0900,old,市町村合併前,白脇～可美,4月,jinkousu_areaage_h09-04-01_shiro.xls,c:\Users\pirat\Documents\MikkabiLab_population_analysis\data\archive\浜松市\町字別・年齢別人口表\2025-12-14T192110+0900\市町村合併前\白脇～可美\4月\jinkousu_areaage_h09-04-01_shiro.xls,https://www.city.hamamatsu.shizuoka.jp/documents/5766/jinkousu_areaage_h09-04-01_shiro.xls,2025-12-14T19:24:16.363067+09:00,200,1047040,"Mon, 09 Jun 2014 06:00:23 GMT","""ffa00-4fb60ed450bc0""",application/vnd.ms-excel,23b3ebb0af2194bbac842c5ed46c68cbaa01a04566335fae139b626a92473131,downloaded
2025-12-14T192110+0900,old,市町村合併前,白脇～可美,10月,jinkousu_areaage_h09-10-01_shiro.xls,c:\Users\pirat\Documents\MikkabiLab_population_analysis\data\archive\浜松市\町字別・年齢別人口表\2025-12-14T192110+0900\市町村合併前\白脇～可美\10月\jinkousu_areaage_h09-10-01_shiro.xls,https://www.city.hamamatsu.shizuoka.jp/documents/5766/jinkousu_areaage_h09-10-01_shiro.xls,2025-12-14T19:24:17.046448+09:00,200,1047040,"Mon, 09 Jun 2014 06:00:23 GMT","""ffa00-4fb60ed450bc0""",application/vnd.ms-excel,f73e888c4841dd4d98b72d0d2d014cf9e3f47f40b716dbccb2a3b7ab7527695d,downloaded
2025-12-14T192110+0900,old,市町村合併前,浜松市、中央～江東,4月,jinkousu_areaage_h08-04-01_cyu.xls,c:\Users\pirat\Documents\MikkabiLab_population_analysis\data\archive\浜松市\町字別・年齢別人口表\2025-12-14T192110+0900\市町村合併前\浜松市、中央～江東\4月\jinkousu_areaage_h08-04-01_cyu.xls,https://www.city.hamamatsu.shizuoka.jp/documents/5766/jinkousu_areaage_h08-04-01_cyu.xls,2025-12-14T19:24:17.775866+09:00,200,954368,"Mon, 09 Jun 2014 06:00:23 GMT","""e9000-4fb60ed450bc0""",application/vnd.ms-excel,a14c1e4f5fa14e57ffc89706ea4dacc4a558abf244e0005109ca03b1c814f2e3,downloaded
2025-12-14T192110+0900,old,市町村合併前,浜松市、中央～江東,10月,jinkousu_areaage_h08-10-01_cyu.xls,c:\Users\pirat\Documents\MikkabiLab_population_analysis\data\archive\浜松市\町字別・年齢別人口表\2025-12-14T192110+0900\市町村合併前\浜松市、中央～江東\10月\jinkousu_areaage_h08-10-01_cyu.xls,https://www.city.hamamatsu.shizuoka.jp/documents/5766/jinkousu_areaage_h08-10-01_cyu.xls,2025-12-14T19:24:18.454683+09:00,200,954368,"Mon, 09 Jun 2014 06:00:23 GMT","""e9000-4fb60ed450bc0""",application/vnd.ms-excel,e02d595a10a6f314122db327996b51fcfb235000fa5ce8ff2ca2f40641e42881,downloaded
2025-12-14T192110+0900,old,市町村合併前,白脇～可美,4月,jinkousu_areaage_h08-04-01_shiro.xls,c:\Users\pirat\Documents\MikkabiLab_population_analysis\data\archive\浜松市\町字別・年齢別人口表\2025-12-14T192110+0900\市町村合併前\白脇～可美\4月\jinkousu_areaage_h08-04-01_shiro.xls,https://www.city.hamamatsu.shizuoka.jp/documents/5766/jinkousu_areaage_h08-04-01_shiro.xls,2025-12-14T19:24:19.111211+09:00,200,1047040,"Mon, 09 Jun 2014 06:00:23 GMT","""ffa00-4fb60ed450bc0""",application/vnd.ms-excel,1f211fbd311515e31f4948560e6d0411a63d3326459cf89ff8097834bfc098ab,downloaded
2025-12-14T192110+0900,old,市町村合併前,白脇～可美,10月,jinkousu_areaage_h08-10-01shiro.xls,c:\Users\pirat\Documents\MikkabiLab_population_analysis\data\archive\浜松市\町字別・年齢別人口表\2025-12-14T192110+0900\市町村合併前\白脇～可美\10月\jinkousu_areaage_h08-10-01shiro.xls,https://www.city.hamamatsu.shizuoka.jp/documents/5766/jinkousu_areaage_h08-10-01shiro.xls,2025-12-14T19:24:19.799070+09:00,200,1047040,"Mon, 09 Jun 2014 06:00:23 GMT","""ffa00-4fb60ed450bc0""",application/vnd.ms-excel,fc8ffe142456a3072579987c72e8d7acbaceed52243958200f0dc14de34ee436,downloaded
2025-12-14T192110+0900,old,市町村合併前,浜松市、中央～江東,4月,jinkousu_areaage_h07-04-01_cyu.xls,c:\Users\pirat\Documents\MikkabiLab_population_analysis\data\archive\浜松市\町字別・年齢別人口表\2025-12-14T192110+0900\市町村合併前\浜松市、中央～江東\4月\jinkousu_areaage_h07-04-01_cyu.xls,https://www.city.hamamatsu.shizuoka.jp/documents/5766/jinkousu_areaage_h07-04-01_cyu.xls,2025-12-14T19:24:20.549387+09:00,200,953856,"Mon, 09 Jun 2014 06:00:23 GMT","""e8e00-4fb60ed450bc0""",application/vnd.ms-excel,83b06a8f322005407356df1be94e06cc7e2b05bdce445b0218db518a2792c506,downloaded
2025-12-14T192110+0900,old,市町村合併前,浜松市、中央～江東,10月,jinkousu_areaage_h07-10-01_cyu.xls,c:\Users\pirat\Documents\MikkabiLab_population_analysis\data\archive\浜松市\町字別・年齢別人口表\2025-12-14T192110+0900\市町村合併前\浜松市、中央～江東\10月\jinkousu_areaage_h07-10-01_cyu.xls,https://www.city.hamamatsu.shizuoka.jp/documents/5766/jinkousu_areaage_h07-10-01_cyu.xls,2025-12-14T19:24:21.210461+09:00,200,954368,"Mon, 09 Jun 2014 06:00:23 GMT","""e9000-4fb60ed450bc0""",application/vnd.ms-excel,af3576868f4b6909fff6a808fb3b38aee26e0e87e6c6d7664f5124c51688a1e8,downloaded
2025-12-14T192110+0900,old,市町村合併前,白脇～可美,4月,jinkousu_areaage_h07-04-01_shiro.xls,c:\Users\pirat\Documents\MikkabiLab_population_analysis\data\archive\浜松市\町字別・年齢別人口表\2025-12-14T192110+0900\市町村合併前\白脇～可美\4月\jinkousu_areaage_h07-04-01_shiro.xls,https://www.city.hamamatsu.shizuoka.jp/documents/5766/jinkousu_areaage_h07-04-01_shiro.xls,2025-12-14T19:24:21.856209+09:00,200,1046528,"Mon, 09 Jun 2014 06:00:24 GMT","""ff800-4fb60ed544e00""",application/vnd.ms-excel,b49081ce968a31e4b0e29036d457b7de33c4b968b0f134dbcba6dac4582f6261,downloaded
2025-12-14T192110+0900,old,市町村合併前,白脇～可美,10月,jinkousu_areaage_h07-10-01_shiro.xls,c:\Users\pirat\Documents\MikkabiLab_population_analysis\data\archive\浜松市\町字別・年齢別人口表\2025-12-14T192110+0900\市町村合併前\白脇～可美\10月\jinkousu_areaage_h07-10-01_shiro.xls,https://www.city.hamamatsu.shizuoka.jp/documents/5766/jinkousu_areaage_h07-10-01_shiro.xls,2025-12-14T19:24:22.581197+09:00,200,1047040,"Mon, 09 Jun 2014 06:00:24 GMT","""ffa00-4fb60ed544e00""",application/vnd.ms-excel,4fbb70841f3165c955191496c1267b606333619a4258079bfcc5165af32662d9,downloaded
2025-12-14T192110+0900,old,市町村合併前,浜松市、中央～江東,4月,jinkousu_areaage_h06-04-01_cyu.xls,c:\Users\pirat\Documents\MikkabiLab_population_analysis\data\archive\浜松市\町字別・年齢別人口表\2025-12-14T192110+0900\市町村合併前\浜松市、中央～江東\4月\jinkousu_areaage_h06-04-01_cyu.xls,https://www.city.hamamatsu.shizuoka.jp/documents/5766/jinkousu_areaage_h06-04-01_cyu.xls,2025-12-14T19:24:23.325011+09:00,200,943104,"Mon, 09 Jun 2014 06:00:24 GMT","""e6400-4fb60ed544e00""",application/vnd.ms-excel,4efc92829896d95b306bfe39f683b289618d080c70067191522ff738ffbc89a0,downloaded
2025-12-14T192110+0900,old,市町村合併前,浜松市、中央～江東,10月,jinkousu_areaage_h06-10-01_cyu.xls,c:\Users\pirat\Documents\MikkabiLab_population_analysis\data\archive\浜松市\町字別・年齢別人口表\2025-12-14T192110+0900\市町村合併前\浜松市、中央～江東\10月\jinkousu_areaage_h06-10-01_cyu.xls,https://www.city.hamamatsu.shizuoka.jp/documents/5766/jinkousu_areaage_h06-10-01_cyu.xls,2025-12-14T19:24:24.008543+09:00,200,943616,"Mon, 09 Jun 2014 06:00:24 GMT","""e6600-4fb60ed544e00""",application/vnd.ms-excel,fd229d6228b4a52c91b90b8c78f746156adfadd225dd9f5d0b9f5e6d42d55ca0,downloaded
2025-12-14T192110+0900,old,市町村合併前,白脇～可美,4月,jinkousu_areaage_h06-04-01_shiro.xls,c:\Users\pirat\Documents\MikkabiLab_population_analysis\data\archive\浜松市\町字別・年齢別人口表\2025-12-14T192110+0900\市町村合併前\白脇～可美\4月\jinkousu_areaage_h06-04-01_shiro.xls,https://www.city.hamamatsu.shizuoka.jp/documents/5766/jinkousu_areaage_h06-04-01_shiro.xls,2025-12-14T19:24:24.672504+09:00,200,1046528,"Mon, 09 Jun 2014 06:00:24 GMT","""ff800-4fb60ed544e00""",application/vnd.ms-excel,b84015d4c8849547db222db74f91c45bb2fc57d208e0c833d1238d5397e24293,downloaded
2025-12-14T192110+0900,old,市町村合併前,白脇～可美,10月,jinkousu_areaage_h06-10-01_shiro.xls,c:\Users\pirat\Documents\MikkabiLab_population_analysis\data\archive\浜松市\町字別・年齢別人口表\2025-12-14T192110+0900\市町村合併前\白脇～可美\10月\jinkousu_areaage_h06-10-01_shiro.xls,https://www.city.hamamatsu.shizuoka.jp/documents/5766/jinkousu_areaage_h06-10-01_shiro.xls,2025-12-14T19:24:25.398270+09:00,200,1046528,"Mon, 09 Jun 2014 06:00:24 GMT","""ff800-4fb60ed544e00""",application/vnd.ms-excel,faf43e87e8614a85d4050ca92c82189286a96e356baabb393539ee253a4447bd,downloaded
2025-12-14T192110+0900,old,市町村合併前,浜松市、中央～江東,4月,jinkousu_areaage_h05-04-01_cyu.xls,c:\Users\pirat\Documents\MikkabiLab_population_analysis\data\archive\浜松市\町字別・年齢別人口表\2025-12-14T192110+0900\市町村合併前\浜松市、中央～江東\4月\jinkousu_areaage_h05-04-01_cyu.xls,https://www.city.hamamatsu.shizuoka.jp/documents/5766/jinkousu_areaage_h05-04-01_cyu.xls,2025-12-14T19:24:26.078018+09:00,200,948736,"Mon, 09 Jun 2014 06:00:24 GMT","""e7a00-4fb60ed544e00""",application/vnd.ms-excel,f73bc679e3d78101d10e0c92f4459c3efa9cf8c16ac5e5ae8e7c68cd10b7c6ad,downloaded
2025-12-14T192110+0900,old,市町村合併前,浜松市、中央～江東,10月,jinkousu_areaage_h05-10-01_cyu.xls,c:\Users\pirat\Documents\MikkabiLab_population_analysis\data\archive\浜松市\町字別・年齢別人口表\2025-12-14T192110+0900\市町村合併前\浜松市、中央～江東\10月\jinkousu_areaage_h05-10-01_cyu.xls,https://www.city.hamamatsu.shizuoka.jp/documents/5766/jinkousu_areaage_h05-10-01_cyu.xls,2025-12-14T19:24:26.720802+09:00,200,948736,"Mon, 09 Jun 2014 06:00:24 GMT","""e7a00-4fb60ed544e00""",application/vnd.ms-excel,0469eed90eaa806ae1c778c8c5b300f2bd4c97b5cf68f9ef55bcf853f3fc6dea,downloaded
2025-12-14T192110+0900,old,市町村合併前,白脇～可美,4月,jinkousu_areaage_h05-04-01_shiro.xls,c:\Users\pirat\Documents\MikkabiLab_population_analysis\data\archive\浜松市\町字別・年齢別人口表\2025-12-14T192110+0900\市町村合併前\白脇～可美\4月\jinkousu_areaage_h05-04-01_shiro.xls,https://www.city.hamamatsu.shizuoka.jp/documents/5766/jinkousu_areaage_h05-04-01_shiro.xls,2025-12-14T19:24:27.428065+09:00,200,1046528,"Mon, 09 Jun 2014 06:00:24 GMT","""ff800-4fb60ed544e00""",application/vnd.ms-excel,e5480e2f4984f4ce94e1f2f1cb15620ec767a2fb89e8a04acd5a5127d06941d4,downloaded
2025-12-14T192110+0900,old,市町村合併前,白脇～可美,10月,jinkousu_areaage_h05-10-01_shiro.xls,c:\Users\pirat\Documents\MikkabiLab_population_analysis\data\archive\浜松市\町字別・年齢別人口表\2025-12-14T192110+0900\市町村合併前\白脇～可美\10月\jinkousu_areaage_h05-10-01_shiro.xls,https://www.city.hamamatsu.shizuoka.jp/documents/5766/jinkousu_areaage_h05-10-01_shiro.xls,2025-12-14T19:24:28.168410+09:00,200,1046528,"Mon, 09 Jun 2014 06:00:25 GMT","""ff800-4fb60ed639040""",application/vnd.ms-excel,e98135a9aa91a4eb468ed736b2e8c04101726ff817540c47be2f56ed6bbcc3b4,downloaded
