era,district,month,filename_original,filename_saved,url,source_page,downloaded_at,http_status,content_length,last_modified,etag,content_type,sha256,status
再編後,other,other,01_r06tochi-kisyou.xls,01_r06tochi-kisyou.xls,https://www.city.hamamatsu.shizuoka.jp/documents/166152/01_r06tochi-kisyou.xls,https://www.city.hamamatsu.shizuoka.jp/gyousei/library/toukeisyo/004_r06-toukeisyo.html,2026-03-11T20:16:18.231478+09:00,200,266240,"Wed, 26 Mar 2025 00:54:09 GMT","""41000-6313446673940""",application/vnd.ms-excel,70a68798c16932ad64292b71ffe2282d5f8f8935a4123b18c8d9ecc17fe2ec9c,downloaded
再編後,other,other,02_r06jinkou.xls,02_r06jinkou.xls,https://www.city.hamamatsu.shizuoka.jp/documents/166152/02_r06jinkou.xls,https://www.city.hamamatsu.shizuoka.jp/gyousei/library/toukeisyo/004_r06-toukeisyo.html,2026-03-11T20:16:20.481478+09:00,200,222720,"Wed, 26 Mar 2025 00:54:09 GMT","""36600-63134466be87b""",application/vnd.ms-excel,5c94f9f217973787ba847a0de90c60fc9fc622f3ea79af451bc5764e9c356362,downloaded
再編後,other,other,03_r06jigyousyo.xls,03_r06jigyousyo.xls,https://www.city.hamamatsu.shizuoka.jp/documents/166152/03_r06jigyousyo.xls,https://www.city.hamamatsu.shizuoka.jp/gyousei/library/toukeisyo/004_r06-toukeisyo.html,2026-03-11T20:16:22.043478+09:00,200,93696,"Wed, 26 Mar 2025 00:54:10 GMT","""16e00-63134466f8e15""",application/vnd.ms-excel,823158adde9b3e89d5ad7099aa078cfed3d7414bfa7ea4aa0f2efff185f67bc0,downloaded
再編後,other,other,04_r06suisangyou.xls,04_r06suisangyou.xls,https://www.city.hamamatsu.shizuoka.jp/documents/166152/04_r06suisangyou.xls,https://www.city.hamamatsu.shizuoka.jp/gyousei/library/toukeisyo/004_r06-toukeisyo.html,2026-03-11T20:16:23.684478+09:00,200,166912,"Wed, 26 Mar 2025 00:54:10 GMT","""28c00-631344672c650""",application/vnd.ms-excel,23e58313fbbaf94ec184747705ddba1c01dabe18fd7ea6fd4c0258f014469cc4,downloaded
再編後,other,other,05_r06kougyou.xls,05_r06kougyou.xls,https://www.city.hamamatsu.shizuoka.jp/documents/166152/05_r06kougyou.xls,https://www.city.hamamatsu.shizuoka.jp/gyousei/library/toukeisyo/004_r06-toukeisyo.html,2026-03-11T20:16:25.106478+09:00,200,120320,"Wed, 26 Mar 2025 00:54:10 GMT","""1d600-6313446772383""",application/vnd.ms-excel,f43a537c0f67f0f3c0734264fbcf35bcf6c05e5c192becf2fb42a045554223d8,downloaded
再編後,other,other,06_r06syougyou.xls,06_r06syougyou.xls,https://www.city.hamamatsu.shizuoka.jp/documents/166152/06_r06syougyou.xls,https://www.city.hamamatsu.shizuoka.jp/gyousei/library/toukeisyo/004_r06-toukeisyo.html,2026-03-11T20:16:26.481478+09:00,200,114176,"Wed, 26 Mar 2025 00:54:10 GMT","""1be00-63134467a638d""",application/vnd.ms-excel,b263d24f6f97b928c41df6ae4649353f80b78bd7af873a0234a5aa4c64e8fbbc,downloaded
再編後,other,other,07_r06kinnyuu.xls,07_r06kinnyuu.xls,https://www.city.hamamatsu.shizuoka.jp/documents/166152/07_r06kinnyuu.xls,https://www.city.hamamatsu.shizuoka.jp/gyousei/library/toukeisyo/004_r06-toukeisyo.html,2026-03-11T20:16:28.153478+09:00,200,164864,"Wed, 26 Mar 2025 00:54:10 GMT","""28400-63134467e0157""",application/vnd.ms-excel,05a01a502bb8cb3147bb108b24e89738224a6fcca6fb8ca5d6fcb2836e61d218,downloaded
再編後,other,other,08_r06denki_gasu_suidou.xls,08_r06denki_gasu_suidou.xls,https://www.city.hamamatsu.shizuoka.jp/documents/166152/08_r06denki_gasu_suidou.xls,https://www.city.hamamatsu.shizuoka.jp/gyousei/library/toukeisyo/004_r06-toukeisyo.html,2026-03-11T20:16:29.918478+09:00,200,77824,"Wed, 26 Mar 2025 00:54:11 GMT","""13000-6313446814d19""",application/vnd.ms-excel,a4644a4b95a205f574580f502d91edbe6ca7ae8242a0c105cb29bfd82d4f1808,downloaded
再編後,other,other,09_r06unyu-tsuushin.xls,09_r06unyu-tsuushin.xls,https://www.city.hamamatsu.shizuoka.jp/documents/166152/09_r06unyu-tsuushin.xls,https://www.city.hamamatsu.shizuoka.jp/gyousei/library/toukeisyo/004_r06-toukeisyo.html,2026-03-11T20:16:31.684478+09:00,200,208896,"Wed, 26 Mar 2025 00:54:11 GMT","""33000-6313446854c8c""",application/vnd.ms-excel,a4ed5bb5ad617729545e1a8afdcc2581934a21b82a5cffa9a6770715d6374c52,downloaded
再編後,other,other,10_r06shiminsyotoku.xls,10_r06shiminsyotoku.xls,https://www.city.hamamatsu.shizuoka.jp/documents/166152/10_r06shiminsyotoku.xls,https://www.city.hamamatsu.shizuoka.jp/gyousei/library/toukeisyo/004_r06-toukeisyo.html,2026-03-11T20:16:33.153478+09:00,200,47616,"Wed, 26 Mar 2025 00:54:11 GMT","""ba00-6313446893c5f""",application/vnd.ms-excel,de67f61c1109554793e6475914df8a9dfe1f752dc28d8c1a7f05c1c400087887,downloaded
再編後,other,other,11_r06shiminseikatsu.xls,11_r06shiminseikatsu.xls,https://www.city.hamamatsu.shizuoka.jp/documents/166152/11_r06shiminseikatsu.xls,https://www.city.hamamatsu.shizuoka.jp/gyousei/library/toukeisyo/004_r06-toukeisyo.html,2026-03-11T20:16:34.872478+09:00,200,129024,"Wed, 26 Mar 2025 00:54:11 GMT","""1f800-63134468cf969""",application/vnd.ms-excel,7a9bd2d1d2e3f558d16b389728b84626874ce4fdbe2491d0669aba30039bc1f5,downloaded
再編後,other,other,12_r06roudou.xls,12_r06roudou.xls,https://www.city.hamamatsu.shizuoka.jp/documents/166152/12_r06roudou.xls,https://www.city.hamamatsu.shizuoka.jp/gyousei/library/toukeisyo/004_r06-toukeisyo.html,2026-03-11T20:16:36.700478+09:00,200,214528,"Wed, 26 Mar 2025 00:54:12 GMT","""34600-6313446909734""",application/vnd.ms-excel,6b99e69e4ed522d7ad0a20d0b70d956ab2ed22f9a0b2c4be102b860a8b255103,downloaded
再編後,other,other,13_r06syakaihfukushi.xls,13_r06syakaihfukushi.xls,https://www.city.hamamatsu.shizuoka.jp/documents/166152/13_r06syakaihfukushi.xls,https://www.city.hamamatsu.shizuoka.jp/gyousei/library/toukeisyo/004_r06-toukeisyo.html,2026-03-11T20:16:38.434478+09:00,200,301056,"Wed, 26 Mar 2025 00:54:12 GMT","""49800-631344694a647""",application/vnd.ms-excel,37933e1c418798a7ee36f79cfb8d8d09e5c4a7c194753cca78f880bffdddaf44,downloaded
再編後,other,other,14_r06doboku.xls,14_r06doboku.xls,https://www.city.hamamatsu.shizuoka.jp/documents/166152/14_r06doboku.xls,https://www.city.hamamatsu.shizuoka.jp/gyousei/library/toukeisyo/004_r06-toukeisyo.html,2026-03-11T20:16:40.981478+09:00,200,616448,"Wed, 26 Mar 2025 00:54:12 GMT","""96800-6313446981d01""",application/vnd.ms-excel,e0a880f2c2b9094177f70cec2233e886e4994a9f7d243d846663be2d4f172e05,downloaded
再編後,other,other,15_r06hokeneisei-seisou.xls,15_r06hokeneisei-seisou.xls,https://www.city.hamamatsu.shizuoka.jp/documents/166152/15_r06hokeneisei-seisou.xls,https://www.city.hamamatsu.shizuoka.jp/gyousei/library/toukeisyo/004_r06-toukeisyo.html,2026-03-11T20:16:43.137478+09:00,200,330240,"Wed, 26 Mar 2025 00:54:12 GMT","""50a00-63134469c08ec""",application/vnd.ms-excel,bdf48a52431da51681122f74530a1c5f7b924e1a5eab3374a709ffb5b24d3d86,downloaded
再編後,other,other,16_r06kyouiku.xls,16_r06kyouiku.xls,https://www.city.hamamatsu.shizuoka.jp/documents/166152/16_r06kyouiku.xls,https://www.city.hamamatsu.shizuoka.jp/gyousei/library/toukeisyo/004_r06-toukeisyo.html,2026-03-11T20:16:44.934478+09:00,200,127488,"Wed, 26 Mar 2025 00:54:13 GMT","""1f200-63134469f6836""",application/vnd.ms-excel,7d3ed5b833c3fbf51d35f449717b3d6172ea3bf804f1c1f569b505b481c48942,downloaded
再編後,other,other,17_r06bunka.xls,17_r06bunka.xls,https://www.city.hamamatsu.shizuoka.jp/documents/166152/17_r06bunka.xls,https://www.city.hamamatsu.shizuoka.jp/gyousei/library/toukeisyo/004_r06-toukeisyo.html,2026-03-11T20:16:46.528478+09:00,200,189952,"Wed, 26 Mar 2025 00:54:13 GMT","""2e600-6313446a2a070""",application/vnd.ms-excel,4a70cfa0d2c857a424dfc5844500193c21ec7c25bffe99653f7fffb87300a940,downloaded
再編後,other,other,18_r06kouan-shihou.xls,18_r06kouan-shihou.xls,https://www.city.hamamatsu.shizuoka.jp/documents/166152/18_r06kouan-shihou.xls,https://www.city.hamamatsu.shizuoka.jp/gyousei/library/toukeisyo/004_r06-toukeisyo.html,2026-03-11T20:16:48.153478+09:00,200,185344,"Wed, 26 Mar 2025 00:54:13 GMT","""2d400-6313446a60f5b""",application/vnd.ms-excel,af20d4d2758f32ab9436d408a6b98ad397b0e81bca848090e3d235280e55a778,downloaded
再編後,other,other,19_r06zaisei.xls,19_r06zaisei.xls,https://www.city.hamamatsu.shizuoka.jp/documents/166152/19_r06zaisei.xls,https://www.city.hamamatsu.shizuoka.jp/gyousei/library/toukeisyo/004_r06-toukeisyo.html,2026-03-11T20:16:50.528478+09:00,200,273920,"Wed, 26 Mar 2025 00:54:13 GMT","""42e00-6313446a98615""",application/vnd.ms-excel,084d0c2a8f08df17e7b29a129f178443c4c3186c12db561484e0b3b03d16bec2,downloaded
再編後,other,other,20_r06gyousei.xls,20_r06gyousei.xls,https://www.city.hamamatsu.shizuoka.jp/documents/166152/20_r06gyousei.xls,https://www.city.hamamatsu.shizuoka.jp/gyousei/library/toukeisyo/004_r06-toukeisyo.html,2026-03-11T20:16:52.262478+09:00,200,293376,"Wed, 26 Mar 2025 00:54:14 GMT","""47a00-6313446ad0c6f""",application/vnd.ms-excel,e4293b62dae7dcde7a0066f0d10e438e2c6c298779d525f53f39384bfd65b59f,downloaded
再編前,other,other,01_r05tochi-kisyou.xls,01_r05tochi-kisyou.xls,https://www.city.hamamatsu.shizuoka.jp/documents/158666/01_r05tochi-kisyou.xls,https://www.city.hamamatsu.shizuoka.jp/gyousei/library/toukeisyo/004_r05-toukeisyo.html,2026-03-11T20:16:53.762478+09:00,200,276992,"Thu, 25 Jul 2024 09:00:21 GMT","""43a00-61e0e9fec918f""",application/vnd.ms-excel,feb119c4edbc3ec3a670941475a20eba9ca9eb9ed55dde2188781b5f9241c01a,downloaded
再編前,other,other,02_r05jinkou.xls,02_r05jinkou.xls,https://www.city.hamamatsu.shizuoka.jp/documents/158666/02_r05jinkou.xls,https://www.city.hamamatsu.shizuoka.jp/gyousei/library/toukeisyo/004_r05-toukeisyo.html,2026-03-11T20:16:56.043478+09:00,200,261120,"Mon, 25 Mar 2024 03:08:26 GMT","""3fc00-614737cbaaf03""",application/vnd.ms-excel,79c589ffb15969b7b9d647cc84343626d8f32bf848e3fd1439b1f41b990a27b2,downloaded
再編前,other,other,03_r05jigyousyo.xls,03_r05jigyousyo.xls,https://www.city.hamamatsu.shizuoka.jp/documents/158666/03_r05jigyousyo.xls,https://www.city.hamamatsu.shizuoka.jp/gyousei/library/toukeisyo/004_r05-toukeisyo.html,2026-03-11T20:16:57.590478+09:00,200,74240,"Mon, 25 Mar 2024 03:08:26 GMT","""12200-614737cbda4d4""",application/vnd.ms-excel,e8d3eb9e801be137a72aba47cddd513489eb069992aed215a2d1fd076a0621f7,downloaded
再編前,other,other,04_r05suisangyou.xls,04_r05suisangyou.xls,https://www.city.hamamatsu.shizuoka.jp/documents/158666/04_r05suisangyou.xls,https://www.city.hamamatsu.shizuoka.jp/gyousei/library/toukeisyo/004_r05-toukeisyo.html,2026-03-11T20:16:58.997478+09:00,200,124416,"Tue, 23 Jul 2024 09:00:39 GMT","""1e600-61de6654b2e63""",application/vnd.ms-excel,d1661ba7f9847d74dbb142ff239e2d704f5d074e5e712ba378975ffb2f623a77,downloaded
再編前,other,other,05_r05kougyou.xls,05_r05kougyou.xls,https://www.city.hamamatsu.shizuoka.jp/documents/158666/05_r05kougyou.xls,https://www.city.hamamatsu.shizuoka.jp/gyousei/library/toukeisyo/004_r05-toukeisyo.html,2026-03-11T20:17:00.575478+09:00,200,115200,"Mon, 25 Mar 2024 03:08:27 GMT","""1c200-614737cc453c6""",application/vnd.ms-excel,ccfbbd8ffdf2f098c8cd104224dc5b48242bf0abed5e6143c865b77918042d04,downloaded
再編前,other,other,06_r05syougyou.xls,06_r05syougyou.xls,https://www.city.hamamatsu.shizuoka.jp/documents/158666/06_r05syougyou.xls,https://www.city.hamamatsu.shizuoka.jp/gyousei/library/toukeisyo/004_r05-toukeisyo.html,2026-03-11T20:17:02.184478+09:00,200,133632,"Mon, 25 Mar 2024 03:08:27 GMT","""20a00-614737cc78817""",application/vnd.ms-excel,45a1b1050b662b628ad449bad92aefdd455abd5a2426e8dd8527df3739863cca,downloaded
再編前,other,other,07_r05kinnyuu.xls,07_r05kinnyuu.xls,https://www.city.hamamatsu.shizuoka.jp/documents/158666/07_r05kinnyuu.xls,https://www.city.hamamatsu.shizuoka.jp/gyousei/library/toukeisyo/004_r05-toukeisyo.html,2026-03-11T20:17:03.887478+09:00,200,163840,"Mon, 25 Mar 2024 03:08:27 GMT","""28000-614737ccaa8e0""",application/vnd.ms-excel,fb64906b671e15a766915d2a933c1b7034529dc33df62c82d6409f89391b01b2,downloaded
再編前,other,other,08_r05denki_gasu_suidou.xls,08_r05denki_gasu_suidou.xls,https://www.city.hamamatsu.shizuoka.jp/documents/158666/08_r05denki_gasu_suidou.xls,https://www.city.hamamatsu.shizuoka.jp/gyousei/library/toukeisyo/004_r05-toukeisyo.html,2026-03-11T20:17:06.309478+09:00,200,111616,"Mon, 25 Mar 2024 03:08:27 GMT","""1b400-614737cce8529""",application/vnd.ms-excel,02fb35cce8aa6ac1958988209fe39ed7bfb04f426c3a93eb10a4d93b6ef0681f,downloaded
再編前,other,other,09_r05unyu-tsuushin.xls,09_r05unyu-tsuushin.xls,https://www.city.hamamatsu.shizuoka.jp/documents/158666/09_r05unyu-tsuushin.xls,https://www.city.hamamatsu.shizuoka.jp/gyousei/library/toukeisyo/004_r05-toukeisyo.html,2026-03-11T20:17:07.934478+09:00,200,219648,"Mon, 25 Mar 2024 03:08:28 GMT","""35a00-614737cd1ec43""",application/vnd.ms-excel,378f942c581c588c5621b8b25100c1cafb5764d19e661abdb75fe938801fdc8b,downloaded
再編前,other,other,10_r05shiminsyotoku.xls,10_r05shiminsyotoku.xls,https://www.city.hamamatsu.shizuoka.jp/documents/158666/10_r05shiminsyotoku.xls,https://www.city.hamamatsu.shizuoka.jp/gyousei/library/toukeisyo/004_r05-toukeisyo.html,2026-03-11T20:17:09.668478+09:00,200,62976,"Mon, 25 Mar 2024 03:08:28 GMT","""f600-614737cd5cc74""",application/vnd.ms-excel,fd5e247e9563b6bafd304ec7e835a68b672c8fecaa2be522468d328d5be6cc17,downloaded
再編前,other,other,11_r05shiminseikatsu.xls,11_r05shiminseikatsu.xls,https://www.city.hamamatsu.shizuoka.jp/documents/158666/11_r05shiminseikatsu.xls,https://www.city.hamamatsu.shizuoka.jp/gyousei/library/toukeisyo/004_r05-toukeisyo.html,2026-03-11T20:17:11.090478+09:00,200,130560,"Mon, 25 Mar 2024 03:08:28 GMT","""1fe00-614737cd98d65""",application/vnd.ms-excel,c03f9458ec2b7254d4ff9e9e069e4c52326312dad88fc1c775003f4250ab64bb,downloaded
再編前,other,other,12_r05roudou.xls,12_r05roudou.xls,https://www.city.hamamatsu.shizuoka.jp/documents/158666/12_r05roudou.xls,https://www.city.hamamatsu.shizuoka.jp/gyousei/library/toukeisyo/004_r05-toukeisyo.html,2026-03-11T20:17:13.418478+09:00,200,266752,"Mon, 25 Mar 2024 03:08:28 GMT","""41200-614737cdc489e""",application/vnd.ms-excel,ed28c6a90aebde5b4b80ed30786847e82f37911690f041f549ec9da1e1f439b0,downloaded
再編前,other,other,13_r05syakaihfukushi.xls,13_r05syakaihfukushi.xls,https://www.city.hamamatsu.shizuoka.jp/documents/158666/13_r05syakaihfukushi.xls,https://www.city.hamamatsu.shizuoka.jp/gyousei/library/toukeisyo/004_r05-toukeisyo.html,2026-03-11T20:17:15.606478+09:00,200,249344,"Thu, 25 Jul 2024 09:00:23 GMT","""3ce00-61e0ea0055d43""",application/vnd.ms-excel,2e9e4c3942daf2d91f0bc136401802b63f0b27dac71b0d64cf1748c03b979cc2,downloaded
再編前,other,other,14_r05doboku.xls,14_r05doboku.xls,https://www.city.hamamatsu.shizuoka.jp/documents/158666/14_r05doboku.xls,https://www.city.hamamatsu.shizuoka.jp/gyousei/library/toukeisyo/004_r05-toukeisyo.html,2026-03-11T20:17:17.950478+09:00,200,607744,"Mon, 25 Mar 2024 03:08:29 GMT","""94600-614737ce2d850""",application/vnd.ms-excel,5c1ace3d82f0798edd1abfb78ac5117b8648b88b045106879075065109861ab9,downloaded
再編前,other,other,15_r05hokeneisei-seisou.xls,15_r05hokeneisei-seisou.xls,https://www.city.hamamatsu.shizuoka.jp/documents/158666/15_r05hokeneisei-seisou.xls,https://www.city.hamamatsu.shizuoka.jp/gyousei/library/toukeisyo/004_r05-toukeisyo.html,2026-03-11T20:17:20.012478+09:00,200,303616,"Mon, 25 Mar 2024 03:08:29 GMT","""4a200-614737ce72db2""",application/vnd.ms-excel,21ce515ea8febaa44e9dad7e056aba7e6130cd01b2c4d30d8d9b8bb6d92cd74f,downloaded
再編前,other,other,16_r05kyouiku.xls,16_r05kyouiku.xls,https://www.city.hamamatsu.shizuoka.jp/documents/158666/16_r05kyouiku.xls,https://www.city.hamamatsu.shizuoka.jp/gyousei/library/toukeisyo/004_r05-toukeisyo.html,2026-03-11T20:17:21.622478+09:00,200,112128,"Mon, 25 Mar 2024 03:08:29 GMT","""1b600-614737cea3edb""",application/vnd.ms-excel,521e028acdad46b2bfbe9c94e77101cd81f4cae38b7f8b97d8f4840238ffe0c9,downloaded
再編前,other,other,17_r05bunka.xls,17_r05bunka.xls,https://www.city.hamamatsu.shizuoka.jp/documents/158666/17_r05bunka.xls,https://www.city.hamamatsu.shizuoka.jp/gyousei/library/toukeisyo/004_r05-toukeisyo.html,2026-03-11T20:17:23.278478+09:00,200,211968,"Mon, 25 Mar 2024 03:08:30 GMT","""33c00-614737cee22f4""",application/vnd.ms-excel,547badc7cab3a7513ae5240f19386677cad071b909d3cb7a55554176d7cb140e,downloaded
再編前,other,other,18_r05kouan-shihou.xls,18_r05kouan-shihou.xls,https://www.city.hamamatsu.shizuoka.jp/documents/158666/18_r05kouan-shihou.xls,https://www.city.hamamatsu.shizuoka.jp/gyousei/library/toukeisyo/004_r05-toukeisyo.html,2026-03-11T20:17:25.012478+09:00,200,169472,"Mon, 25 Mar 2024 03:08:30 GMT","""29600-614737cf14f75""",application/vnd.ms-excel,e845ae4ad2e894affe0eadded5d3d6a5874c43e87224d030de3c4ce7175abad6,downloaded
再編前,other,other,19_r05zaisei.xls,19_r05zaisei.xls,https://www.city.hamamatsu.shizuoka.jp/documents/158666/19_r05zaisei.xls,https://www.city.hamamatsu.shizuoka.jp/gyousei/library/toukeisyo/004_r05-toukeisyo.html,2026-03-11T20:17:27.309478+09:00,200,256000,"Mon, 25 Mar 2024 03:08:30 GMT","""3e800-614737cf50c7f""",application/vnd.ms-excel,81dc7b0617eb995321901df551a646244307e1ea9aeb58c16f1ad23eb30e8608,downloaded
再編前,other,other,20_r05gyousei.xls,20_r05gyousei.xls,https://www.city.hamamatsu.shizuoka.jp/documents/158666/20_r05gyousei.xls,https://www.city.hamamatsu.shizuoka.jp/gyousei/library/toukeisyo/004_r05-toukeisyo.html,2026-03-11T20:17:29.137478+09:00,200,235008,"Mon, 25 Mar 2024 03:08:30 GMT","""39600-614737cf848a0""",application/vnd.ms-excel,18d0dc6ed072b3acb3f6f3d78960cadccd4e41771938c96d858eabcfc56eabe3,downloaded
再編前,other,other,01_r04tochi-kisyou.xls,01_r04tochi-kisyou.xls,https://www.city.hamamatsu.shizuoka.jp/documents/150282/01_r04tochi-kisyou.xls,https://www.city.hamamatsu.shizuoka.jp/gyousei/library/toukeisyo/004_r04-toukeisyo.html,2026-03-11T20:17:31.075478+09:00,200,237568,"Tue, 21 Mar 2023 15:02:41 GMT","""3a000-5f76a55c6a637""",application/vnd.ms-excel,2017354f03826e5e89993d12e54a8ae6e7e37bb680ebdfc76e7ebdf526b3aba1,downloaded
再編前,other,other,02_r04jinkou.xls,02_r04jinkou.xls,https://www.city.hamamatsu.shizuoka.jp/documents/150282/02_r04jinkou.xls,https://www.city.hamamatsu.shizuoka.jp/gyousei/library/toukeisyo/004_r04-toukeisyo.html,2026-03-11T20:17:34.043478+09:00,200,240640,"Tue, 21 Mar 2023 15:02:41 GMT","""3ac00-5f76a55c9b377""",application/vnd.ms-excel,cfa824cfaa8173c303bd8d83b1dff2fa175b2ca8011be7b6aea7f360a5350f2f,downloaded
再編前,other,other,03_r04jigyousyo.xls,03_r04jigyousyo.xls,https://www.city.hamamatsu.shizuoka.jp/documents/150282/03_r04jigyousyo.xls,https://www.city.hamamatsu.shizuoka.jp/gyousei/library/toukeisyo/004_r04-toukeisyo.html,2026-03-11T20:17:35.575478+09:00,200,66048,"Tue, 21 Mar 2023 15:02:41 GMT","""10200-5f76a55cc9d90""",application/vnd.ms-excel,4dedf7048144ab51a90d2bf815a2b6955a065bbffed19d4bd95fa63298168925,downloaded
再編前,other,other,04_r04suisangyou.xls,04_r04suisangyou.xls,https://www.city.hamamatsu.shizuoka.jp/documents/150282/04_r04suisangyou.xls,https://www.city.hamamatsu.shizuoka.jp/gyousei/library/toukeisyo/004_r04-toukeisyo.html,2026-03-11T20:17:37.168478+09:00,200,200192,"Tue, 21 Mar 2023 15:02:41 GMT","""30e00-5f76a55cf8b90""",application/vnd.ms-excel,5f518e0c008d88e8e4039289ae67aad2c86a6463f178ab108681fa53595e393b,downloaded
再編前,other,other,05_r04kougyou.xls,05_r04kougyou.xls,https://www.city.hamamatsu.shizuoka.jp/documents/150282/05_r04kougyou.xls,https://www.city.hamamatsu.shizuoka.jp/gyousei/library/toukeisyo/004_r04-toukeisyo.html,2026-03-11T20:17:38.778478+09:00,200,121344,"Tue, 21 Mar 2023 15:02:42 GMT","""1da00-5f76a55d28160""",application/vnd.ms-excel,a1d33999881418b5e79dd90ac05c967dd92ec582e305a32b7137df3171c0ce95,downloaded
再編前,other,other,06_r04syougyou.xls,06_r04syougyou.xls,https://www.city.hamamatsu.shizuoka.jp/documents/150282/06_r04syougyou.xls,https://www.city.hamamatsu.shizuoka.jp/gyousei/library/toukeisyo/004_r04-toukeisyo.html,2026-03-11T20:17:40.497478+09:00,200,130048,"Tue, 21 Mar 2023 15:02:42 GMT","""1fc00-5f76a55d57348""",application/vnd.ms-excel,de6935b2cfe7fb940345c71cf41a1339cea3584622d519a8fb4cf7a4d05aa3fe,downloaded
再編前,other,other,07_r04kinnyuu.xls,07_r04kinnyuu.xls,https://www.city.hamamatsu.shizuoka.jp/documents/150282/07_r04kinnyuu.xls,https://www.city.hamamatsu.shizuoka.jp/gyousei/library/toukeisyo/004_r04-toukeisyo.html,2026-03-11T20:17:42.231478+09:00,200,212992,"Tue, 21 Mar 2023 15:02:42 GMT","""34000-5f76a55d90941""",application/vnd.ms-excel,8df6d921d8f1c94047c9d2436ee202e76411fda1f9084db98aef898dbfb4604d,downloaded
再編前,other,other,08_r04denki_gasu_suidou.xls,08_r04denki_gasu_suidou.xls,https://www.city.hamamatsu.shizuoka.jp/documents/150282/08_r04denki_gasu_suidou.xls,https://www.city.hamamatsu.shizuoka.jp/gyousei/library/toukeisyo/004_r04-toukeisyo.html,2026-03-11T20:17:43.512478+09:00,200,111104,"Tue, 21 Mar 2023 15:02:42 GMT","""1b200-5f76a55dc8f99""",application/vnd.ms-excel,ab5d29a4cec4ff6662624f18239eb177321056e36cba4b0f2f49b870993cd982,downloaded
再編前,other,other,09_r04unyu-tsuushin.xls,09_r04unyu-tsuushin.xls,https://www.city.hamamatsu.shizuoka.jp/documents/150282/09_r04unyu-tsuushin.xls,https://www.city.hamamatsu.shizuoka.jp/gyousei/library/toukeisyo/004_r04-toukeisyo.html,2026-03-11T20:17:44.934478+09:00,200,212480,"Tue, 24 Oct 2023 03:01:33 GMT","""33e00-6086d8e691724""",application/vnd.ms-excel,ae3e36f8b8ec1b4798ddfeb8c1d0c8b2864ed3dca6c6032f10466973e64cd490,downloaded
再編前,other,other,10_r04shiminsyotoku.xls,10_r04shiminsyotoku.xls,https://www.city.hamamatsu.shizuoka.jp/documents/150282/10_r04shiminsyotoku.xls,https://www.city.hamamatsu.shizuoka.jp/gyousei/library/toukeisyo/004_r04-toukeisyo.html,2026-03-11T20:17:46.356478+09:00,200,61440,"Tue, 21 Mar 2023 15:02:43 GMT","""f000-5f76a55e3b3b9""",application/vnd.ms-excel,0e7db72aeb878e5823a39412c623be5a3cf7e0fe5abeebfdbf89a84153a41c02,downloaded
再編前,other,other,11_r04shiminseikatsu.xls,11_r04shiminseikatsu.xls,https://www.city.hamamatsu.shizuoka.jp/documents/150282/11_r04shiminseikatsu.xls,https://www.city.hamamatsu.shizuoka.jp/gyousei/library/toukeisyo/004_r04-toukeisyo.html,2026-03-11T20:17:47.965478+09:00,200,163328,"Tue, 21 Mar 2023 15:02:43 GMT","""27e00-5f76a55e6a5a2""",application/vnd.ms-excel,57dc2c61da55dfbc2fabed1998d777f78d41ee45ea7b1cd1a5b961015ee8e262,downloaded
再編前,other,other,12_r04roudou.xls,12_r04roudou.xls,https://www.city.hamamatsu.shizuoka.jp/documents/150282/12_r04roudou.xls,https://www.city.hamamatsu.shizuoka.jp/gyousei/library/toukeisyo/004_r04-toukeisyo.html,2026-03-11T20:17:49.809478+09:00,200,266240,"Tue, 21 Mar 2023 15:02:43 GMT","""41000-5f76a55e90ed2""",application/vnd.ms-excel,c31dbacba03863bcba61048566ff7864a8788e8525682976ddc8f5cf26f4ec24,downloaded
再編前,other,other,13_r04syakaihfukushi.xls,13_r04syakaihfukushi.xls,https://www.city.hamamatsu.shizuoka.jp/documents/150282/13_r04syakaihfukushi.xls,https://www.city.hamamatsu.shizuoka.jp/gyousei/library/toukeisyo/004_r04-toukeisyo.html,2026-03-11T20:17:51.559478+09:00,200,473088,"Tue, 21 Mar 2023 15:02:43 GMT","""73800-5f76a55ec3b52""",application/vnd.ms-excel,d5f47026218cc35cc0e56fb1b4c7a0890ddb31103e6f4e7e1fb5f50ae8fe3dbe,downloaded
再編前,other,other,14_r04doboku.xls,14_r04doboku.xls,https://www.city.hamamatsu.shizuoka.jp/documents/150282/14_r04doboku.xls,https://www.city.hamamatsu.shizuoka.jp/gyousei/library/toukeisyo/004_r04-toukeisyo.html,2026-03-11T20:17:53.997478+09:00,200,820224,"Tue, 21 Mar 2023 15:02:43 GMT","""c8400-5f76a55ef6002""",application/vnd.ms-excel,3d6439e0395ad6d6403b482a0312078647e76fa78453cd56ba8c914f9d9f2d90,downloaded
再編前,other,other,15_r04hokeneisei-seisou.xls,15_r04hokeneisei-seisou.xls,https://www.city.hamamatsu.shizuoka.jp/documents/150282/15_r04hokeneisei-seisou.xls,https://www.city.hamamatsu.shizuoka.jp/gyousei/library/toukeisyo/004_r04-toukeisyo.html,2026-03-11T20:17:55.762478+09:00,200,308224,"Tue, 21 Mar 2023 15:02:44 GMT","""4b400-5f76a55f30d6b""",application/vnd.ms-excel,54af2e69e7c697d25d0f6f0e4eb51deb59f7fb9956e23692be25160c8018a130,downloaded
再編前,other,other,16_r04kyouiku.xls,16_r04kyouiku.xls,https://www.city.hamamatsu.shizuoka.jp/documents/150282/16_r04kyouiku.xls,https://www.city.hamamatsu.shizuoka.jp/gyousei/library/toukeisyo/004_r04-toukeisyo.html,2026-03-11T20:17:57.200478+09:00,200,117248,"Mon, 21 Aug 2023 09:00:48 GMT","""1ca00-6036b1d4ae08e""",application/vnd.ms-excel,13087915de699a50b54649b02ee9177bde3fc2187d0be643f84dfb7cee94f825,downloaded
再編前,other,other,17_r04bunka.xls,17_r04bunka.xls,https://www.city.hamamatsu.shizuoka.jp/documents/150282/17_r04bunka.xls,https://www.city.hamamatsu.shizuoka.jp/gyousei/library/toukeisyo/004_r04-toukeisyo.html,2026-03-11T20:17:58.934478+09:00,200,214528,"Fri, 07 Apr 2023 03:00:58 GMT","""34600-5f8b63c0b1c6d""",application/vnd.ms-excel,f663e5cac0ce61fbe89b6fb25b242708d6ed70d7985612e00bd54b118dd08b51,downloaded
再編前,other,other,18_r04kouan-shihou.xls,18_r04kouan-shihou.xls,https://www.city.hamamatsu.shizuoka.jp/documents/150282/18_r04kouan-shihou.xls,https://www.city.hamamatsu.shizuoka.jp/gyousei/library/toukeisyo/004_r04-toukeisyo.html,2026-03-11T20:18:00.450478+09:00,200,227840,"Tue, 21 Mar 2023 15:02:44 GMT","""37a00-5f76a55fd5a24""",application/vnd.ms-excel,09b29f6d560ed3e07133d8b7e7d9b7c4cc6cbb003c49abb2cbf79f4d4463ce45,downloaded
再編前,other,other,19_r04zaisei.xls,19_r04zaisei.xls,https://www.city.hamamatsu.shizuoka.jp/documents/150282/19_r04zaisei.xls,https://www.city.hamamatsu.shizuoka.jp/gyousei/library/toukeisyo/004_r04-toukeisyo.html,2026-03-11T20:18:02.168478+09:00,200,256512,"Tue, 21 Mar 2023 15:02:45 GMT","""3ea00-5f76a56005bac""",application/vnd.ms-excel,59322b940e4eaf8ff40ff267365cce4a62dd625edd6181ed388c002102e600c9,downloaded
再編前,other,other,20_r04gyousei.xls,20_r04gyousei.xls,https://www.city.hamamatsu.shizuoka.jp/documents/150282/20_r04gyousei.xls,https://www.city.hamamatsu.shizuoka.jp/gyousei/library/toukeisyo/004_r04-toukeisyo.html,2026-03-11T20:18:03.684478+09:00,200,186880,"Tue, 21 Mar 2023 15:02:45 GMT","""2da00-5f76a56036504""",application/vnd.ms-excel,6eb72c91d8d7938677ae7048057faf765c06ea47c2c4537363171bd80c83ac41,downloaded
再編前,other,other,01_r03tochi-kisyou.xls,01_r03tochi-kisyou.xls,https://www.city.hamamatsu.shizuoka.jp/documents/90949/01_r03tochi-kisyou.xls,https://www.city.hamamatsu.shizuoka.jp/gyousei/library/toukeisyo/004_r03-toukeisyo.html,2026-03-11T20:18:05.184478+09:00,200,249856,"Thu, 24 Mar 2022 09:02:26 GMT","""3d000-5daf31ae4e5b7""",application/vnd.ms-excel,a609a3e92e8b1eb349d5dfde7e2d1148420f4d73db9785bfd3c7dc9b79106d39,downloaded
再編前,other,other,02_r03jinkou.xls,02_r03jinkou.xls,https://www.city.hamamatsu.shizuoka.jp/documents/90949/02_r03jinkou.xls,https://www.city.hamamatsu.shizuoka.jp/gyousei/library/toukeisyo/004_r03-toukeisyo.html,2026-03-11T20:18:06.793478+09:00,200,195584,"Thu, 24 Mar 2022 09:02:26 GMT","""2fc00-5daf31ae86c0f""",application/vnd.ms-excel,f498662750b9dcc903a32e3e3ddbdc06a8875fc355ba22a44ae7681841121564,downloaded
再編前,other,other,03_r03jigyousyo.xls,03_r03jigyousyo.xls,https://www.city.hamamatsu.shizuoka.jp/documents/90949/03_r03jigyousyo.xls,https://www.city.hamamatsu.shizuoka.jp/gyousei/library/toukeisyo/004_r03-toukeisyo.html,2026-03-11T20:18:08.481478+09:00,200,66048,"Thu, 24 Mar 2022 09:02:27 GMT","""10200-5daf31aeb5627""",application/vnd.ms-excel,9e3a178c568ac6dfbb836cbd91a79222de453a7e0025ea4859916ad464df3691,downloaded
再編前,other,other,04_r03suisangyou.xls,04_r03suisangyou.xls,https://www.city.hamamatsu.shizuoka.jp/documents/90949/04_r03suisangyou.xls,https://www.city.hamamatsu.shizuoka.jp/gyousei/library/toukeisyo/004_r03-toukeisyo.html,2026-03-11T20:18:09.934478+09:00,200,120832,"Thu, 24 Mar 2022 09:02:27 GMT","""1d800-5daf31aee57af""",application/vnd.ms-excel,5f79f1918dfbe22330fd34a950becb69a4f604789d036b0bd894ce37a87a4385,downloaded
再編前,other,other,05_r03kougyou.xls,05_r03kougyou.xls,https://www.city.hamamatsu.shizuoka.jp/documents/90949/05_r03kougyou.xls,https://www.city.hamamatsu.shizuoka.jp/gyousei/library/toukeisyo/004_r03-toukeisyo.html,2026-03-11T20:18:11.497478+09:00,200,90112,"Thu, 24 Mar 2022 09:02:27 GMT","""16000-5daf31af145af""",application/vnd.ms-excel,0a205df225551b861c1f3c82265f2791be700dabdbbbbd07eadb68900c7160a0,downloaded
再編前,other,other,06_r03syougyou.xls,06_r03syougyou.xls,https://www.city.hamamatsu.shizuoka.jp/documents/90949/06_r03syougyou.xls,https://www.city.hamamatsu.shizuoka.jp/gyousei/library/toukeisyo/004_r03-toukeisyo.html,2026-03-11T20:18:13.137478+09:00,200,100352,"Thu, 24 Mar 2022 09:02:27 GMT","""18800-5daf31af44737""",application/vnd.ms-excel,19ed6444d87fc0ec79e7f155c6b95f84a6d483c2db842b07817db9ca7ffd4850,downloaded
再編前,other,other,07_r03kinnyuu.xls,07_r03kinnyuu.xls,https://www.city.hamamatsu.shizuoka.jp/documents/90949/07_r03kinnyuu.xls,https://www.city.hamamatsu.shizuoka.jp/gyousei/library/toukeisyo/004_r03-toukeisyo.html,2026-03-11T20:18:14.606478+09:00,200,135680,"Thu, 24 Mar 2022 09:02:27 GMT","""21200-5daf31af740f0""",application/vnd.ms-excel,47e55bfe1b41eabb17cb0ff9f1c6a61c2369726cd694d32579ee3415c982e384,downloaded
再編前,other,other,08_r03denki_gasu_suidou.xls,08_r03denki_gasu_suidou.xls,https://www.city.hamamatsu.shizuoka.jp/documents/90949/08_r03denki_gasu_suidou.xls,https://www.city.hamamatsu.shizuoka.jp/gyousei/library/toukeisyo/004_r03-toukeisyo.html,2026-03-11T20:18:15.903478+09:00,200,68096,"Thu, 24 Mar 2022 09:02:28 GMT","""10a00-5daf31afac360""",application/vnd.ms-excel,8752198d4f0a10198adcbad94fbe247c9f29ce06d8008b0145a03b36f9750ada,downloaded
再編前,other,other,09_r03unyu-tsuushin.xls,09_r03unyu-tsuushin.xls,https://www.city.hamamatsu.shizuoka.jp/documents/90949/09_r03unyu-tsuushin.xls,https://www.city.hamamatsu.shizuoka.jp/gyousei/library/toukeisyo/004_r03-toukeisyo.html,2026-03-11T20:18:17.543478+09:00,200,144384,"Thu, 24 Mar 2022 09:02:28 GMT","""23400-5daf31afd1520""",application/vnd.ms-excel,16f2bc0cc9061df8760f9316f680cff293a3332e8500d4a98011a93f81f08cac,downloaded
再編前,other,other,10_r03kenminsyotoku.xls,10_r03kenminsyotoku.xls,https://www.city.hamamatsu.shizuoka.jp/documents/90949/10_r03kenminsyotoku.xls,https://www.city.hamamatsu.shizuoka.jp/gyousei/library/toukeisyo/004_r03-toukeisyo.html,2026-03-11T20:18:19.012478+09:00,200,55808,"Thu, 24 Mar 2022 09:02:28 GMT","""da00-5daf31afff380""",application/vnd.ms-excel,2f8be2fa9da4d79c5e86af43c9789e4be466afc9a5aa199e9b161ad1836d7852,downloaded
再編前,other,other,11_r03shiminseikatsu.xls,11_r03shiminseikatsu.xls,https://www.city.hamamatsu.shizuoka.jp/documents/90949/11_r03shiminseikatsu.xls,https://www.city.hamamatsu.shizuoka.jp/gyousei/library/toukeisyo/004_r03-toukeisyo.html,2026-03-11T20:18:20.653478+09:00,200,137216,"Thu, 24 Mar 2022 09:02:28 GMT","""21800-5daf31b02d5c8""",application/vnd.ms-excel,f1fa30a240e221c20d7ec27b49723c1dbb8fed7ed7656e0fb2336f25ea5bbfde,downloaded
再編前,other,other,12_r03roudou.xls,12_r03roudou.xls,https://www.city.hamamatsu.shizuoka.jp/documents/90949/12_r03roudou.xls,https://www.city.hamamatsu.shizuoka.jp/gyousei/library/toukeisyo/004_r03-toukeisyo.html,2026-03-11T20:18:22.450478+09:00,200,222720,"Thu, 24 Mar 2022 09:02:28 GMT","""36600-5daf31b05db38""",application/vnd.ms-excel,37112cf3524ea60bc9b8de983db20029007b852093cdae89abb352a06022c78f,downloaded
再編前,other,other,13_r03syakaihfukushi.xls,13_r03syakaihfukushi.xls,https://www.city.hamamatsu.shizuoka.jp/documents/90949/13_r03syakaihfukushi.xls,https://www.city.hamamatsu.shizuoka.jp/gyousei/library/toukeisyo/004_r03-toukeisyo.html,2026-03-11T20:18:24.418478+09:00,200,225792,"Thu, 24 Mar 2022 09:02:29 GMT","""37200-5daf31b096d48""",application/vnd.ms-excel,5751ecbf94d03a4bee9d0a5725ea2b5e4af1e5bcc7108a240f4d5b7ee9e2fb57,downloaded
再編前,other,other,14_r03doboku.xls,14_r03doboku.xls,https://www.city.hamamatsu.shizuoka.jp/documents/90949/14_r03doboku.xls,https://www.city.hamamatsu.shizuoka.jp/gyousei/library/toukeisyo/004_r03-toukeisyo.html,2026-03-11T20:18:26.356478+09:00,200,349184,"Thu, 24 Mar 2022 09:02:29 GMT","""55400-5daf31b0bea01""",application/vnd.ms-excel,c96d0fbb0b5fa420ee97b069b9b94d27ccd50ea3da1ad2ec11eaef47346f6474,downloaded
再編前,other,other,15_r03hokeneisei-seisou.xls,15_r03hokeneisei-seisou.xls,https://www.city.hamamatsu.shizuoka.jp/documents/90949/15_r03hokeneisei-seisou.xls,https://www.city.hamamatsu.shizuoka.jp/gyousei/library/toukeisyo/004_r03-toukeisyo.html,2026-03-11T20:18:28.309478+09:00,200,175616,"Thu, 24 Mar 2022 09:02:29 GMT","""2ae00-5daf31b0ed801""",application/vnd.ms-excel,9fd241476b0cafb036eb870041a775a183593e956aeb02a642a8fd31d992cf4e,downloaded
再編前,other,other,16_r03kyouiku.xls,16_r03kyouiku.xls,https://www.city.hamamatsu.shizuoka.jp/documents/90949/16_r03kyouiku.xls,https://www.city.hamamatsu.shizuoka.jp/gyousei/library/toukeisyo/004_r03-toukeisyo.html,2026-03-11T20:18:29.778478+09:00,200,65536,"Thu, 24 Mar 2022 09:02:29 GMT","""10000-5daf31b127d99""",application/vnd.ms-excel,3d804dda70b5902689121bec6820eeaf8f4542934d755509db2e85ac21a7ad79,downloaded
再編前,other,other,17_r03bunka.xls,17_r03bunka.xls,https://www.city.hamamatsu.shizuoka.jp/documents/90949/17_r03bunka.xls,https://www.city.hamamatsu.shizuoka.jp/gyousei/library/toukeisyo/004_r03-toukeisyo.html,2026-03-11T20:18:31.247478+09:00,200,154624,"Thu, 24 Mar 2022 09:02:29 GMT","""25c00-5daf31b157f21""",application/vnd.ms-excel,9e7b684e82802bdfc510e23be7928d9975f41f967bd04fee040aabc73b887682,downloaded
再編前,other,other,18_r03kouan-shihou.xls,18_r03kouan-shihou.xls,https://www.city.hamamatsu.shizuoka.jp/documents/90949/18_r03kouan-shihou.xls,https://www.city.hamamatsu.shizuoka.jp/gyousei/library/toukeisyo/004_r03-toukeisyo.html,2026-03-11T20:18:32.668478+09:00,200,121344,"Thu, 24 Mar 2022 09:02:30 GMT","""1da00-5daf31b1874f1""",application/vnd.ms-excel,a1adee6a50cd194badead5ac4d90dd16ff9cc237ea8c46ec53e2fabc14d8b9ae,downloaded
再編前,other,other,19_r03zaisei.xls,19_r03zaisei.xls,https://www.city.hamamatsu.shizuoka.jp/documents/90949/19_r03zaisei.xls,https://www.city.hamamatsu.shizuoka.jp/gyousei/library/toukeisyo/004_r03-toukeisyo.html,2026-03-11T20:18:34.028478+09:00,200,155136,"Thu, 24 Mar 2022 09:02:30 GMT","""25e00-5daf31b1b66d9""",application/vnd.ms-excel,4c22d530ff71527e6b884c1a68a3a5d0de023846f6281b1305823002c5b24728,downloaded
再編前,other,other,20_r03gyousei.xls,20_r03gyousei.xls,https://www.city.hamamatsu.shizuoka.jp/documents/90949/20_r03gyousei.xls,https://www.city.hamamatsu.shizuoka.jp/gyousei/library/toukeisyo/004_r03-toukeisyo.html,2026-03-11T20:18:35.512478+09:00,200,191488,"Thu, 24 Mar 2022 09:02:30 GMT","""2ec00-5daf31b1f04a2""",application/vnd.ms-excel,30d006718891d99fc4b64c276b1546e3c5d9b5eb3dfdb8c2d3bd115f4ff09480,downloaded
再編前,other,other,01_r02tochi-kisyou.xls,01_r02tochi-kisyou.xls,https://www.city.hamamatsu.shizuoka.jp/documents/136185/01_r02tochi-kisyou.xls,https://www.city.hamamatsu.shizuoka.jp/gyousei/library/toukeisyo/004_r02-toukeisyo.html,2026-03-11T20:18:37.215478+09:00,200,249856,"Thu, 24 Mar 2022 09:03:23 GMT","""3d000-5daf31e423212""",application/vnd.ms-excel,93e0be3279c55c07772acc1ae3f70aa2dbb353cbc123544776a92c2c890ba73a,downloaded
再編前,other,other,02_r02jinkou.xls,02_r02jinkou.xls,https://www.city.hamamatsu.shizuoka.jp/documents/136185/02_r02jinkou.xls,https://www.city.hamamatsu.shizuoka.jp/gyousei/library/toukeisyo/004_r02-toukeisyo.html,2026-03-11T20:18:39.012478+09:00,200,254976,"Thu, 24 Mar 2022 09:03:23 GMT","""3e400-5daf31e4527e2""",application/vnd.ms-excel,fb8964153016ffb2770325fe9e2c9c2938970079e723b688b7d36d44e78a6f71,downloaded
再編前,other,other,03_r02jigyousyo.xls,03_r02jigyousyo.xls,https://www.city.hamamatsu.shizuoka.jp/documents/136185/03_r02jigyousyo.xls,https://www.city.hamamatsu.shizuoka.jp/gyousei/library/toukeisyo/004_r02-toukeisyo.html,2026-03-11T20:18:40.434478+09:00,200,67584,"Thu, 24 Mar 2022 09:03:23 GMT","""10800-5daf31e484c92""",application/vnd.ms-excel,c3d5fbb3a5a19c2aa6de354abfd106009d0d8a85c02e2ac11d83391161ef98dd,downloaded
再編前,other,other,04_r02suisangyou.xls,04_r02suisangyou.xls,https://www.city.hamamatsu.shizuoka.jp/documents/136185/04_r02suisangyou.xls,https://www.city.hamamatsu.shizuoka.jp/gyousei/library/toukeisyo/004_r02-toukeisyo.html,2026-03-11T20:18:42.137478+09:00,200,200704,"Thu, 24 Mar 2022 09:03:23 GMT","""31000-5daf31e4be28b""",application/vnd.ms-excel,d07fb68ef5b83fe8a2c4f7728d40e3763ba2e9d569368cec9925895374bcaaa6,downloaded
再編前,other,other,05_r02kougyou.xls,05_r02kougyou.xls,https://www.city.hamamatsu.shizuoka.jp/documents/136185/05_r02kougyou.xls,https://www.city.hamamatsu.shizuoka.jp/gyousei/library/toukeisyo/004_r02-toukeisyo.html,2026-03-11T20:18:43.622478+09:00,200,106496,"Thu, 24 Mar 2022 09:03:23 GMT","""1a000-5daf31e4ebd03""",application/vnd.ms-excel,dfbaae371bc38b2e6694684e0cdb1cb2b6259c69da1ef22353e6df0b546d230f,downloaded
再編前,other,other,06_r02syougyou.xls,06_r02syougyou.xls,https://www.city.hamamatsu.shizuoka.jp/documents/136185/06_r02syougyou.xls,https://www.city.hamamatsu.shizuoka.jp/gyousei/library/toukeisyo/004_r02-toukeisyo.html,2026-03-11T20:18:45.075478+09:00,200,135168,"Thu, 24 Mar 2022 09:03:24 GMT","""21000-5daf31e524743""",application/vnd.ms-excel,c3e6e8d7a1fa282e4e31342ab2d3e2e1dc2d33afc04874718cba0d64ebf8ddb3,downloaded
再編前,other,other,07_r02kinnyuu.xls,07_r02kinnyuu.xls,https://www.city.hamamatsu.shizuoka.jp/documents/136185/07_r02kinnyuu.xls,https://www.city.hamamatsu.shizuoka.jp/gyousei/library/toukeisyo/004_r02-toukeisyo.html,2026-03-11T20:18:46.762478+09:00,200,170496,"Thu, 24 Mar 2022 09:03:24 GMT","""29a00-5daf31e55c5cb""",application/vnd.ms-excel,5632dc031bdbc5cbc098ac84ca8d58940ef2056c6d4645063a06dd3cbf45aff4,downloaded
再編前,other,other,08_r02denki_gasu_suidou.xls,08_r02denki_gasu_suidou.xls,https://www.city.hamamatsu.shizuoka.jp/documents/136185/08_r02denki_gasu_suidou.xls,https://www.city.hamamatsu.shizuoka.jp/gyousei/library/toukeisyo/004_r02-toukeisyo.html,2026-03-11T20:18:48.372478+09:00,200,99328,"Thu, 24 Mar 2022 09:03:24 GMT","""18400-5daf31e5934b3""",application/vnd.ms-excel,bc1a2b91961b8988c459669441d80b76d22f66217aa4579dfe102f7a8781e070,downloaded
再編前,other,other,09_r02unyu-tsuushin.xls,09_r02unyu-tsuushin.xls,https://www.city.hamamatsu.shizuoka.jp/documents/136185/09_r02unyu-tsuushin.xls,https://www.city.hamamatsu.shizuoka.jp/gyousei/library/toukeisyo/004_r02-toukeisyo.html,2026-03-11T20:18:50.215478+09:00,200,183808,"Thu, 24 Mar 2022 09:03:24 GMT","""2ce00-5daf31e5cbb0c""",application/vnd.ms-excel,8efae01c55e1f6c47bc42455ebb64b5cae6b3f3eb330ffb75791379c414f8434,downloaded
再編前,other,other,10_r02shiminsyotoku.xls,10_r02shiminsyotoku.xls,https://www.city.hamamatsu.shizuoka.jp/documents/136185/10_r02shiminsyotoku.xls,https://www.city.hamamatsu.shizuoka.jp/gyousei/library/toukeisyo/004_r02-toukeisyo.html,2026-03-11T20:18:51.731478+09:00,200,58880,"Thu, 24 Mar 2022 09:03:25 GMT","""e600-5daf31e5f9d54""",application/vnd.ms-excel,49b03ae526e08a352d34b7657fa917d8df07eaded48f2a7a67ac4fec999e2f57,downloaded
再編前,other,other,11_r02shiminseikatsu.xls,11_r02shiminseikatsu.xls,https://www.city.hamamatsu.shizuoka.jp/documents/136185/11_r02shiminseikatsu.xls,https://www.city.hamamatsu.shizuoka.jp/gyousei/library/toukeisyo/004_r02-toukeisyo.html,2026-03-11T20:18:53.168478+09:00,200,165888,"Thu, 24 Mar 2022 09:03:25 GMT","""28800-5daf31e628384""",application/vnd.ms-excel,9f32c21ca06434d6abd8fbe52f287af6a6f46e39b94684a1bc8820bc59e3fb10,downloaded
再編前,other,other,12_r02roudou.xls,12_r02roudou.xls,https://www.city.hamamatsu.shizuoka.jp/documents/136185/12_r02roudou.xls,https://www.city.hamamatsu.shizuoka.jp/gyousei/library/toukeisyo/004_r02-toukeisyo.html,2026-03-11T20:18:54.825478+09:00,200,249856,"Thu, 24 Mar 2022 09:03:25 GMT","""3d000-5daf31e64d15c""",application/vnd.ms-excel,51884957468f48aecfd3ef17f199a27f036b52b4df2568816250e35e29d12983,downloaded
再編前,other,other,13_r02syakaihfukushi.xls,13_r02syakaihfukushi.xls,https://www.city.hamamatsu.shizuoka.jp/documents/136185/13_r02syakaihfukushi.xls,https://www.city.hamamatsu.shizuoka.jp/gyousei/library/toukeisyo/004_r02-toukeisyo.html,2026-03-11T20:18:56.481478+09:00,200,326144,"Thu, 24 Mar 2022 09:03:25 GMT","""4fa00-5daf31e685b9c""",application/vnd.ms-excel,9a4ee91dd3b26cc69704bfafa784e01d291bfdf8bd88d1c60e2126d1d78d2fe0,downloaded
再編前,other,other,14_r02doboku.xls,14_r02doboku.xls,https://www.city.hamamatsu.shizuoka.jp/documents/136185/14_r02doboku.xls,https://www.city.hamamatsu.shizuoka.jp/gyousei/library/toukeisyo/004_r02-toukeisyo.html,2026-03-11T20:18:58.918478+09:00,200,427520,"Thu, 24 Mar 2022 09:03:25 GMT","""68600-5daf31e6b610c""",application/vnd.ms-excel,1b70dcadbe2e74ff4ff707e33040ffc3114d08af16fd2c36bdc56a4c35291dc4,downloaded
再編前,other,other,15_r02hokeneisei-seisou.xls,15_r02hokeneisei-seisou.xls,https://www.city.hamamatsu.shizuoka.jp/documents/136185/15_r02hokeneisei-seisou.xls,https://www.city.hamamatsu.shizuoka.jp/gyousei/library/toukeisyo/004_r02-toukeisyo.html,2026-03-11T20:19:00.684478+09:00,200,260608,"Thu, 24 Mar 2022 09:03:26 GMT","""3fa00-5daf31e6e4b25""",application/vnd.ms-excel,9260a797d8719bc5ba257d739125fa9f837cdb0eb04199c7ef607b591e561718,downloaded
再編前,other,other,16_r02kyouiku.xls,16_r02kyouiku.xls,https://www.city.hamamatsu.shizuoka.jp/documents/136185/16_r02kyouiku.xls,https://www.city.hamamatsu.shizuoka.jp/gyousei/library/toukeisyo/004_r02-toukeisyo.html,2026-03-11T20:19:02.215478+09:00,200,88064,"Thu, 24 Mar 2022 09:03:26 GMT","""15800-5daf31e712d6d""",application/vnd.ms-excel,50d2dfdb7c0e0787ca9a893e4613b26028b8c8067126e0e68cc6b2a601e95e30,downloaded
再編前,other,other,17_r02bunka.xls,17_r02bunka.xls,https://www.city.hamamatsu.shizuoka.jp/documents/136185/17_r02bunka.xls,https://www.city.hamamatsu.shizuoka.jp/gyousei/library/toukeisyo/004_r02-toukeisyo.html,2026-03-11T20:19:03.856478+09:00,200,200192,"Thu, 24 Mar 2022 09:03:26 GMT","""30e00-5daf31e74afdd""",application/vnd.ms-excel,6d57d21beeb124a4ac091447681650044e806f35052e5c619d11b7751e231fab,downloaded
再編前,other,other,18_r02kouan-shihou.xls,18_r02kouan-shihou.xls,https://www.city.hamamatsu.shizuoka.jp/documents/136185/18_r02kouan-shihou.xls,https://www.city.hamamatsu.shizuoka.jp/gyousei/library/toukeisyo/004_r02-toukeisyo.html,2026-03-11T20:19:05.356478+09:00,200,153088,"Thu, 24 Mar 2022 09:03:26 GMT","""25600-5daf31e779ddd""",application/vnd.ms-excel,cf28abbe1550d15266f09ad4d9e34283ea2b598d5b8520eea4d7f22f8848010a,downloaded
再編前,other,other,19_r02zaisei.xls,19_r02zaisei.xls,https://www.city.hamamatsu.shizuoka.jp/documents/136185/19_r02zaisei.xls,https://www.city.hamamatsu.shizuoka.jp/gyousei/library/toukeisyo/004_r02-toukeisyo.html,2026-03-11T20:19:07.028478+09:00,200,198144,"Thu, 24 Mar 2022 09:03:26 GMT","""30600-5daf31e7a7c3d""",application/vnd.ms-excel,26d9da031fe77d65d894b7be153102a457031d730e94c2b5e961b58cc88d8655,downloaded
再編前,other,other,20_r02gyousei.xls,20_r02gyousei.xls,https://www.city.hamamatsu.shizuoka.jp/documents/136185/20_r02gyousei.xls,https://www.city.hamamatsu.shizuoka.jp/gyousei/library/toukeisyo/004_r02-toukeisyo.html,2026-03-11T20:19:08.856478+09:00,200,217600,"Thu, 24 Mar 2022 09:03:26 GMT","""35200-5daf31e7d6e25""",application/vnd.ms-excel,fc136511b117fd1afddbd4ff5613407272fa6e9c9aa35dead1fa69ac75121173,downloaded
再編前,other,other,01_r01tochi-kisyou.xls,01_r01tochi-kisyou.xls,https://www.city.hamamatsu.shizuoka.jp/documents/111202/01_r01tochi-kisyou.xls,https://www.city.hamamatsu.shizuoka.jp/gyousei/library/toukeisyo/004_r01-toukeisyo.html,2026-03-11T20:19:10.278478+09:00,200,239104,"Thu, 25 Mar 2021 09:08:11 GMT","""3a600-5be58c137e9c5""",application/vnd.ms-excel,fde3d5d88292195f94d547eb6c4871ae26d6ef8afd50e1879736358bdbb463ef,downloaded
再編前,other,other,02_r01jinkou.xls,02_r01jinkou.xls,https://www.city.hamamatsu.shizuoka.jp/documents/111202/02_r01jinkou.xls,https://www.city.hamamatsu.shizuoka.jp/gyousei/library/toukeisyo/004_r01-toukeisyo.html,2026-03-11T20:19:11.762478+09:00,200,184832,"Thu, 25 Mar 2021 09:08:11 GMT","""2d200-5be58c13ac43d""",application/vnd.ms-excel,33b8de0ef2345665aceeec5847524b7e521971959fb46f31e2cff75203e2f4bd,downloaded
再編前,other,other,03_r01jigyousyo.xls,03_r01jigyousyo.xls,https://www.city.hamamatsu.shizuoka.jp/documents/111202/03_r01jigyousyo.xls,https://www.city.hamamatsu.shizuoka.jp/gyousei/library/toukeisyo/004_r01-toukeisyo.html,2026-03-11T20:19:13.403478+09:00,200,67072,"Thu, 25 Mar 2021 09:08:11 GMT","""10600-5be58c13da685""",application/vnd.ms-excel,47a46ec3644633e9de4d508a6e1fe2908f8ee1e3030188a3ed982c37786a7f24,downloaded
再編前,other,other,04_r01suisangyou.xls,04_r01suisangyou.xls,https://www.city.hamamatsu.shizuoka.jp/documents/111202/04_r01suisangyou.xls,https://www.city.hamamatsu.shizuoka.jp/gyousei/library/toukeisyo/004_r01-toukeisyo.html,2026-03-11T20:19:15.059478+09:00,200,119296,"Thu, 25 Mar 2021 09:08:12 GMT","""1d200-5be58c1411d3e""",application/vnd.ms-excel,f57e1ecabb129cd09b4541d6f4290023eff40b4f0967c13e663dfa202719edb2,downloaded
再編前,other,other,05_r01kougyou.xls,05_r01kougyou.xls,https://www.city.hamamatsu.shizuoka.jp/documents/111202/05_r01kougyou.xls,https://www.city.hamamatsu.shizuoka.jp/gyousei/library/toukeisyo/004_r01-toukeisyo.html,2026-03-11T20:19:16.715478+09:00,200,91136,"Thu, 25 Mar 2021 09:08:12 GMT","""16400-5be58c143efe6""",application/vnd.ms-excel,ba26f3daef6c6136222e31f6e4fabff4e6462d21e232b5bacb68e2fb499c8448,downloaded
再編前,other,other,06_r01syougyou.xls,06_r01syougyou.xls,https://www.city.hamamatsu.shizuoka.jp/documents/111202/06_r01syougyou.xls,https://www.city.hamamatsu.shizuoka.jp/gyousei/library/toukeisyo/004_r01-toukeisyo.html,2026-03-11T20:19:18.903478+09:00,200,102400,"Thu, 25 Mar 2021 09:08:12 GMT","""19000-5be58c147669f""",application/vnd.ms-excel,159ebbdbfc4ce5eec0e5da5d6e38f25ae763e2300679bea94c1f95e907a49a68,downloaded
再編前,other,other,07_r01kinnyuu.xls,07_r01kinnyuu.xls,https://www.city.hamamatsu.shizuoka.jp/documents/111202/07_r01kinnyuu.xls,https://www.city.hamamatsu.shizuoka.jp/gyousei/library/toukeisyo/004_r01-toukeisyo.html,2026-03-11T20:19:20.497478+09:00,200,118784,"Thu, 25 Mar 2021 09:08:12 GMT","""1d000-5be58c14ad587""",application/vnd.ms-excel,e0dc46790d9cdea3493d6e4457150c49e087334c475b8bfde428c415a3616bb3,downloaded
再編前,other,other,08_r01denki_gasu_suidou.xls,08_r01denki_gasu_suidou.xls,https://www.city.hamamatsu.shizuoka.jp/documents/111202/08_r01denki_gasu_suidou.xls,https://www.city.hamamatsu.shizuoka.jp/gyousei/library/toukeisyo/004_r01-toukeisyo.html,2026-03-11T20:19:22.122478+09:00,200,64512,"Thu, 25 Mar 2021 09:08:13 GMT","""fc00-5be58c14e4087""",application/vnd.ms-excel,1615843e823a8721f5b43891f2883e5bb71527c90cb65ba125fed36a96b1c995,downloaded
再編前,other,other,09_r01unyu-tsuushin.xls,09_r01unyu-tsuushin.xls,https://www.city.hamamatsu.shizuoka.jp/documents/111202/09_r01unyu-tsuushin.xls,https://www.city.hamamatsu.shizuoka.jp/gyousei/library/toukeisyo/004_r01-toukeisyo.html,2026-03-11T20:19:23.668478+09:00,200,134656,"Thu, 25 Mar 2021 09:08:13 GMT","""20e00-5be58c151b358""",application/vnd.ms-excel,3d7bdbcf023415df1692b184b6133130031998bd43fd50ce761ca8cba6e2985b,downloaded
再編前,other,other,10_r01shiminsyotoku.xls,10_r01shiminsyotoku.xls,https://www.city.hamamatsu.shizuoka.jp/documents/111202/10_r01shiminsyotoku.xls,https://www.city.hamamatsu.shizuoka.jp/gyousei/library/toukeisyo/004_r01-toukeisyo.html,2026-03-11T20:19:25.309478+09:00,200,49152,"Thu, 25 Mar 2021 09:08:13 GMT","""c000-5be58c15489e8""",application/vnd.ms-excel,40daacbc38ba153b288d6c06eedd6ae70bf9f4c82b5a111771f5314a72e42a63,downloaded
再編前,other,other,11_r01shiminseikatsu.xls,11_r01shiminseikatsu.xls,https://www.city.hamamatsu.shizuoka.jp/documents/111202/11_r01shiminseikatsu.xls,https://www.city.hamamatsu.shizuoka.jp/gyousei/library/toukeisyo/004_r01-toukeisyo.html,2026-03-11T20:19:28.465478+09:00,200,134656,"Thu, 25 Mar 2021 09:08:13 GMT","""20e00-5be58c1580871""",application/vnd.ms-excel,e38701f2232037a6745cc28744a7effe9316c70f6c87d3478df102b626c24feb,downloaded
再編前,other,other,12_r01roudou.xls,12_r01roudou.xls,https://www.city.hamamatsu.shizuoka.jp/documents/111202/12_r01roudou.xls,https://www.city.hamamatsu.shizuoka.jp/gyousei/library/toukeisyo/004_r01-toukeisyo.html,2026-03-11T20:19:29.934478+09:00,200,213504,"Thu, 25 Mar 2021 09:08:13 GMT","""34200-5be58c15aeea1""",application/vnd.ms-excel,6a802e28bc92a843a6ceecc83ce98b132807a73baa25af6a22a0850ede883b77,downloaded
再編前,other,other,13_r01syakaihfukushi.xls,13_r01syakaihfukushi.xls,https://www.city.hamamatsu.shizuoka.jp/documents/111202/13_r01syakaihfukushi.xls,https://www.city.hamamatsu.shizuoka.jp/gyousei/library/toukeisyo/004_r01-toukeisyo.html,2026-03-11T20:19:31.590478+09:00,200,216064,"Thu, 25 Mar 2021 09:08:14 GMT","""34c00-5be58c15e74f9""",application/vnd.ms-excel,5e53ab6b1fc94ad5e412f91d5a85f4028ca7867b8a38554043b362f8141cc122,downloaded
再編前,other,other,14_r01doboku.xls,14_r01doboku.xls,https://www.city.hamamatsu.shizuoka.jp/documents/111202/14_r01doboku.xls,https://www.city.hamamatsu.shizuoka.jp/gyousei/library/toukeisyo/004_r01-toukeisyo.html,2026-03-11T20:19:33.450478+09:00,200,356864,"Thu, 25 Mar 2021 09:08:14 GMT","""57200-5be58c160ce8a""",application/vnd.ms-excel,519d18f25f85fd45062447ed02b9795943d0af82b2357d667506b95ac7c9166a,downloaded
再編前,other,other,15_r01hokeneisei-seisou.xls,15_r01hokeneisei-seisou.xls,https://www.city.hamamatsu.shizuoka.jp/documents/111202/15_r01hokeneisei-seisou.xls,https://www.city.hamamatsu.shizuoka.jp/gyousei/library/toukeisyo/004_r01-toukeisyo.html,2026-03-11T20:19:35.481478+09:00,200,182784,"Thu, 25 Mar 2021 09:08:14 GMT","""2ca00-5be58c163b8a2""",application/vnd.ms-excel,2dbcf230053402ef35db0b030534477ff34d7c1b00f47c910924a99c16711c89,downloaded
再編前,other,other,16_r01kyouiku.xls,16_r01kyouiku.xls,https://www.city.hamamatsu.shizuoka.jp/documents/111202/16_r01kyouiku.xls,https://www.city.hamamatsu.shizuoka.jp/gyousei/library/toukeisyo/004_r01-toukeisyo.html,2026-03-11T20:19:36.934478+09:00,200,66048,"Thu, 25 Mar 2021 09:08:14 GMT","""10200-5be58c166a2ba""",application/vnd.ms-excel,a764c20654e643ae0fdbe7c0d766bbc182db4349303fe988073fb90a6756333a,downloaded
再編前,other,other,17_r01bunka.xls,17_r01bunka.xls,https://www.city.hamamatsu.shizuoka.jp/documents/111202/17_r01bunka.xls,https://www.city.hamamatsu.shizuoka.jp/gyousei/library/toukeisyo/004_r01-toukeisyo.html,2026-03-11T20:19:38.356478+09:00,200,154624,"Thu, 14 Nov 2024 15:06:18 GMT","""25c00-626e0cadfe25d""",application/vnd.ms-excel,e61135f105520b9f2e60906acc557d6101828e6fcf13e175fa925a6c5dfddd87,downloaded
再編前,other,other,18_r01kouan-shihou.xls,18_r01kouan-shihou.xls,https://www.city.hamamatsu.shizuoka.jp/documents/111202/18_r01kouan-shihou.xls,https://www.city.hamamatsu.shizuoka.jp/gyousei/library/toukeisyo/004_r01-toukeisyo.html,2026-03-11T20:19:39.684478+09:00,200,109568,"Thu, 25 Mar 2021 09:08:15 GMT","""1ac00-5be58c16cfbbb""",application/vnd.ms-excel,434d7beb6d7501043c860752eb614764387412da378aa77eea8add4d41b57beb,downloaded
再編前,other,other,19_r01zaisei.xls,19_r01zaisei.xls,https://www.city.hamamatsu.shizuoka.jp/documents/111202/19_r01zaisei.xls,https://www.city.hamamatsu.shizuoka.jp/gyousei/library/toukeisyo/004_r01-toukeisyo.html,2026-03-11T20:19:41.340478+09:00,200,148480,"Thu, 25 Mar 2021 09:08:15 GMT","""24400-5be58c16f3ddb""",application/vnd.ms-excel,28506ded747eb92a9c26bc70a07d035d5f6f889489db3a5846ef3700f916604d,downloaded
再編前,other,other,20_r01gyousei.xls,20_r01gyousei.xls,https://www.city.hamamatsu.shizuoka.jp/documents/111202/20_r01gyousei.xls,https://www.city.hamamatsu.shizuoka.jp/gyousei/library/toukeisyo/004_r01-toukeisyo.html,2026-03-11T20:19:42.684478+09:00,200,186368,"Thu, 25 Mar 2021 09:08:15 GMT","""2d800-5be58c1722024""",application/vnd.ms-excel,199165cef1ad2754cf3d36e6d49bdc9cf499fa596e5a25521d5bd56370442f86,downloaded
再編前,other,other,330-01_h30tochi-kisyou.xls,330-01_h30tochi-kisyou.xls,https://www.city.hamamatsu.shizuoka.jp/documents/82763/330-01_h30tochi-kisyou.xls,https://www.city.hamamatsu.shizuoka.jp/gyousei/library/toukeisyo/004_h30-toukeisyo.html,2026-03-11T20:19:44.325478+09:00,200,238592,"Tue, 16 Nov 2021 03:00:37 GMT","""3a400-5d0df21406b85""",application/vnd.ms-excel,e10788cabf5898193d23d444d0a40ed9af3b3e313fc5fad28188c24de4f5a8b1,downloaded
再編前,other,other,330-02_h30jinkou.xls,330-02_h30jinkou.xls,https://www.city.hamamatsu.shizuoka.jp/documents/82763/330-02_h30jinkou.xls,https://www.city.hamamatsu.shizuoka.jp/gyousei/library/toukeisyo/004_h30-toukeisyo.html,2026-03-11T20:19:46.043478+09:00,200,186880,"Tue, 16 Nov 2021 03:00:37 GMT","""2da00-5d0df214351b5""",application/vnd.ms-excel,237fffaf08fa65b38412ef0e2419e9f63000b117450b38b77492926873a626d4,downloaded
再編前,other,other,330-03_h30jigyousyo.xls,330-03_h30jigyousyo.xls,https://www.city.hamamatsu.shizuoka.jp/documents/82763/330-03_h30jigyousyo.xls,https://www.city.hamamatsu.shizuoka.jp/gyousei/library/toukeisyo/004_h30-toukeisyo.html,2026-03-11T20:19:47.575478+09:00,200,67584,"Tue, 16 Nov 2021 03:00:38 GMT","""10800-5d0df21463bcd""",application/vnd.ms-excel,21c6688ecbfda12fca85e2427d06bb511e7346782de548d9fde6d325d96c5650,downloaded
再編前,other,04,330-04_h30suisangyou.xls,330-04_h30suisangyou.xls,https://www.city.hamamatsu.shizuoka.jp/documents/82763/330-04_h30suisangyou.xls,https://www.city.hamamatsu.shizuoka.jp/gyousei/library/toukeisyo/004_h30-toukeisyo.html,2026-03-11T20:19:49.090478+09:00,200,150016,"Tue, 16 Nov 2021 03:00:38 GMT","""24a00-5d0df214921fd""",application/vnd.ms-excel,59d9d42c0606f2992de963b2206bfbe747d06c1a354f96b2548e791b6a60d138,downloaded
再編前,other,other,330-05_h30kougyou.xls,330-05_h30kougyou.xls,https://www.city.hamamatsu.shizuoka.jp/documents/82763/330-05_h30kougyou.xls,https://www.city.hamamatsu.shizuoka.jp/gyousei/library/toukeisyo/004_h30-toukeisyo.html,2026-03-11T20:19:50.762478+09:00,200,103936,"Tue, 16 Nov 2021 03:00:38 GMT","""19600-5d0df214c005e""",application/vnd.ms-excel,29e91d656fddfb8cc1b094f8e768a3e234aece6d0b15b8338430748dc9277af1,downloaded
再編前,other,other,330-06_h30syougyou.xls,330-06_h30syougyou.xls,https://www.city.hamamatsu.shizuoka.jp/documents/82763/330-06_h30syougyou.xls,https://www.city.hamamatsu.shizuoka.jp/gyousei/library/toukeisyo/004_h30-toukeisyo.html,2026-03-11T20:19:52.465478+09:00,200,102912,"Tue, 16 Nov 2021 03:00:38 GMT","""19200-5d0df214f7716""",application/vnd.ms-excel,93f7d516b9846de38a9c77f761a603993268b089110b26ad09517bd2081553e2,downloaded
再編前,other,other,330-07_h30kinnyuu.xls,330-07_h30kinnyuu.xls,https://www.city.hamamatsu.shizuoka.jp/documents/82763/330-07_h30kinnyuu.xls,https://www.city.hamamatsu.shizuoka.jp/gyousei/library/toukeisyo/004_h30-toukeisyo.html,2026-03-11T20:19:54.012478+09:00,200,141824,"Tue, 16 Nov 2021 03:00:38 GMT","""22a00-5d0df2151d0a6""",application/vnd.ms-excel,b95380f0b0062120d57b90a64057ddd75b12c9037486bcf50fbe247fb182a189,downloaded
再編前,other,other,330-08_h30denki_gasu_suidou.xls,330-08_h30denki_gasu_suidou.xls,https://www.city.hamamatsu.shizuoka.jp/documents/82763/330-08_h30denki_gasu_suidou.xls,https://www.city.hamamatsu.shizuoka.jp/gyousei/library/toukeisyo/004_h30-toukeisyo.html,2026-03-11T20:19:55.356478+09:00,200,82432,"Tue, 16 Nov 2021 03:00:39 GMT","""14200-5d0df21554b46""",application/vnd.ms-excel,06fb0f2d0f879a683e01f4b7f5b1da29e77fb36cbf080b2dbcdbb2ee40b87670,downloaded
再編前,other,other,330-09_h30unyu-tsuushin.xls,330-09_h30unyu-tsuushin.xls,https://www.city.hamamatsu.shizuoka.jp/documents/82763/330-09_h30unyu-tsuushin.xls,https://www.city.hamamatsu.shizuoka.jp/gyousei/library/toukeisyo/004_h30-toukeisyo.html,2026-03-11T20:19:56.715478+09:00,200,135680,"Tue, 16 Nov 2021 03:00:39 GMT","""21200-5d0df2158c9ce""",application/vnd.ms-excel,1367bc0398fd809b5333c1443ddad3179c8adfc227d42a3fa72b2cc0e3a67d4d,downloaded
再編前,other,10,330-10_h30shiminsyotoku.xls,330-10_h30shiminsyotoku.xls,https://www.city.hamamatsu.shizuoka.jp/documents/82763/330-10_h30shiminsyotoku.xls,https://www.city.hamamatsu.shizuoka.jp/gyousei/library/toukeisyo/004_h30-toukeisyo.html,2026-03-11T20:19:58.012478+09:00,200,58880,"Tue, 16 Nov 2021 03:00:39 GMT","""e600-5d0df215ba82e""",application/vnd.ms-excel,9514e1927e0eed25bdca62a6ce26c1770476ef01dfe487cadaaaf8ade3344076,downloaded
再編前,other,other,330-11_h30shiminseikatsu.xls,330-11_h30shiminseikatsu.xls,https://www.city.hamamatsu.shizuoka.jp/documents/82763/330-11_h30shiminseikatsu.xls,https://www.city.hamamatsu.shizuoka.jp/gyousei/library/toukeisyo/004_h30-toukeisyo.html,2026-03-11T20:19:59.387478+09:00,200,134656,"Tue, 16 Nov 2021 03:00:39 GMT","""20e00-5d0df215f2a9e""",application/vnd.ms-excel,e6f3fea3578652b32bc1e501d7af77c5e0e0e417c2c278bd351109dda60a58ff,downloaded
再編前,other,other,330-12_h30roudou.xls,330-12_h30roudou.xls,https://www.city.hamamatsu.shizuoka.jp/documents/82763/330-12_h30roudou.xls,https://www.city.hamamatsu.shizuoka.jp/gyousei/library/toukeisyo/004_h30-toukeisyo.html,2026-03-11T20:20:01.200478+09:00,200,209920,"Tue, 16 Nov 2021 03:00:39 GMT","""33400-5d0df2162c097""",application/vnd.ms-excel,fe141bce8d17817c50dc3fd7979e32a6da1cdbe73427ea956929d133861261b6,downloaded
再編前,other,other,330-13_h30syakaihfukushi.xls,330-13_h30syakaihfukushi.xls,https://www.city.hamamatsu.shizuoka.jp/documents/82763/330-13_h30syakaihfukushi.xls,https://www.city.hamamatsu.shizuoka.jp/gyousei/library/toukeisyo/004_h30-toukeisyo.html,2026-03-11T20:20:02.809478+09:00,200,214528,"Tue, 16 Nov 2021 03:00:40 GMT","""34600-5d0df2166856f""",application/vnd.ms-excel,4b4230ff7b175d8a0d6106300ce67f0702fbe26e326ffb35add110d5bd116c58,downloaded
再編前,other,other,330-14_h30doboku.xls,330-14_h30doboku.xls,https://www.city.hamamatsu.shizuoka.jp/documents/82763/330-14_h30doboku.xls,https://www.city.hamamatsu.shizuoka.jp/gyousei/library/toukeisyo/004_h30-toukeisyo.html,2026-03-11T20:20:04.481478+09:00,200,358912,"Tue, 16 Nov 2021 03:00:40 GMT","""57a00-5d0df21699e67""",application/vnd.ms-excel,8157ffa0b606f04bc407f8f0477cfb0f5638cdf75f9ee72f32410eaf8dc60b5c,downloaded
再編前,other,other,330-15_h30hokeneisei-seisou.xls,330-15_h30hokeneisei-seisou.xls,https://www.city.hamamatsu.shizuoka.jp/documents/82763/330-15_h30hokeneisei-seisou.xls,https://www.city.hamamatsu.shizuoka.jp/gyousei/library/toukeisyo/004_h30-toukeisyo.html,2026-03-11T20:20:06.184478+09:00,200,225792,"Tue, 16 Nov 2021 03:00:40 GMT","""37200-5d0df216d151f""",application/vnd.ms-excel,44275e564dd5f4ee6a0e48b27a7df290132dfcbd0d6f2c1752347a6cae5271f3,downloaded
再編前,other,other,330-16_h30kyouiku.xls,330-16_h30kyouiku.xls,https://www.city.hamamatsu.shizuoka.jp/documents/82763/330-16_h30kyouiku.xls,https://www.city.hamamatsu.shizuoka.jp/gyousei/library/toukeisyo/004_h30-toukeisyo.html,2026-03-11T20:20:07.559478+09:00,200,67072,"Tue, 16 Nov 2021 03:00:40 GMT","""10600-5d0df216ffb4f""",application/vnd.ms-excel,c9c3dba8a916c81e1358ab58989e05c4689084f05eaa666e45c94c028933370e,downloaded
再編前,other,other,330-17_h30bunka.xls,330-17_h30bunka.xls,https://www.city.hamamatsu.shizuoka.jp/documents/82763/330-17_h30bunka.xls,https://www.city.hamamatsu.shizuoka.jp/gyousei/library/toukeisyo/004_h30-toukeisyo.html,2026-03-11T20:20:08.918478+09:00,200,151040,"Tue, 16 Nov 2021 03:00:41 GMT","""24e00-5d0df2172e17f""",application/vnd.ms-excel,116feb81c89171716ad5ea726b850e3bddc3f4abe654734e6a19a973cf9831f2,downloaded
再編前,other,other,330-18_h30kouan-shihou.xls,330-18_h30kouan-shihou.xls,https://www.city.hamamatsu.shizuoka.jp/documents/82763/330-18_h30kouan-shihou.xls,https://www.city.hamamatsu.shizuoka.jp/gyousei/library/toukeisyo/004_h30-toukeisyo.html,2026-03-11T20:20:10.215478+09:00,200,110080,"Tue, 16 Nov 2021 03:00:41 GMT","""1ae00-5d0df21765c1f""",application/vnd.ms-excel,0deb47013d4ff232b7630480d79c149f7c8ea6aeb821fb0bbcb45d4623bdca34,downloaded
再編前,other,other,330-19_h30zaisei.xls,330-19_h30zaisei.xls,https://www.city.hamamatsu.shizuoka.jp/documents/82763/330-19_h30zaisei.xls,https://www.city.hamamatsu.shizuoka.jp/gyousei/library/toukeisyo/004_h30-toukeisyo.html,2026-03-11T20:20:11.840478+09:00,200,148480,"Tue, 16 Nov 2021 03:00:41 GMT","""24400-5d0df2178a610""",application/vnd.ms-excel,2f0f54ca700019fdd38739c496d4b280bfcfdb7ac13dedf776b7139a2916d70f,downloaded
再編前,other,other,330-20_h30gyousei.xls,330-20_h30gyousei.xls,https://www.city.hamamatsu.shizuoka.jp/documents/82763/330-20_h30gyousei.xls,https://www.city.hamamatsu.shizuoka.jp/gyousei/library/toukeisyo/004_h30-toukeisyo.html,2026-03-11T20:20:13.481478+09:00,200,187392,"Tue, 16 Nov 2021 03:00:41 GMT","""2dc00-5d0df217b9028""",application/vnd.ms-excel,77f86d472a54a9ffa712f2dd98b471b285e8772914fe077388f482fdadf65fdb,downloaded
再編前,other,other,328-01_h29tochi-kisyou.xls,328-01_h29tochi-kisyou.xls,https://www.city.hamamatsu.shizuoka.jp/documents/74029/328-01_h29tochi-kisyou.xls,https://www.city.hamamatsu.shizuoka.jp/gyousei/library/toukeisyo/004_h29-toukeisyo.html,2026-03-11T20:20:15.153478+09:00,200,246272,"Tue, 16 Nov 2021 03:00:46 GMT","""3c200-5d0df21cb2efb""",application/vnd.ms-excel,bf03dbd7b7eeaf9762b9282a7b0b83a1e7c8d7c2a80ef96d05f055a88fb514b6,downloaded
再編前,other,other,328-02_h29jinkou.xls,328-02_h29jinkou.xls,https://www.city.hamamatsu.shizuoka.jp/documents/74029/328-02_h29jinkou.xls,https://www.city.hamamatsu.shizuoka.jp/gyousei/library/toukeisyo/004_h29-toukeisyo.html,2026-03-11T20:20:16.668478+09:00,200,215040,"Tue, 16 Nov 2021 03:00:46 GMT","""34800-5d0df21ce152b""",application/vnd.ms-excel,9d6c80bfb3702b54fcf77e97bbc67931fac0fe60b8da9246f2e83fc851168d5a,downloaded
再編前,other,other,328-03_h29jigyousyo.xls,328-03_h29jigyousyo.xls,https://www.city.hamamatsu.shizuoka.jp/documents/74029/328-03_h29jigyousyo.xls,https://www.city.hamamatsu.shizuoka.jp/gyousei/library/toukeisyo/004_h29-toukeisyo.html,2026-03-11T20:20:18.372478+09:00,200,76800,"Tue, 16 Nov 2021 03:00:47 GMT","""12c00-5d0df21d18fcb""",application/vnd.ms-excel,2f20fa97601d2110e4d1b84236d948067ed35356ba1999dcf5ed8f43378d46dc,downloaded
再編前,other,04,328-04_h29suisangyou.xls,328-04_h29suisangyou.xls,https://www.city.hamamatsu.shizuoka.jp/documents/74029/328-04_h29suisangyou.xls,https://www.city.hamamatsu.shizuoka.jp/gyousei/library/toukeisyo/004_h29-toukeisyo.html,2026-03-11T20:20:19.965478+09:00,200,152064,"Tue, 16 Nov 2021 03:00:47 GMT","""25200-5d0df21d479e3""",application/vnd.ms-excel,c028c9e66197d6e4cceba11a8627c96cfb78c8638edef45f25c09048594abfb3,downloaded
再編前,other,other,328-05_h29kougyou.xls,328-05_h29kougyou.xls,https://www.city.hamamatsu.shizuoka.jp/documents/74029/328-05_h29kougyou.xls,https://www.city.hamamatsu.shizuoka.jp/gyousei/library/toukeisyo/004_h29-toukeisyo.html,2026-03-11T20:20:21.528478+09:00,200,103936,"Tue, 16 Nov 2021 03:00:47 GMT","""19600-5d0df21d7545a""",application/vnd.ms-excel,6afcae423d4086f9f5b3732c87bf2f7f609607e869035d11121b46b7ad474f72,downloaded
再編前,other,other,328-06_h29syougyou.xls,328-06_h29syougyou.xls,https://www.city.hamamatsu.shizuoka.jp/documents/74029/328-06_h29syougyou.xls,https://www.city.hamamatsu.shizuoka.jp/gyousei/library/toukeisyo/004_h29-toukeisyo.html,2026-03-11T20:20:23.153478+09:00,200,115712,"Tue, 16 Nov 2021 03:00:47 GMT","""1c400-5d0df21dacb12""",application/vnd.ms-excel,e8b88cdd07b434bac6b023b7c767c3d4280f8fd497ef5ec7f0f66e0c1feebe45,downloaded
再編前,other,other,328-07_h29kinnyuu.xls,328-07_h29kinnyuu.xls,https://www.city.hamamatsu.shizuoka.jp/documents/74029/328-07_h29kinnyuu.xls,https://www.city.hamamatsu.shizuoka.jp/gyousei/library/toukeisyo/004_h29-toukeisyo.html,2026-03-11T20:20:24.762478+09:00,200,139776,"Tue, 16 Nov 2021 03:00:47 GMT","""22200-5d0df21dd3c11""",application/vnd.ms-excel,660b61e84c640f75328ec9734ac823a7d17084297569a054d5436ee2a81b73ca,downloaded
再編前,other,other,328-08_h29denki_gasu_suidou.xls,328-08_h29denki_gasu_suidou.xls,https://www.city.hamamatsu.shizuoka.jp/documents/74029/328-08_h29denki_gasu_suidou.xls,https://www.city.hamamatsu.shizuoka.jp/gyousei/library/toukeisyo/004_h29-toukeisyo.html,2026-03-11T20:20:26.387478+09:00,200,73728,"Tue, 16 Nov 2021 03:00:48 GMT","""12000-5d0df21e01a71""",application/vnd.ms-excel,7331bc744ff2205add116883a226e52568ca34f66477a7525d168851afdaf35b,downloaded
再編前,other,other,328-09_h29unyu-tsuushin.xls,328-09_h29unyu-tsuushin.xls,https://www.city.hamamatsu.shizuoka.jp/documents/74029/328-09_h29unyu-tsuushin.xls,https://www.city.hamamatsu.shizuoka.jp/gyousei/library/toukeisyo/004_h29-toukeisyo.html,2026-03-11T20:20:27.825478+09:00,200,181248,"Tue, 16 Nov 2021 03:00:48 GMT","""2c400-5d0df21e43150""",application/vnd.ms-excel,49c16a0e95c489a69d28291ebbb1cac8e088fa3cb3de7d406aeccd9716a3d23c,downloaded
再編前,other,10,328-10_h29kenminsyotoku.xls,328-10_h29kenminsyotoku.xls,https://www.city.hamamatsu.shizuoka.jp/documents/74029/328-10_h29kenminsyotoku.xls,https://www.city.hamamatsu.shizuoka.jp/gyousei/library/toukeisyo/004_h29-toukeisyo.html,2026-03-11T20:20:29.700478+09:00,200,56320,"Tue, 16 Nov 2021 03:00:48 GMT","""dc00-5d0df21e75dd0""",application/vnd.ms-excel,0db67c3d5e55f66a7f3f0eb3479dddfaf1768f97adb6546df9956a37204f18ae,downloaded
再編前,other,other,328-11_h29shiminseikatsu.xls,328-11_h29shiminseikatsu.xls,https://www.city.hamamatsu.shizuoka.jp/documents/74029/328-11_h29shiminseikatsu.xls,https://www.city.hamamatsu.shizuoka.jp/gyousei/library/toukeisyo/004_h29-toukeisyo.html,2026-03-11T20:20:32.106478+09:00,200,139776,"Tue, 16 Nov 2021 03:00:48 GMT","""22200-5d0df21ea47e7""",application/vnd.ms-excel,aec08c69cd1fba9e06451186d737e65abd9708ffb4fa478c6e4f3a17b302f297,downloaded
再編前,other,other,328-12_h29roudou.xls,328-12_h29roudou.xls,https://www.city.hamamatsu.shizuoka.jp/documents/74029/328-12_h29roudou.xls,https://www.city.hamamatsu.shizuoka.jp/gyousei/library/toukeisyo/004_h29-toukeisyo.html,2026-03-11T20:20:33.872478+09:00,200,232448,"Tue, 16 Nov 2021 03:00:49 GMT","""38c00-5d0df21ed39cf""",application/vnd.ms-excel,8b7bc9b15f0c5b94fcb4c478b869b91297e5a2ba0063a8d1f9d622174ce4cfba,downloaded
再編前,other,other,328-13_h29syakaihfukushi.xls,328-13_h29syakaihfukushi.xls,https://www.city.hamamatsu.shizuoka.jp/documents/74029/328-13_h29syakaihfukushi.xls,https://www.city.hamamatsu.shizuoka.jp/gyousei/library/toukeisyo/004_h29-toukeisyo.html,2026-03-11T20:20:35.700478+09:00,200,280064,"Tue, 16 Nov 2021 03:00:49 GMT","""44600-5d0df21f0cbde""",application/vnd.ms-excel,e5d92cda8c6c6a844e281256daac1189e04a2eff89370bfa3b62eed445c984e9,downloaded
再編前,other,other,328-14_h29doboku.xls,328-14_h29doboku.xls,https://www.city.hamamatsu.shizuoka.jp/documents/74029/328-14_h29doboku.xls,https://www.city.hamamatsu.shizuoka.jp/gyousei/library/toukeisyo/004_h29-toukeisyo.html,2026-03-11T20:20:38.075478+09:00,200,402432,"Tue, 16 Nov 2021 03:00:49 GMT","""62400-5d0df21f49c6d""",application/vnd.ms-excel,cfe38384f76ceed06af93a234c2697c1a26ec65a48619941bb4538d46e5468f0,downloaded
再編前,other,other,328-15_h29hokeneisei-seisou.xls,328-15_h29hokeneisei-seisou.xls,https://www.city.hamamatsu.shizuoka.jp/documents/74029/328-15_h29hokeneisei-seisou.xls,https://www.city.hamamatsu.shizuoka.jp/gyousei/library/toukeisyo/004_h29-toukeisyo.html,2026-03-11T20:20:40.184478+09:00,200,242688,"Tue, 16 Nov 2021 03:00:49 GMT","""3b400-5d0df21f74fd5""",application/vnd.ms-excel,21411b3c07e1cae551c11c7f40b673b56267d1e3d3945439620a07d3b8764c29,downloaded
再編前,other,other,328-16_h29kyouiku.xls,328-16_h29kyouiku.xls,https://www.city.hamamatsu.shizuoka.jp/documents/74029/328-16_h29kyouiku.xls,https://www.city.hamamatsu.shizuoka.jp/gyousei/library/toukeisyo/004_h29-toukeisyo.html,2026-03-11T20:20:41.793478+09:00,200,68608,"Tue, 16 Nov 2021 03:00:49 GMT","""10c00-5d0df21fa515d""",application/vnd.ms-excel,b45818ff6baca4d2fa5a0c15d9620e33b28505cc60fdc5cee257ec2d68f3368c,downloaded
再編前,other,other,328-17_h29bunka.xls,328-17_h29bunka.xls,https://www.city.hamamatsu.shizuoka.jp/documents/74029/328-17_h29bunka.xls,https://www.city.hamamatsu.shizuoka.jp/gyousei/library/toukeisyo/004_h29-toukeisyo.html,2026-03-11T20:20:43.653478+09:00,200,181760,"Tue, 16 Nov 2021 03:00:50 GMT","""2c600-5d0df21fdf6f4""",application/vnd.ms-excel,e2e9b0334282333cd18b922967203bcb67f6ecfe803b1f68ef0dcf6f7a357239,downloaded
再編前,other,other,328-18_h29kouan-shihou.xls,328-18_h29kouan-shihou.xls,https://www.city.hamamatsu.shizuoka.jp/documents/74029/328-18_h29kouan-shihou.xls,https://www.city.hamamatsu.shizuoka.jp/gyousei/library/toukeisyo/004_h29-toukeisyo.html,2026-03-11T20:20:45.481478+09:00,200,162304,"Tue, 16 Nov 2021 03:00:50 GMT","""27a00-5d0df2200e8dc""",application/vnd.ms-excel,1d6f6cb8580e93e8deb59aeb31e92a78a0c4db4ff68bf6f3e9a7fdbfabc31f3d,downloaded
再編前,other,other,328-19_h29zaisei.xls,328-19_h29zaisei.xls,https://www.city.hamamatsu.shizuoka.jp/documents/74029/328-19_h29zaisei.xls,https://www.city.hamamatsu.shizuoka.jp/gyousei/library/toukeisyo/004_h29-toukeisyo.html,2026-03-11T20:20:47.028478+09:00,200,163840,"Tue, 16 Nov 2021 03:00:50 GMT","""28000-5d0df22033a9b""",application/vnd.ms-excel,da1422e1641cafc8bbf45c74b39c1a4df45c351d1ed037a60c4a3e0f7de41403,downloaded
再編前,other,other,328-20_h29gyousei.xls,328-20_h29gyousei.xls,https://www.city.hamamatsu.shizuoka.jp/documents/74029/328-20_h29gyousei.xls,https://www.city.hamamatsu.shizuoka.jp/gyousei/library/toukeisyo/004_h29-toukeisyo.html,2026-03-11T20:20:49.153478+09:00,200,198656,"Tue, 16 Nov 2021 03:00:50 GMT","""30800-5d0df220620cb""",application/vnd.ms-excel,eb0c9278118d47d31d18600a2afb9c30583279b40d5944d4f8235d3a6e09d61a,downloaded
再編前,other,other,328-01_h28tochi-kisyou.xls,328-01_h28tochi-kisyou.xls,https://www.city.hamamatsu.shizuoka.jp/documents/66144/328-01_h28tochi-kisyou.xls,https://www.city.hamamatsu.shizuoka.jp/gyousei/library/toukeisyo/004_h28-toukeisyo.html,2026-03-11T20:20:50.809478+09:00,200,256512,"Tue, 16 Nov 2021 03:00:55 GMT","""3ea00-5d0df2253bbee""",application/vnd.ms-excel,cc945cb19d1a3d8f61fcffbe01565d16d08dd666b706327e996b3b22c51967d2,downloaded
再編前,other,other,328-02_h28jinkou.xls,328-02_h28jinkou.xls,https://www.city.hamamatsu.shizuoka.jp/documents/66144/328-02_h28jinkou.xls,https://www.city.hamamatsu.shizuoka.jp/gyousei/library/toukeisyo/004_h28-toukeisyo.html,2026-03-11T20:20:52.793478+09:00,200,226816,"Tue, 16 Nov 2021 03:00:55 GMT","""37600-5d0df2256a606""",application/vnd.ms-excel,fb5769cfc01e3f4e35d7d3c496cd3c97a6f2f3d2a53be0ce40979e9ae352ed11,downloaded
再編前,other,other,328-03_h28jigyousyo.xls,328-03_h28jigyousyo.xls,https://www.city.hamamatsu.shizuoka.jp/documents/66144/328-03_h28jigyousyo.xls,https://www.city.hamamatsu.shizuoka.jp/gyousei/library/toukeisyo/004_h28-toukeisyo.html,2026-03-11T20:20:54.403478+09:00,200,82432,"Tue, 16 Nov 2021 03:00:56 GMT","""14200-5d0df225a248e""",application/vnd.ms-excel,6889d7be0cfef16e637dce867e9eaece62626b00add37f0835ec5c4836cde9bf,downloaded
再編前,other,04,328-04_h28suisangyou.xls,328-04_h28suisangyou.xls,https://www.city.hamamatsu.shizuoka.jp/documents/66144/328-04_h28suisangyou.xls,https://www.city.hamamatsu.shizuoka.jp/gyousei/library/toukeisyo/004_h28-toukeisyo.html,2026-03-11T20:20:55.918478+09:00,200,147968,"Tue, 16 Nov 2021 03:00:56 GMT","""24200-5d0df225c7266""",application/vnd.ms-excel,ce89d18fe72b0c6b4284920b7228242b778c8b4ddf4fc882304039c410c22153,downloaded
再編前,other,other,328-05_h28kougyou.xls,328-05_h28kougyou.xls,https://www.city.hamamatsu.shizuoka.jp/documents/66144/328-05_h28kougyou.xls,https://www.city.hamamatsu.shizuoka.jp/gyousei/library/toukeisyo/004_h28-toukeisyo.html,2026-03-11T20:20:57.497478+09:00,200,111104,"Tue, 16 Nov 2021 03:00:56 GMT","""1b200-5d0df225fed06""",application/vnd.ms-excel,0f503cabef861c29f995db31f80cbb185de1f7d59b4d883431cd649a1946d383,downloaded
再編前,other,other,328-06_h28syougyou.xls,328-06_h28syougyou.xls,https://www.city.hamamatsu.shizuoka.jp/documents/66144/328-06_h28syougyou.xls,https://www.city.hamamatsu.shizuoka.jp/gyousei/library/toukeisyo/004_h28-toukeisyo.html,2026-03-11T20:20:59.293478+09:00,200,123392,"Tue, 16 Nov 2021 03:00:56 GMT","""1e200-5d0df226367a7""",application/vnd.ms-excel,4620f24a20a0251b3298882cb33106f218a8a3a164fea5af9c990bde36fcbaf9,downloaded
再編前,other,other,328-07_h28kinnyuu.xls,328-07_h28kinnyuu.xls,https://www.city.hamamatsu.shizuoka.jp/documents/66144/328-07_h28kinnyuu.xls,https://www.city.hamamatsu.shizuoka.jp/gyousei/library/toukeisyo/004_h28-toukeisyo.html,2026-03-11T20:21:00.934478+09:00,200,183808,"Tue, 16 Nov 2021 03:00:57 GMT","""2ce00-5d0df2266f1e7""",application/vnd.ms-excel,6cb681e81be2db65b291478056e2fee05803adfc384e6c59ac7c935cf9dd5913,downloaded
再編前,other,other,328-08_h28denki_gasu_suidou.xls,328-08_h28denki_gasu_suidou.xls,https://www.city.hamamatsu.shizuoka.jp/documents/66144/328-08_h28denki_gasu_suidou.xls,https://www.city.hamamatsu.shizuoka.jp/gyousei/library/toukeisyo/004_h28-toukeisyo.html,2026-03-11T20:21:02.872478+09:00,200,103936,"Tue, 16 Nov 2021 03:00:57 GMT","""19600-5d0df226a83f7""",application/vnd.ms-excel,91f7d6cebab6c2d0a197a61208bb0387fb9caa905749b150455d403e680c7a44,downloaded
再編前,other,other,328-09_h28unyu-tsuushin.xls,328-09_h28unyu-tsuushin.xls,https://www.city.hamamatsu.shizuoka.jp/documents/66144/328-09_h28unyu-tsuushin.xls,https://www.city.hamamatsu.shizuoka.jp/gyousei/library/toukeisyo/004_h28-toukeisyo.html,2026-03-11T20:21:04.715478+09:00,200,195584,"Tue, 16 Nov 2021 03:00:57 GMT","""2fc00-5d0df226e0e37""",application/vnd.ms-excel,1e5442ee9b2225f7bb267e77ce597de1d4b9927168090dfe6612c747da0bd6a4,downloaded
再編前,other,10,328-10_h28kenminsyotoku.xls,328-10_h28kenminsyotoku.xls,https://www.city.hamamatsu.shizuoka.jp/documents/66144/328-10_h28kenminsyotoku.xls,https://www.city.hamamatsu.shizuoka.jp/gyousei/library/toukeisyo/004_h28-toukeisyo.html,2026-03-11T20:21:06.793478+09:00,200,57344,"Tue, 16 Nov 2021 03:00:57 GMT","""e000-5d0df2271b3cf""",application/vnd.ms-excel,cc4c6de2ca4e3e98a81d964037127c57b66c2c53610bff1dde8a2be1530fff84,downloaded
再編前,other,other,328-11_h28shiminseikatsu.xls,328-11_h28shiminseikatsu.xls,https://www.city.hamamatsu.shizuoka.jp/documents/66144/328-11_h28shiminseikatsu.xls,https://www.city.hamamatsu.shizuoka.jp/gyousei/library/toukeisyo/004_h28-toukeisyo.html,2026-03-11T20:21:09.184478+09:00,200,157696,"Tue, 16 Nov 2021 03:00:57 GMT","""26800-5d0df2274a1cf""",application/vnd.ms-excel,89f09fe688cf1d265c98a15c11d37974e16b21e702d23bd7ad401cb2ceebfc8f,downloaded
再編前,other,other,328-12_h28roudou.xls,328-12_h28roudou.xls,https://www.city.hamamatsu.shizuoka.jp/documents/66144/328-12_h28roudou.xls,https://www.city.hamamatsu.shizuoka.jp/gyousei/library/toukeisyo/004_h28-toukeisyo.html,2026-03-11T20:21:10.950478+09:00,200,246272,"Tue, 16 Nov 2021 03:00:58 GMT","""3c200-5d0df22770ee7""",application/vnd.ms-excel,b76c5584dc3af9f2308b5d9c6f63bab67fcf844d2c0d87b12cf4aac1ccebefa1,downloaded
再編前,other,other,328-13_h28syakaihfukushi.xls,328-13_h28syakaihfukushi.xls,https://www.city.hamamatsu.shizuoka.jp/documents/66144/328-13_h28syakaihfukushi.xls,https://www.city.hamamatsu.shizuoka.jp/gyousei/library/toukeisyo/004_h28-toukeisyo.html,2026-03-11T20:21:12.653478+09:00,200,298496,"Tue, 16 Nov 2021 03:00:58 GMT","""48e00-5d0df227aa8c7""",application/vnd.ms-excel,28027807dd8ff70f62555857a7dcccfa2da246f36232c90cd3db57d7b53c91a6,downloaded
再編前,other,other,328-14_h28doboku.xls,328-14_h28doboku.xls,https://www.city.hamamatsu.shizuoka.jp/documents/66144/328-14_h28doboku.xls,https://www.city.hamamatsu.shizuoka.jp/gyousei/library/toukeisyo/004_h28-toukeisyo.html,2026-03-11T20:21:16.293478+09:00,200,471552,"Tue, 16 Nov 2021 03:00:58 GMT","""73200-5d0df227dc1c0""",application/vnd.ms-excel,97208cd87dbff16ed3581686715aed6c336688428ca9f6bbf6ae2b0df9fef411,downloaded
再編前,other,other,328-15_h28hokeneisei-seisou.xls,328-15_h28hokeneisei-seisou.xls,https://www.city.hamamatsu.shizuoka.jp/documents/66144/328-15_h28hokeneisei-seisou.xls,https://www.city.hamamatsu.shizuoka.jp/gyousei/library/toukeisyo/004_h28-toukeisyo.html,2026-03-11T20:21:20.418478+09:00,200,285696,"Tue, 16 Nov 2021 03:00:58 GMT","""45c00-5d0df2280bb78""",application/vnd.ms-excel,4b16412a3183eda1fcd43358db4e2c3c2520aa30547864e778fe3c3e95e6f5c2,downloaded
再編前,other,other,328-16_h28kyouiku.xls,328-16_h28kyouiku.xls,https://www.city.hamamatsu.shizuoka.jp/documents/66144/328-16_h28kyouiku.xls,https://www.city.hamamatsu.shizuoka.jp/gyousei/library/toukeisyo/004_h28-toukeisyo.html,2026-03-11T20:21:23.059478+09:00,200,97280,"Tue, 16 Nov 2021 03:00:58 GMT","""17c00-5d0df22845170""",application/vnd.ms-excel,5f40c99fe3fe03fe01842dfd01f72a7e8173063308a386c08860846860c4a71d,downloaded
再編前,other,other,328-17_h28bunka.xls,328-17_h28bunka.xls,https://www.city.hamamatsu.shizuoka.jp/documents/66144/328-17_h28bunka.xls,https://www.city.hamamatsu.shizuoka.jp/gyousei/library/toukeisyo/004_h28-toukeisyo.html,2026-03-11T20:21:25.653478+09:00,200,188416,"Tue, 16 Nov 2021 03:00:59 GMT","""2e000-5d0df228756e0""",application/vnd.ms-excel,12679edb109c78db02b5f69f3d5e494cd9ccdf8331ca64405586b72006c216bf,downloaded
再編前,other,other,328-18_h28kouan-shihou.xls,328-18_h28kouan-shihou.xls,https://www.city.hamamatsu.shizuoka.jp/documents/66144/328-18_h28kouan-shihou.xls,https://www.city.hamamatsu.shizuoka.jp/gyousei/library/toukeisyo/004_h28-toukeisyo.html,2026-03-11T20:21:29.012478+09:00,200,152576,"Tue, 16 Nov 2021 03:00:59 GMT","""25400-5d0df2289b070""",application/vnd.ms-excel,7e060ccdae11e46347ac9859af6f6c02cd86cf12cd29ecc11a8666e8ab35ed1a,downloaded
再編前,other,other,328-19_h28zaisei.xls,328-19_h28zaisei.xls,https://www.city.hamamatsu.shizuoka.jp/documents/66144/328-19_h28zaisei.xls,https://www.city.hamamatsu.shizuoka.jp/gyousei/library/toukeisyo/004_h28-toukeisyo.html,2026-03-11T20:21:31.543478+09:00,200,188416,"Tue, 16 Nov 2021 03:00:59 GMT","""2e000-5d0df228d3ab0""",application/vnd.ms-excel,5c92383558f7dbfe69b248f40f1653a8d001fc623b31b995b6ca0c870e84c581,downloaded
再編前,other,other,328-20_h28gyousei.xls,328-20_h28gyousei.xls,https://www.city.hamamatsu.shizuoka.jp/documents/66144/328-20_h28gyousei.xls,https://www.city.hamamatsu.shizuoka.jp/gyousei/library/toukeisyo/004_h28-toukeisyo.html,2026-03-11T20:21:34.403478+09:00,200,210432,"Tue, 16 Nov 2021 03:00:59 GMT","""33600-5d0df2290e048""",application/vnd.ms-excel,866e74039dac39526c56ebd2ec39c906547b707a2ff2255d5124c72c30e09609,downloaded
再編前,other,other,328-01_h27tochi-kisyou.xls,328-01_h27tochi-kisyou.xls,https://www.city.hamamatsu.shizuoka.jp/documents/53442/328-01_h27tochi-kisyou.xls,https://www.city.hamamatsu.shizuoka.jp/gyousei/library/toukeisyo/004_h27-toukeisyo.html,2026-03-11T20:21:36.793478+09:00,200,256512,"Tue, 16 Nov 2021 03:01:26 GMT","""3ea00-5d0df24264594""",application/vnd.ms-excel,7fc9c8c364c83109631af6fb189fd8875acac65db3d3b0523f2d3ef4fe797203,downloaded
再編前,other,other,328-02_h27jinkou.xls,328-02_h27jinkou.xls,https://www.city.hamamatsu.shizuoka.jp/documents/53442/328-02_h27jinkou.xls,https://www.city.hamamatsu.shizuoka.jp/gyousei/library/toukeisyo/004_h27-toukeisyo.html,2026-03-11T20:21:39.747478+09:00,200,224256,"Tue, 16 Nov 2021 03:01:26 GMT","""36c00-5d0df24293394""",application/vnd.ms-excel,d3db57dc8f0e6e4e05a8392a4380eaa10f2183c473178552bc77685e817babe5,downloaded
再編前,other,other,328-03_h27jigyousyo.xls,328-03_h27jigyousyo.xls,https://www.city.hamamatsu.shizuoka.jp/documents/53442/328-03_h27jigyousyo.xls,https://www.city.hamamatsu.shizuoka.jp/gyousei/library/toukeisyo/004_h27-toukeisyo.html,2026-03-11T20:21:42.606478+09:00,200,80384,"Tue, 16 Nov 2021 03:01:26 GMT","""13a00-5d0df242ce0fc""",application/vnd.ms-excel,a93faad6879d977c11c1d591270e764cb22f76fe1bef892dd7fb35a5fe67b0ad,downloaded
再編前,other,04,328-04_h27suisangyou.xls,328-04_h27suisangyou.xls,https://www.city.hamamatsu.shizuoka.jp/documents/53442/328-04_h27suisangyou.xls,https://www.city.hamamatsu.shizuoka.jp/gyousei/library/toukeisyo/004_h27-toukeisyo.html,2026-03-11T20:21:45.965478+09:00,200,165888,"Tue, 16 Nov 2021 03:01:26 GMT","""28800-5d0df242f32bc""",application/vnd.ms-excel,e41e0500886b8f67f368502d9b54de8922cd66a40138472090641feb35d00204,downloaded
再編前,other,other,328-05_h27kougyou.xls,328-05_h27kougyou.xls,https://www.city.hamamatsu.shizuoka.jp/documents/53442/328-05_h27kougyou.xls,https://www.city.hamamatsu.shizuoka.jp/gyousei/library/toukeisyo/004_h27-toukeisyo.html,2026-03-11T20:21:49.200478+09:00,200,107008,"Tue, 16 Nov 2021 03:01:27 GMT","""1a200-5d0df2432b52c""",application/vnd.ms-excel,4ece03f157d4ad9a1e899a05b3d23083813a33bdc5d34fe490b64026729312b7,downloaded
再編前,other,other,328-06_h27syougyou.xls,328-06_h27syougyou.xls,https://www.city.hamamatsu.shizuoka.jp/documents/53442/328-06_h27syougyou.xls,https://www.city.hamamatsu.shizuoka.jp/gyousei/library/toukeisyo/004_h27-toukeisyo.html,2026-03-11T20:21:51.668478+09:00,200,124928,"Tue, 16 Nov 2021 03:01:27 GMT","""1e800-5d0df24363b84""",application/vnd.ms-excel,a6fe6df3b9f8e70caccb7cb4e9b96a86db6da7868c432e8b84e1f9bc297e0c30,downloaded
再編前,other,other,328-07_h27kinnyuu.xls,328-07_h27kinnyuu.xls,https://www.city.hamamatsu.shizuoka.jp/documents/53442/328-07_h27kinnyuu.xls,https://www.city.hamamatsu.shizuoka.jp/gyousei/library/toukeisyo/004_h27-toukeisyo.html,2026-03-11T20:21:55.278478+09:00,200,154112,"Tue, 16 Nov 2021 03:01:27 GMT","""25a00-5d0df24392d6c""",application/vnd.ms-excel,fdfdbeae8ea22fd19940ffb450dcf31b4327ccaf12e70a0b5517ddf7f75873bb,downloaded
再編前,other,other,328-08_h27denki_gasu_suidou.xls,328-08_h27denki_gasu_suidou.xls,https://www.city.hamamatsu.shizuoka.jp/documents/53442/328-08_h27denki_gasu_suidou.xls,https://www.city.hamamatsu.shizuoka.jp/gyousei/library/toukeisyo/004_h27-toukeisyo.html,2026-03-11T20:21:57.325478+09:00,200,112128,"Tue, 16 Nov 2021 03:01:27 GMT","""1b600-5d0df243ca03c""",application/vnd.ms-excel,cbe1567e40449e10903b924793b40d9996c903a1ab07a9ce84b59357d25d74ea,downloaded
再編前,other,other,328-09_h27unyu-tsuushin.xls,328-09_h27unyu-tsuushin.xls,https://www.city.hamamatsu.shizuoka.jp/documents/53442/328-09_h27unyu-tsuushin.xls,https://www.city.hamamatsu.shizuoka.jp/gyousei/library/toukeisyo/004_h27-toukeisyo.html,2026-03-11T20:21:59.090478+09:00,200,206336,"Tue, 16 Nov 2021 03:01:28 GMT","""32600-5d0df24402a7c""",application/vnd.ms-excel,4aa2a80469696f741d9274cf4bd34f23c0422b2b146c4630a7e1d5b8a2ab0090,downloaded
再編前,other,10,328-10_h27kenminsyotoku.xls,328-10_h27kenminsyotoku.xls,https://www.city.hamamatsu.shizuoka.jp/documents/53442/328-10_h27kenminsyotoku.xls,https://www.city.hamamatsu.shizuoka.jp/gyousei/library/toukeisyo/004_h27-toukeisyo.html,2026-03-11T20:22:00.528478+09:00,200,61952,"Tue, 16 Nov 2021 03:01:28 GMT","""f200-5d0df2443b0d4""",application/vnd.ms-excel,1451cc6a3d8db02c7c76cb49fceb1d359ae28ad8c0ed75003ea0e32371ba43ae,downloaded
再編前,other,other,328-11_h27shiminseikatsu.xls,328-11_h27shiminseikatsu.xls,https://www.city.hamamatsu.shizuoka.jp/documents/53442/328-11_h27shiminseikatsu.xls,https://www.city.hamamatsu.shizuoka.jp/gyousei/library/toukeisyo/004_h27-toukeisyo.html,2026-03-11T20:22:02.418478+09:00,200,164864,"Tue, 16 Nov 2021 03:01:28 GMT","""28400-5d0df2446a2bc""",application/vnd.ms-excel,a251343642f8517eae58aa14ddb886fe71344b1c568d52e4cdc6d04172c579e3,downloaded
再編前,other,other,328-12_h27roudou.xls,328-12_h27roudou.xls,https://www.city.hamamatsu.shizuoka.jp/documents/53442/328-12_h27roudou.xls,https://www.city.hamamatsu.shizuoka.jp/gyousei/library/toukeisyo/004_h27-toukeisyo.html,2026-03-11T20:22:04.575478+09:00,200,247808,"Tue, 16 Nov 2021 03:01:28 GMT","""3c800-5d0df2449a444""",application/vnd.ms-excel,1e38b40b2e0c824c13709928bb0ff3c472279a350da3d797f2bdd9113e538911,downloaded
再編前,other,other,328-13_h27syakaihfukushi.xls,328-13_h27syakaihfukushi.xls,https://www.city.hamamatsu.shizuoka.jp/documents/53442/328-13_h27syakaihfukushi.xls,https://www.city.hamamatsu.shizuoka.jp/gyousei/library/toukeisyo/004_h27-toukeisyo.html,2026-03-11T20:22:06.606478+09:00,200,336384,"Tue, 16 Nov 2021 03:01:28 GMT","""52200-5d0df244cd4ac""",application/vnd.ms-excel,5d327416c0639eb851b132c85406afd0f7698ffacdd8e7201093347f9fc47f1d,downloaded
再編前,other,other,328-14_h27doboku.xls,328-14_h27doboku.xls,https://www.city.hamamatsu.shizuoka.jp/documents/53442/328-14_h27doboku.xls,https://www.city.hamamatsu.shizuoka.jp/gyousei/library/toukeisyo/004_h27-toukeisyo.html,2026-03-11T20:22:09.075478+09:00,200,239616,"Tue, 16 Nov 2021 03:01:29 GMT","""3a800-5d0df244f45ad""",application/vnd.ms-excel,7d1f74a6e00ed86ef37c83bc85c79485cc3fd2e19e96ca39df7df64fde4e3e2b,downloaded
再編前,other,other,328-15_h27hokeneisei-seisou.xls,328-15_h27hokeneisei-seisou.xls,https://www.city.hamamatsu.shizuoka.jp/documents/53442/328-15_h27hokeneisei-seisou.xls,https://www.city.hamamatsu.shizuoka.jp/gyousei/library/toukeisyo/004_h27-toukeisyo.html,2026-03-11T20:22:11.340478+09:00,200,310272,"Tue, 16 Nov 2021 03:01:29 GMT","""4bc00-5d0df245252ed""",application/vnd.ms-excel,d223ffc427fec120503574978d499a11a9de77e7be24e0028e5c5976d6407405,downloaded
再編前,other,other,328-16_h27kyouiku.xls,328-16_h27kyouiku.xls,https://www.city.hamamatsu.shizuoka.jp/documents/53442/328-16_h27kyouiku.xls,https://www.city.hamamatsu.shizuoka.jp/gyousei/library/toukeisyo/004_h27-toukeisyo.html,2026-03-11T20:22:13.512478+09:00,200,101888,"Tue, 16 Nov 2021 03:01:29 GMT","""18e00-5d0df24560055""",application/vnd.ms-excel,2c3bd850adb783f169005e9ecf6cc40e6de5c732edbd7ee511b803f3a64ae014,downloaded
再編前,other,other,328-17_h27bunka.xls,328-17_h27bunka.xls,https://www.city.hamamatsu.shizuoka.jp/documents/53442/328-17_h27bunka.xls,https://www.city.hamamatsu.shizuoka.jp/gyousei/library/toukeisyo/004_h27-toukeisyo.html,2026-03-11T20:22:15.497478+09:00,200,203264,"Tue, 16 Nov 2021 03:01:29 GMT","""31a00-5d0df24599a35""",application/vnd.ms-excel,689689063153187a5542cd07378e291ad0d7069f95a93c06657892e4a5e86d3d,downloaded
再編前,other,other,328-18_h27kouan-shihou.xls,328-18_h27kouan-shihou.xls,https://www.city.hamamatsu.shizuoka.jp/documents/53442/328-18_h27kouan-shihou.xls,https://www.city.hamamatsu.shizuoka.jp/gyousei/library/toukeisyo/004_h27-toukeisyo.html,2026-03-11T20:22:17.340478+09:00,200,174592,"Tue, 16 Nov 2021 03:01:29 GMT","""2aa00-5d0df245c93ed""",application/vnd.ms-excel,a68160af7101e5d1ecbe1c5dbd2e1759a85acbf4b897cc23c659ada0d99dce0b,downloaded
再編前,other,other,328-19_h27zaisei.xls,328-19_h27zaisei.xls,https://www.city.hamamatsu.shizuoka.jp/documents/53442/328-19_h27zaisei.xls,https://www.city.hamamatsu.shizuoka.jp/gyousei/library/toukeisyo/004_h27-toukeisyo.html,2026-03-11T20:22:19.434478+09:00,200,195072,"Tue, 16 Nov 2021 03:01:30 GMT","""2fa00-5d0df24603985""",application/vnd.ms-excel,50ae1e4e3b55680bb75302d6e8c05068bf60b1962a83b34789de794fa011147b,downloaded
再編前,other,other,328-20_h27gyousei.xls,328-20_h27gyousei.xls,https://www.city.hamamatsu.shizuoka.jp/documents/53442/328-20_h27gyousei.xls,https://www.city.hamamatsu.shizuoka.jp/gyousei/library/toukeisyo/004_h27-toukeisyo.html,2026-03-11T20:22:21.372478+09:00,200,221696,"Tue, 16 Nov 2021 03:01:30 GMT","""36200-5d0df2463d74d""",application/vnd.ms-excel,09c63192a04e231be0397e3e402cea3a71317a6e5256cc63c1c475dfde511d1d,downloaded
再編前,other,other,328-01_h26tochi-kisyou.xls,328-01_h26tochi-kisyou.xls,https://www.city.hamamatsu.shizuoka.jp/documents/44145/328-01_h26tochi-kisyou.xls,https://www.city.hamamatsu.shizuoka.jp/gyousei/library/toukeisyo/004_h26-toukeisyo.html,2026-03-11T20:22:23.153478+09:00,200,257536,"Tue, 16 Nov 2021 03:01:11 GMT","""3ee00-5d0df2349b0ce""",application/vnd.ms-excel,e470322b1e6160e971266400250ddc29b121d20fc93e6628457af702fd99adb3,downloaded
再編前,other,other,328-02_h26jinkou.xls,328-02_h26jinkou.xls,https://www.city.hamamatsu.shizuoka.jp/documents/44145/328-02_h26jinkou.xls,https://www.city.hamamatsu.shizuoka.jp/gyousei/library/toukeisyo/004_h26-toukeisyo.html,2026-03-11T20:22:25.090478+09:00,200,238080,"Tue, 16 Nov 2021 03:01:12 GMT","""3a200-5d0df234c25b6""",application/vnd.ms-excel,1bf563f2ac6f217bae14e12a3ac40091189b4ba49d26575ddb307c2c279bf98f,downloaded
再編前,other,other,328-03_h26jigyousyo.xls,328-03_h26jigyousyo.xls,https://www.city.hamamatsu.shizuoka.jp/documents/44145/328-03_h26jigyousyo.xls,https://www.city.hamamatsu.shizuoka.jp/gyousei/library/toukeisyo/004_h26-toukeisyo.html,2026-03-11T20:22:26.497478+09:00,200,81920,"Tue, 16 Nov 2021 03:01:12 GMT","""14000-5d0df234fdaee""",application/vnd.ms-excel,66b4f5c263240f6c2286d62ea2b6f73425d6c36fa4c3459238a0a062662e8f72,downloaded
再編前,other,04,328-04_h26nougyou-suisangyou.xls,328-04_h26nougyou-suisangyou.xls,https://www.city.hamamatsu.shizuoka.jp/documents/44145/328-04_h26nougyou-suisangyou.xls,https://www.city.hamamatsu.shizuoka.jp/gyousei/library/toukeisyo/004_h26-toukeisyo.html,2026-03-11T20:22:28.356478+09:00,200,183808,"Tue, 16 Nov 2021 03:01:12 GMT","""2ce00-5d0df2352e05e""",application/vnd.ms-excel,8ff439560d95b30b60becf1d9fd15cb9d5c2482eba1051c1dbab4930f3ed0e10,downloaded
再編前,other,other,328-05_h26kougyou.xls,328-05_h26kougyou.xls,https://www.city.hamamatsu.shizuoka.jp/documents/44145/328-05_h26kougyou.xls,https://www.city.hamamatsu.shizuoka.jp/gyousei/library/toukeisyo/004_h26-toukeisyo.html,2026-03-11T20:22:29.981478+09:00,200,107008,"Tue, 16 Nov 2021 03:01:12 GMT","""1a200-5d0df235685f6""",application/vnd.ms-excel,72788f6a8f2964197493a387c539827d5656522d9dcf916526bb92df8d29c9c1,downloaded
再編前,other,other,328-06_h26syougyou.xls,328-06_h26syougyou.xls,https://www.city.hamamatsu.shizuoka.jp/documents/44145/328-06_h26syougyou.xls,https://www.city.hamamatsu.shizuoka.jp/gyousei/library/toukeisyo/004_h26-toukeisyo.html,2026-03-11T20:22:31.606478+09:00,200,136192,"Tue, 16 Nov 2021 03:01:12 GMT","""21400-5d0df235a2b8e""",application/vnd.ms-excel,2397d1cdbf5d27c4e72cc0f230ac17aed82a3e4d5174e111d913facf3a3da759,downloaded
再編前,other,other,328-07_h26kinyuu.xls,328-07_h26kinyuu.xls,https://www.city.hamamatsu.shizuoka.jp/documents/44145/328-07_h26kinyuu.xls,https://www.city.hamamatsu.shizuoka.jp/gyousei/library/toukeisyo/004_h26-toukeisyo.html,2026-03-11T20:22:33.434478+09:00,200,145408,"Tue, 16 Nov 2021 03:01:13 GMT","""23800-5d0df235d2d16""",application/vnd.ms-excel,7a4529d3f2167a20bbdeee540c1bbd3ed06d3903a4acb3780675a243ba92bfc3,downloaded
再編前,other,other,3287-08_h26denki-gasu-suidou.xls,3287-08_h26denki-gasu-suidou.xls,https://www.city.hamamatsu.shizuoka.jp/documents/44145/3287-08_h26denki-gasu-suidou.xls,https://www.city.hamamatsu.shizuoka.jp/gyousei/library/toukeisyo/004_h26-toukeisyo.html,2026-03-11T20:22:34.918478+09:00,200,114176,"Tue, 16 Nov 2021 03:01:13 GMT","""1be00-5d0df2360af87""",application/vnd.ms-excel,38808609b610d52394e85384ba2ca7d8390bba60ad0ee677133cdeb86afc1736,downloaded
再編前,other,other,328-09_h26unyu-tuusin.xls,328-09_h26unyu-tuusin.xls,https://www.city.hamamatsu.shizuoka.jp/documents/44145/328-09_h26unyu-tuusin.xls,https://www.city.hamamatsu.shizuoka.jp/gyousei/library/toukeisyo/004_h26-toukeisyo.html,2026-03-11T20:22:37.247478+09:00,200,189952,"Tue, 16 Nov 2021 03:01:13 GMT","""2e600-5d0df2364551f""",application/vnd.ms-excel,070e9a283dff6ec0e36f7fd0c662d99c35cfbfa36176dc90eedd11d36a12ec57,downloaded
再編前,other,10,328-10_h26kenminsyotoku.xls,328-10_h26kenminsyotoku.xls,https://www.city.hamamatsu.shizuoka.jp/documents/44145/328-10_h26kenminsyotoku.xls,https://www.city.hamamatsu.shizuoka.jp/gyousei/library/toukeisyo/004_h26-toukeisyo.html,2026-03-11T20:22:38.747478+09:00,200,60416,"Tue, 16 Nov 2021 03:01:13 GMT","""ec00-5d0df2367df5f""",application/vnd.ms-excel,69118f4313f98112069d90b2525a32ccff8371db62d8a10d26d0f94cd2d46422,downloaded
再編前,other,other,328-11_h26shiminseikatsu.xls,328-11_h26shiminseikatsu.xls,https://www.city.hamamatsu.shizuoka.jp/documents/44145/328-11_h26shiminseikatsu.xls,https://www.city.hamamatsu.shizuoka.jp/gyousei/library/toukeisyo/004_h26-toukeisyo.html,2026-03-11T20:22:40.575478+09:00,200,150016,"Tue, 16 Nov 2021 03:01:14 GMT","""24a00-5d0df236ac58f""",application/vnd.ms-excel,8e2ae2b55f5a7c169c54277676293c93315bd96ba579120cbc13f0c0ad841000,downloaded
再編前,other,other,328-12_h26roudou.xls,328-12_h26roudou.xls,https://www.city.hamamatsu.shizuoka.jp/documents/44145/328-12_h26roudou.xls,https://www.city.hamamatsu.shizuoka.jp/gyousei/library/toukeisyo/004_h26-toukeisyo.html,2026-03-11T20:22:42.153478+09:00,200,212992,"Tue, 16 Nov 2021 03:01:14 GMT","""34000-5d0df236e8297""",application/vnd.ms-excel,5f12a42d57854aefcd5caa8d224fcd7cf4249ac7c039d257191219b651374743,downloaded
再編前,other,other,328-13_h26syakaifukushi.xls,328-13_h26syakaifukushi.xls,https://www.city.hamamatsu.shizuoka.jp/documents/44145/328-13_h26syakaifukushi.xls,https://www.city.hamamatsu.shizuoka.jp/gyousei/library/toukeisyo/004_h26-toukeisyo.html,2026-03-11T20:22:43.997478+09:00,200,312832,"Tue, 16 Nov 2021 03:01:14 GMT","""4c600-5d0df23724b57""",application/vnd.ms-excel,75f7f8e2a834ed405564aa2612a327602d335462307a307e28c086deef7bdf1e,downloaded
再編前,other,other,328-14_h26dobokukensetsu-jyuukyo.xls,328-14_h26dobokukensetsu-jyuukyo.xls,https://www.city.hamamatsu.shizuoka.jp/documents/44145/328-14_h26dobokukensetsu-jyuukyo.xls,https://www.city.hamamatsu.shizuoka.jp/gyousei/library/toukeisyo/004_h26-toukeisyo.html,2026-03-11T20:22:45.653478+09:00,200,211968,"Tue, 16 Nov 2021 03:01:14 GMT","""33c00-5d0df2375f4d7""",application/vnd.ms-excel,d9c3101659f164346438c83360a522182a566bc814b20ce96b418891f0c0ef05,downloaded
再編前,other,other,328-15_h26hokeneisei.xls,328-15_h26hokeneisei.xls,https://www.city.hamamatsu.shizuoka.jp/documents/44145/328-15_h26hokeneisei.xls,https://www.city.hamamatsu.shizuoka.jp/gyousei/library/toukeisyo/004_h26-toukeisyo.html,2026-03-11T20:22:47.450478+09:00,200,316928,"Tue, 16 Nov 2021 03:01:15 GMT","""4d600-5d0df2379d507""",application/vnd.ms-excel,ff05a5113e273fd2879543b1422dee27187473f2a3a2ad8cceb31475183cc772,downloaded
再編前,other,other,328-16_h26kyouiku.xls,328-16_h26kyouiku.xls,https://www.city.hamamatsu.shizuoka.jp/documents/44145/328-16_h26kyouiku.xls,https://www.city.hamamatsu.shizuoka.jp/gyousei/library/toukeisyo/004_h26-toukeisyo.html,2026-03-11T20:22:49.340478+09:00,200,101888,"Tue, 16 Nov 2021 03:01:15 GMT","""18e00-5d0df237d8a3f""",application/vnd.ms-excel,027ab1cdada1f1508ebb8df83cec014781d4d222c9a6a441b67cc48648853e4f,downloaded
再編前,other,other,328-17_h26bunka.xls,328-17_h26bunka.xls,https://www.city.hamamatsu.shizuoka.jp/documents/44145/328-17_h26bunka.xls,https://www.city.hamamatsu.shizuoka.jp/gyousei/library/toukeisyo/004_h26-toukeisyo.html,2026-03-11T20:22:50.918478+09:00,200,227840,"Tue, 16 Nov 2021 03:01:15 GMT","""37a00-5d0df23812bef""",application/vnd.ms-excel,344b09d69995730ffdfd8447b0e1a539e68a362c0b702c21508734f9f37b4cda,downloaded
再編前,other,other,328-18_h26kouan-shihou.xls,328-18_h26kouan-shihou.xls,https://www.city.hamamatsu.shizuoka.jp/documents/44145/328-18_h26kouan-shihou.xls,https://www.city.hamamatsu.shizuoka.jp/gyousei/library/toukeisyo/004_h26-toukeisyo.html,2026-03-11T20:22:53.637478+09:00,200,198144,"Tue, 16 Nov 2021 03:01:15 GMT","""30600-5d0df2384298f""",application/vnd.ms-excel,cfa196e2e5c9effca92e0da6e7062c6f6c15555c5d8792356266aa2cc2a65aaf,downloaded
再編前,other,other,328-19_h26zaisei.xls,328-19_h26zaisei.xls,https://www.city.hamamatsu.shizuoka.jp/documents/44145/328-19_h26zaisei.xls,https://www.city.hamamatsu.shizuoka.jp/gyousei/library/toukeisyo/004_h26-toukeisyo.html,2026-03-11T20:22:55.934478+09:00,200,198656,"Tue, 16 Nov 2021 03:01:15 GMT","""30800-5d0df2387bf88""",application/vnd.ms-excel,139a4ed6c8ac9fead975ca4e140b03601975bea303878ec982e77cc977fb1a70,downloaded
再編前,other,other,328-20_h26gyousei.xls,328-20_h26gyousei.xls,https://www.city.hamamatsu.shizuoka.jp/documents/44145/328-20_h26gyousei.xls,https://www.city.hamamatsu.shizuoka.jp/gyousei/library/toukeisyo/004_h26-toukeisyo.html,2026-03-11T20:22:59.247478+09:00,200,212992,"Tue, 16 Nov 2021 03:01:16 GMT","""34000-5d0df238b9018""",application/vnd.ms-excel,c3f7c1cf474741f1a603c2ab394320811cac187aa8729808908600133ce1208f,downloaded
再編前,other,other,329-01_h25tochi-kisyou.xls,329-01_h25tochi-kisyou.xls,https://www.city.hamamatsu.shizuoka.jp/documents/3781/329-01_h25tochi-kisyou.xls,https://www.city.hamamatsu.shizuoka.jp/gyousei/library/toukeisyo/004_h25-toukeisyo.html,2026-03-11T20:23:01.715478+09:00,200,268288,"Fri, 10 Apr 2015 03:03:58 GMT","""41800-5135603f42380""",application/vnd.ms-excel,c5e846bbd8de031e3b42869f66812efca1bc2098f962b5c3018cccb75fab4261,downloaded
再編前,other,other,329-02_h25jinkou.xls,329-02_h25jinkou.xls,https://www.city.hamamatsu.shizuoka.jp/documents/3781/329-02_h25jinkou.xls,https://www.city.hamamatsu.shizuoka.jp/gyousei/library/toukeisyo/004_h25-toukeisyo.html,2026-03-11T20:23:03.840478+09:00,200,266752,"Fri, 10 Apr 2015 03:03:58 GMT","""41200-5135603f42380""",application/vnd.ms-excel,b704ee3cce45e99ea006589a4194e13fed0ca405eec3eac0ec69e5633cc894c9,downloaded
再編前,other,other,329-03_h25jigyousyo.xls,329-03_h25jigyousyo.xls,https://www.city.hamamatsu.shizuoka.jp/documents/3781/329-03_h25jigyousyo.xls,https://www.city.hamamatsu.shizuoka.jp/gyousei/library/toukeisyo/004_h25-toukeisyo.html,2026-03-11T20:23:05.981478+09:00,200,83456,"Fri, 10 Apr 2015 03:03:59 GMT","""14600-51356040365c0""",application/vnd.ms-excel,9133133bc3fee04f6901f12f80ca55d979d33494f85f9e6d04a99ac63b4ceee0,downloaded
再編前,other,04,329-04_h25nougyou-suisangyou.xls,329-04_h25nougyou-suisangyou.xls,https://www.city.hamamatsu.shizuoka.jp/documents/3781/329-04_h25nougyou-suisangyou.xls,https://www.city.hamamatsu.shizuoka.jp/gyousei/library/toukeisyo/004_h25-toukeisyo.html,2026-03-11T20:23:07.653478+09:00,200,199168,"Fri, 10 Apr 2015 03:03:59 GMT","""30a00-51356040365c0""",application/vnd.ms-excel,36ecda1436ce9700a19a6bff42cafcdef629b4cc17927007c918e095483a6231,downloaded
再編前,other,other,329-05_h25kougyou.xls,329-05_h25kougyou.xls,https://www.city.hamamatsu.shizuoka.jp/documents/3781/329-05_h25kougyou.xls,https://www.city.hamamatsu.shizuoka.jp/gyousei/library/toukeisyo/004_h25-toukeisyo.html,2026-03-11T20:23:09.762478+09:00,200,105472,"Fri, 10 Apr 2015 03:03:59 GMT","""19c00-51356040365c0""",application/vnd.ms-excel,01055c26192456bec3785d87f8161ae4c0248e1e73b39c73e270e0acff44047a,downloaded
再編前,other,other,329-06_h25syougyou.xls,329-06_h25syougyou.xls,https://www.city.hamamatsu.shizuoka.jp/documents/3781/329-06_h25syougyou.xls,https://www.city.hamamatsu.shizuoka.jp/gyousei/library/toukeisyo/004_h25-toukeisyo.html,2026-03-11T20:23:11.590478+09:00,200,136192,"Fri, 10 Apr 2015 03:03:59 GMT","""21400-51356040365c0""",application/vnd.ms-excel,7fdeeb011a5f3b09536b7ef2565f6d1c44482c33d78c409aa0c4497ce44a4c57,downloaded
再編前,other,other,329-07_h25kinyuu.xls,329-07_h25kinyuu.xls,https://www.city.hamamatsu.shizuoka.jp/documents/3781/329-07_h25kinyuu.xls,https://www.city.hamamatsu.shizuoka.jp/gyousei/library/toukeisyo/004_h25-toukeisyo.html,2026-03-11T20:23:13.325478+09:00,200,148992,"Fri, 10 Apr 2015 03:03:59 GMT","""24600-51356040365c0""",application/vnd.ms-excel,33a9afa3b31416bf279307979687562beff233384bbb1adef45abb0e1b037b1b,downloaded
再編前,other,other,329-08_h25denki-gasu-suidou.xls,329-08_h25denki-gasu-suidou.xls,https://www.city.hamamatsu.shizuoka.jp/documents/3781/329-08_h25denki-gasu-suidou.xls,https://www.city.hamamatsu.shizuoka.jp/gyousei/library/toukeisyo/004_h25-toukeisyo.html,2026-03-11T20:23:15.200478+09:00,200,113664,"Fri, 10 Apr 2015 03:03:59 GMT","""1bc00-51356040365c0""",application/vnd.ms-excel,910a59a995bbc11832e0ce6fee29950ce2ae90eb795cc3d562be3eafe5d03d64,downloaded
再編前,other,other,329-09_h25unyu-tuusin.xls,329-09_h25unyu-tuusin.xls,https://www.city.hamamatsu.shizuoka.jp/documents/3781/329-09_h25unyu-tuusin.xls,https://www.city.hamamatsu.shizuoka.jp/gyousei/library/toukeisyo/004_h25-toukeisyo.html,2026-03-11T20:23:17.075478+09:00,200,212992,"Fri, 10 Apr 2015 03:04:00 GMT","""34000-513560412a800""",application/vnd.ms-excel,4eb5b508d670594622b27946326db85792c8f889a20836d8bda4c9afcea0404e,downloaded
再編前,other,10,329-10_h25kenminsyotoku.xls,329-10_h25kenminsyotoku.xls,https://www.city.hamamatsu.shizuoka.jp/documents/3781/329-10_h25kenminsyotoku.xls,https://www.city.hamamatsu.shizuoka.jp/gyousei/library/toukeisyo/004_h25-toukeisyo.html,2026-03-11T20:23:18.762478+09:00,200,60416,"Fri, 10 Apr 2015 03:04:00 GMT","""ec00-513560412a800""",application/vnd.ms-excel,2776a9929f8cc163be3140f5e3afdcc8f0b8bd9d544b821a9cd5782ba81232fa,downloaded
再編前,other,other,329-11_h25shiminseikatsu.xls,329-11_h25shiminseikatsu.xls,https://www.city.hamamatsu.shizuoka.jp/documents/3781/329-11_h25shiminseikatsu.xls,https://www.city.hamamatsu.shizuoka.jp/gyousei/library/toukeisyo/004_h25-toukeisyo.html,2026-03-11T20:23:20.278478+09:00,200,163328,"Fri, 10 Apr 2015 03:04:00 GMT","""27e00-513560412a800""",application/vnd.ms-excel,82abda1e24faec3b81be8c3b3251ab10672de6115117bbf758c5639d56c28975,downloaded
再編前,other,other,329-12_h25roudou.xls,329-12_h25roudou.xls,https://www.city.hamamatsu.shizuoka.jp/documents/3781/329-12_h25roudou.xls,https://www.city.hamamatsu.shizuoka.jp/gyousei/library/toukeisyo/004_h25-toukeisyo.html,2026-03-11T20:23:22.340478+09:00,200,222720,"Fri, 10 Apr 2015 03:04:00 GMT","""36600-513560412a800""",application/vnd.ms-excel,c2fa2251372c6f4467e61d0afc50f777ead2593ca32015c76827be45a611accb,downloaded
再編前,other,other,328-13_h25syakaifukushi.xls,328-13_h25syakaifukushi.xls,https://www.city.hamamatsu.shizuoka.jp/documents/3781/328-13_h25syakaifukushi.xls,https://www.city.hamamatsu.shizuoka.jp/gyousei/library/toukeisyo/004_h25-toukeisyo.html,2026-03-11T20:23:24.512478+09:00,200,347136,"Fri, 10 Apr 2015 03:04:00 GMT","""54c00-513560412a800""",application/vnd.ms-excel,69a8ebbdc4929635623ea19623585de75c0470f30b89b8ca0c200567adf767ad,downloaded
再編前,other,other,329-14_h25dobokukensetsu-jyuukyo.xls,329-14_h25dobokukensetsu-jyuukyo.xls,https://www.city.hamamatsu.shizuoka.jp/documents/3781/329-14_h25dobokukensetsu-jyuukyo.xls,https://www.city.hamamatsu.shizuoka.jp/gyousei/library/toukeisyo/004_h25-toukeisyo.html,2026-03-11T20:23:26.450478+09:00,200,280064,"Fri, 10 Apr 2015 03:04:00 GMT","""44600-513560412a800""",application/vnd.ms-excel,359ee39ecef384491ad9b7462fc686759067503fec29c9bcd26a4230f448a179,downloaded
再編前,other,other,328-15_h25hokeneisei-seisou.xls,328-15_h25hokeneisei-seisou.xls,https://www.city.hamamatsu.shizuoka.jp/documents/3781/328-15_h25hokeneisei-seisou.xls,https://www.city.hamamatsu.shizuoka.jp/gyousei/library/toukeisyo/004_h25-toukeisyo.html,2026-03-11T20:23:28.293478+09:00,200,331776,"Fri, 10 Apr 2015 03:04:01 GMT","""51000-513560421ea40""",application/vnd.ms-excel,8202a5478dba7b831c6129a399923d7418faece6e02d1b6722cdba0452546f8d,downloaded
再編前,other,other,329-16_h25kyouiku.xls,329-16_h25kyouiku.xls,https://www.city.hamamatsu.shizuoka.jp/documents/3781/329-16_h25kyouiku.xls,https://www.city.hamamatsu.shizuoka.jp/gyousei/library/toukeisyo/004_h25-toukeisyo.html,2026-03-11T20:23:30.090478+09:00,200,100352,"Fri, 10 Apr 2015 03:04:01 GMT","""18800-513560421ea40""",application/vnd.ms-excel,917608b886eb5671c55330b20010863fb56c107a2975c21d4db3e90f1bb2eda1,downloaded
再編前,other,other,329-17_h25bunka.xls,329-17_h25bunka.xls,https://www.city.hamamatsu.shizuoka.jp/documents/3781/329-17_h25bunka.xls,https://www.city.hamamatsu.shizuoka.jp/gyousei/library/toukeisyo/004_h25-toukeisyo.html,2026-03-11T20:23:32.153478+09:00,200,215040,"Fri, 10 Apr 2015 03:04:01 GMT","""34800-513560421ea40""",application/vnd.ms-excel,00bc964cabce473a3ebbeb4c5a4f716313890a537a936c560ffbcbe7f720ab3a,downloaded
再編前,other,other,329-18_h25kouan-shihou.xls,329-18_h25kouan-shihou.xls,https://www.city.hamamatsu.shizuoka.jp/documents/3781/329-18_h25kouan-shihou.xls,https://www.city.hamamatsu.shizuoka.jp/gyousei/library/toukeisyo/004_h25-toukeisyo.html,2026-03-11T20:23:36.012478+09:00,200,178688,"Fri, 10 Apr 2015 03:04:01 GMT","""2ba00-513560421ea40""",application/vnd.ms-excel,671f041a8668df23dae3bc908043e4faf414799fbe10e4e36c7ec7ad2d9ea54d,downloaded
再編前,other,other,329-19_h25zaisei.xls,329-19_h25zaisei.xls,https://www.city.hamamatsu.shizuoka.jp/documents/3781/329-19_h25zaisei.xls,https://www.city.hamamatsu.shizuoka.jp/gyousei/library/toukeisyo/004_h25-toukeisyo.html,2026-03-11T20:23:39.215478+09:00,200,202752,"Fri, 10 Apr 2015 03:04:01 GMT","""31800-513560421ea40""",application/vnd.ms-excel,8840f7644ec57353715096e3e7717a69b8c125e610df7c4fb7c369c31c854e97,downloaded
再編前,other,other,329-20_h25gyousei.xls,329-20_h25gyousei.xls,https://www.city.hamamatsu.shizuoka.jp/documents/3781/329-20_h25gyousei.xls,https://www.city.hamamatsu.shizuoka.jp/gyousei/library/toukeisyo/004_h25-toukeisyo.html,2026-03-11T20:23:42.247478+09:00,200,218624,"Fri, 10 Apr 2015 03:04:02 GMT","""35600-5135604312c80""",application/vnd.ms-excel,c1b9a8d00086b46cd0636531ff1178585b1ba74a8ecbaa1263f03eaccaa40f46,downloaded
再編前,other,other,329-01_h24tochi-kisyou.xls,329-01_h24tochi-kisyou.xls,https://www.city.hamamatsu.shizuoka.jp/documents/35104/329-01_h24tochi-kisyou.xls,https://www.city.hamamatsu.shizuoka.jp/gyousei/library/toukeisyo/004_h24-toukeisyo.html,2026-03-11T20:23:44.934478+09:00,200,261120,"Fri, 10 Apr 2015 03:03:22 GMT","""3fc00-5135601ced280""",application/vnd.ms-excel,a8396962155aa049fcc9ddde9f5080a2d0a034bba9e9a97de1be9ce29f6d83c5,downloaded
再編前,other,other,329-02_h24jinkou.xls,329-02_h24jinkou.xls,https://www.city.hamamatsu.shizuoka.jp/documents/35104/329-02_h24jinkou.xls,https://www.city.hamamatsu.shizuoka.jp/gyousei/library/toukeisyo/004_h24-toukeisyo.html,2026-03-11T20:23:50.418478+09:00,200,351744,"Fri, 10 Apr 2015 03:03:22 GMT","""55e00-5135601ced280""",application/vnd.ms-excel,d0ae6c2ede0dca4f5fc687810bc37c50f3b771dba135a0e9143f0a81ddc1dd56,downloaded
再編前,other,other,329-03_h24jigyousyo.xls,329-03_h24jigyousyo.xls,https://www.city.hamamatsu.shizuoka.jp/documents/35104/329-03_h24jigyousyo.xls,https://www.city.hamamatsu.shizuoka.jp/gyousei/library/toukeisyo/004_h24-toukeisyo.html,2026-03-11T20:23:52.387478+09:00,200,84480,"Fri, 10 Apr 2015 03:03:22 GMT","""14a00-5135601ced280""",application/vnd.ms-excel,e8ad93b18563765d98a8483d1cb0b6d2d5463b969ac9d46f28950826aa310064,downloaded
再編前,other,04,329-04_h24nougyou-suisangyou.xls,329-04_h24nougyou-suisangyou.xls,https://www.city.hamamatsu.shizuoka.jp/documents/35104/329-04_h24nougyou-suisangyou.xls,https://www.city.hamamatsu.shizuoka.jp/gyousei/library/toukeisyo/004_h24-toukeisyo.html,2026-03-11T20:23:54.950478+09:00,200,306176,"Fri, 10 Apr 2015 03:03:22 GMT","""4ac00-5135601ced280""",application/vnd.ms-excel,3f2a546399ea793d380042c9db0956aae5c8a87ec52267b667052096d588d15a,downloaded
再編前,other,other,329-05_h24kougyou.xls,329-05_h24kougyou.xls,https://www.city.hamamatsu.shizuoka.jp/documents/35104/329-05_h24kougyou.xls,https://www.city.hamamatsu.shizuoka.jp/gyousei/library/toukeisyo/004_h24-toukeisyo.html,2026-03-11T20:23:57.012478+09:00,200,114176,"Fri, 10 Apr 2015 03:03:23 GMT","""1be00-5135601de14c0""",application/vnd.ms-excel,61d3cebf17059b3bdfae3789b45f403e33536c0563833d0e82841c2b7569bc55,downloaded
再編前,other,other,329-06_h24syougyou.xls,329-06_h24syougyou.xls,https://www.city.hamamatsu.shizuoka.jp/documents/35104/329-06_h24syougyou.xls,https://www.city.hamamatsu.shizuoka.jp/gyousei/library/toukeisyo/004_h24-toukeisyo.html,2026-03-11T20:24:00.387478+09:00,200,148992,"Fri, 10 Apr 2015 03:03:23 GMT","""24600-5135601de14c0""",application/vnd.ms-excel,fcea35663414c01a36771d1ad36c97233670358a466246049a8efd7143703498,downloaded
再編前,other,other,329-07_h24kinyuu.xls,329-07_h24kinyuu.xls,https://www.city.hamamatsu.shizuoka.jp/documents/35104/329-07_h24kinyuu.xls,https://www.city.hamamatsu.shizuoka.jp/gyousei/library/toukeisyo/004_h24-toukeisyo.html,2026-03-11T20:24:07.293478+09:00,200,236032,"Fri, 10 Apr 2015 03:03:23 GMT","""39a00-5135601de14c0""",application/vnd.ms-excel,9d238b42551ea74101f273b9dccec0db855ff51f3999347b834c1698eac0acda,downloaded
再編前,other,other,329-08_h24denki-gasu-suidou.xls,329-08_h24denki-gasu-suidou.xls,https://www.city.hamamatsu.shizuoka.jp/documents/35104/329-08_h24denki-gasu-suidou.xls,https://www.city.hamamatsu.shizuoka.jp/gyousei/library/toukeisyo/004_h24-toukeisyo.html,2026-03-11T20:24:09.543478+09:00,200,177152,"Fri, 10 Apr 2015 03:03:23 GMT","""2b400-5135601de14c0""",application/vnd.ms-excel,d62f8a464a42b9bc4be4f512a3062eb5689044f4307e6fb97a695c824f7c72dc,downloaded
再編前,other,other,329-09_h24unyu-tuusin.xls,329-09_h24unyu-tuusin.xls,https://www.city.hamamatsu.shizuoka.jp/documents/35104/329-09_h24unyu-tuusin.xls,https://www.city.hamamatsu.shizuoka.jp/gyousei/library/toukeisyo/004_h24-toukeisyo.html,2026-03-11T20:24:17.372478+09:00,200,357376,"Fri, 10 Apr 2015 03:03:23 GMT","""57400-5135601de14c0""",application/vnd.ms-excel,bccdd02b285ea4fe6f183d3404390871f0b90d15cc476b7fe94340c6821a69a3,downloaded
再編前,other,10,329-10_h24kenminsyotoku.xls,329-10_h24kenminsyotoku.xls,https://www.city.hamamatsu.shizuoka.jp/documents/35104/329-10_h24kenminsyotoku.xls,https://www.city.hamamatsu.shizuoka.jp/gyousei/library/toukeisyo/004_h24-toukeisyo.html,2026-03-11T20:24:19.622478+09:00,200,79360,"Fri, 10 Apr 2015 03:03:23 GMT","""13600-5135601de14c0""",application/vnd.ms-excel,faba273822b0aef1d51e828fe1f81791629abaa7ffa79775aa8e9d5403e52302,downloaded
再編前,other,other,329-11_h24shiminseikatsu.xls,329-11_h24shiminseikatsu.xls,https://www.city.hamamatsu.shizuoka.jp/documents/35104/329-11_h24shiminseikatsu.xls,https://www.city.hamamatsu.shizuoka.jp/gyousei/library/toukeisyo/004_h24-toukeisyo.html,2026-03-11T20:24:21.637478+09:00,200,248832,"Fri, 10 Apr 2015 03:03:24 GMT","""3cc00-5135601ed5700""",application/vnd.ms-excel,254e2b5b419528d1ec46076ef4569f3d292d0766695fa3bf5c369e5ad388f1eb,downloaded
再編前,other,other,329-12_h24roudou.xls,329-12_h24roudou.xls,https://www.city.hamamatsu.shizuoka.jp/documents/35104/329-12_h24roudou.xls,https://www.city.hamamatsu.shizuoka.jp/gyousei/library/toukeisyo/004_h24-toukeisyo.html,2026-03-11T20:24:28.903478+09:00,200,397312,"Fri, 10 Apr 2015 03:03:24 GMT","""61000-5135601ed5700""",application/vnd.ms-excel,0884cecb8c85b3bfb867a7e788efb8ac7950ae5c49e942524d512f8621c8454b,downloaded
再編前,other,other,329-13_h24syakaifukushi.xls,329-13_h24syakaifukushi.xls,https://www.city.hamamatsu.shizuoka.jp/documents/35104/329-13_h24syakaifukushi.xls,https://www.city.hamamatsu.shizuoka.jp/gyousei/library/toukeisyo/004_h24-toukeisyo.html,2026-03-11T20:24:38.153478+09:00,200,553472,"Fri, 10 Apr 2015 03:03:24 GMT","""87200-5135601ed5700""",application/vnd.ms-excel,de324f1fbf971c157db188d4eb6cda5d64ef91860e7af839eac756a25c86b065,downloaded
再編前,other,other,329-14_h24dobokukensetsu-jyuukyo.xls,329-14_h24dobokukensetsu-jyuukyo.xls,https://www.city.hamamatsu.shizuoka.jp/documents/35104/329-14_h24dobokukensetsu-jyuukyo.xls,https://www.city.hamamatsu.shizuoka.jp/gyousei/library/toukeisyo/004_h24-toukeisyo.html,2026-03-11T20:24:44.247478+09:00,200,493056,"Fri, 10 Apr 2015 03:03:24 GMT","""78600-5135601ed5700""",application/vnd.ms-excel,eaa42aca87ec3dfec1034b3db69a37c3ef8e1a0cfb56460eff1d5ab2ccfa0a2c,downloaded
再編前,other,other,329-15_h24hokeneisei-seisou.xls,329-15_h24hokeneisei-seisou.xls,https://www.city.hamamatsu.shizuoka.jp/documents/35104/329-15_h24hokeneisei-seisou.xls,https://www.city.hamamatsu.shizuoka.jp/gyousei/library/toukeisyo/004_h24-toukeisyo.html,2026-03-11T20:24:47.090478+09:00,200,568320,"Fri, 10 Apr 2015 03:03:24 GMT","""8ac00-5135601ed5700""",application/vnd.ms-excel,aa25fbdff252d3648cd3da2a7137772fb85fa6357230c99942e2a653e9841060,downloaded
再編前,other,other,329-16_h24kyouiku.xls,329-16_h24kyouiku.xls,https://www.city.hamamatsu.shizuoka.jp/documents/35104/329-16_h24kyouiku.xls,https://www.city.hamamatsu.shizuoka.jp/gyousei/library/toukeisyo/004_h24-toukeisyo.html,2026-03-11T20:24:48.950478+09:00,200,168960,"Fri, 10 Apr 2015 03:03:24 GMT","""29400-5135601ed5700""",application/vnd.ms-excel,dcab9de3f9f403526cc79f74c508191337bc2262f7a6bf7c12c4088e4f7c1ded,downloaded
再編前,other,other,329-17_h24bunka.xls,329-17_h24bunka.xls,https://www.city.hamamatsu.shizuoka.jp/documents/35104/329-17_h24bunka.xls,https://www.city.hamamatsu.shizuoka.jp/gyousei/library/toukeisyo/004_h24-toukeisyo.html,2026-03-11T20:24:51.090478+09:00,200,377856,"Fri, 10 Apr 2015 03:03:25 GMT","""5c400-5135601fc9940""",application/vnd.ms-excel,00024fdb0d744e6b4ba3ead1496ed8694fc06c2fb9a2549e85d7def88a4eb0e3,downloaded
再編前,other,other,329-18_h24kouan-shihou.xls,329-18_h24kouan-shihou.xls,https://www.city.hamamatsu.shizuoka.jp/documents/35104/329-18_h24kouan-shihou.xls,https://www.city.hamamatsu.shizuoka.jp/gyousei/library/toukeisyo/004_h24-toukeisyo.html,2026-03-11T20:24:53.293478+09:00,200,302080,"Fri, 10 Apr 2015 03:03:25 GMT","""49c00-5135601fc9940""",application/vnd.ms-excel,9318aceb1f47ff730db982279db87f1928e61cbbbb2d23cdb0b148cccdd0fbef,downloaded
再編前,other,other,329-19_h24zaisei.xls,329-19_h24zaisei.xls,https://www.city.hamamatsu.shizuoka.jp/documents/35104/329-19_h24zaisei.xls,https://www.city.hamamatsu.shizuoka.jp/gyousei/library/toukeisyo/004_h24-toukeisyo.html,2026-03-11T20:24:55.106478+09:00,200,353280,"Fri, 10 Apr 2015 03:03:25 GMT","""56400-5135601fc9940""",application/vnd.ms-excel,1043666317107b751e45ba7c61c4e603f71f4e546084e0e2b8427858626df0f7,downloaded
再編前,other,other,329-20_h24gyousei.xls,329-20_h24gyousei.xls,https://www.city.hamamatsu.shizuoka.jp/documents/35104/329-20_h24gyousei.xls,https://www.city.hamamatsu.shizuoka.jp/gyousei/library/toukeisyo/004_h24-toukeisyo.html,2026-03-11T20:24:57.731478+09:00,200,350208,"Fri, 10 Apr 2015 03:03:25 GMT","""55800-5135601fc9940""",application/vnd.ms-excel,50aba63d519c72e187e3b8363b4da7ec5a1ab95a491cb64767118b4f04e8d09b,downloaded
再編前,other,other,329-01_h23tochi-kisyou.xls,329-01_h23tochi-kisyou.xls,https://www.city.hamamatsu.shizuoka.jp/documents/3782/329-01_h23tochi-kisyou.xls,https://www.city.hamamatsu.shizuoka.jp/gyousei/library/toukeisyo/004_h23toukeisyo.html,2026-03-11T20:24:59.747478+09:00,200,260608,"Wed, 12 Aug 2015 06:28:22 GMT","""3fa00-51d1753446d80""",application/vnd.ms-excel,04f90982aac5e7606548c28aa606d28330b58e9693b4ea2bb94f01ac397cb579,downloaded
再編前,other,other,329-02_h23jinkou.xls,329-02_h23jinkou.xls,https://www.city.hamamatsu.shizuoka.jp/documents/3782/329-02_h23jinkou.xls,https://www.city.hamamatsu.shizuoka.jp/gyousei/library/toukeisyo/004_h23toukeisyo.html,2026-03-11T20:25:01.731478+09:00,200,331776,"Wed, 12 Aug 2015 06:28:22 GMT","""51000-51d1753446d80""",application/vnd.ms-excel,aa05941960f493d47ace5deb39e3cccab3877b1617cc85ec3a0335340a5cc369,downloaded
再編前,other,other,329-03_h23jigyousyo.xls,329-03_h23jigyousyo.xls,https://www.city.hamamatsu.shizuoka.jp/documents/3782/329-03_h23jigyousyo.xls,https://www.city.hamamatsu.shizuoka.jp/gyousei/library/toukeisyo/004_h23toukeisyo.html,2026-03-11T20:25:03.215478+09:00,200,49152,"Wed, 12 Aug 2015 06:28:23 GMT","""c000-51d175353afc0""",application/vnd.ms-excel,73155e940c954e9df0b25dbb69d6bd04dfc3b416c78c4c6c7f6a5a50ea766356,downloaded
再編前,other,04,329-04_h23nougyou-suisangyou.xls,329-04_h23nougyou-suisangyou.xls,https://www.city.hamamatsu.shizuoka.jp/documents/3782/329-04_h23nougyou-suisangyou.xls,https://www.city.hamamatsu.shizuoka.jp/gyousei/library/toukeisyo/004_h23toukeisyo.html,2026-03-11T20:25:05.153478+09:00,200,303616,"Wed, 12 Aug 2015 06:28:23 GMT","""4a200-51d175353afc0""",application/vnd.ms-excel,cb7791d094dfafce5de8602ed9949da78372b54d5d16f36afd7a4e7746a6adb0,downloaded
再編前,other,other,329-05_h23kougyou.xls,329-05_h23kougyou.xls,https://www.city.hamamatsu.shizuoka.jp/documents/3782/329-05_h23kougyou.xls,https://www.city.hamamatsu.shizuoka.jp/gyousei/library/toukeisyo/004_h23toukeisyo.html,2026-03-11T20:25:06.793478+09:00,200,114688,"Wed, 12 Aug 2015 06:28:23 GMT","""1c000-51d175353afc0""",application/vnd.ms-excel,f8a93031f2e42155561850801c616d0bb2076b3a24938aaf66af2cf83500a05b,downloaded
再編前,other,other,329-06_h23syougyou.xls,329-06_h23syougyou.xls,https://www.city.hamamatsu.shizuoka.jp/documents/3782/329-06_h23syougyou.xls,https://www.city.hamamatsu.shizuoka.jp/gyousei/library/toukeisyo/004_h23toukeisyo.html,2026-03-11T20:25:08.434478+09:00,200,136704,"Wed, 12 Aug 2015 06:28:23 GMT","""21600-51d175353afc0""",application/vnd.ms-excel,0580d52c8d342094863a02b53af370ccbf422f61578792e03e79f9e774e4b31b,downloaded
再編前,other,other,329-07_h23kinyuu.xls,329-07_h23kinyuu.xls,https://www.city.hamamatsu.shizuoka.jp/documents/3782/329-07_h23kinyuu.xls,https://www.city.hamamatsu.shizuoka.jp/gyousei/library/toukeisyo/004_h23toukeisyo.html,2026-03-11T20:25:10.153478+09:00,200,213504,"Wed, 12 Aug 2015 06:28:23 GMT","""34200-51d175353afc0""",application/vnd.ms-excel,1faeec7da72bb4dda9130965cc817ed0be0e38372818d2f6fab9e4c151e93493,downloaded
再編前,other,other,329-08_h23denki-gasu-suidou.xls,329-08_h23denki-gasu-suidou.xls,https://www.city.hamamatsu.shizuoka.jp/documents/3782/329-08_h23denki-gasu-suidou.xls,https://www.city.hamamatsu.shizuoka.jp/gyousei/library/toukeisyo/004_h23toukeisyo.html,2026-03-11T20:25:12.200478+09:00,200,177664,"Wed, 12 Aug 2015 06:28:24 GMT","""2b600-51d175362f200""",application/vnd.ms-excel,1d40adbeceab6162d98024f1afeddc39642ac84470d462bff31cb385ecb810b9,downloaded
再編前,other,other,329-09_h23unyu-tuusin.xls,329-09_h23unyu-tuusin.xls,https://www.city.hamamatsu.shizuoka.jp/documents/3782/329-09_h23unyu-tuusin.xls,https://www.city.hamamatsu.shizuoka.jp/gyousei/library/toukeisyo/004_h23toukeisyo.html,2026-03-11T20:25:14.231478+09:00,200,360448,"Wed, 12 Aug 2015 06:28:24 GMT","""58000-51d175362f200""",application/vnd.ms-excel,c0116ef3c031424820ee042b546677e5fcdb7c12fbb7a53189bb7cff241b529b,downloaded
再編前,other,10,329-10_h23kenminsyotoku.xls,329-10_h23kenminsyotoku.xls,https://www.city.hamamatsu.shizuoka.jp/documents/3782/329-10_h23kenminsyotoku.xls,https://www.city.hamamatsu.shizuoka.jp/gyousei/library/toukeisyo/004_h23toukeisyo.html,2026-03-11T20:25:16.231478+09:00,200,75264,"Wed, 12 Aug 2015 06:28:24 GMT","""12600-51d175362f200""",application/vnd.ms-excel,452d499800b387fa9a34f128061dfc1ffbf40b3970933be07b97ef63df9949b5,downloaded
再編前,other,other,329-11_h23shiminseikatsu.xls,329-11_h23shiminseikatsu.xls,https://www.city.hamamatsu.shizuoka.jp/documents/3782/329-11_h23shiminseikatsu.xls,https://www.city.hamamatsu.shizuoka.jp/gyousei/library/toukeisyo/004_h23toukeisyo.html,2026-03-11T20:25:18.387478+09:00,200,260096,"Wed, 12 Aug 2015 06:28:24 GMT","""3f800-51d175362f200""",application/vnd.ms-excel,2e6afc34b78cab72c4f4a57e06454d903ecee0844ae8f4efd6c17eaf31570ce2,downloaded
再編前,other,other,329-12_h23roudou.xls,329-12_h23roudou.xls,https://www.city.hamamatsu.shizuoka.jp/documents/3782/329-12_h23roudou.xls,https://www.city.hamamatsu.shizuoka.jp/gyousei/library/toukeisyo/004_h23toukeisyo.html,2026-03-11T20:25:22.122478+09:00,200,396288,"Wed, 12 Aug 2015 06:28:24 GMT","""60c00-51d175362f200""",application/vnd.ms-excel,01f70ef37503c99bb8bf79f4269f66254255425ed759141ef4093855ea84c7e9,downloaded
再編前,other,other,329-13_h23syakaifukushi.xls,329-13_h23syakaifukushi.xls,https://www.city.hamamatsu.shizuoka.jp/documents/3782/329-13_h23syakaifukushi.xls,https://www.city.hamamatsu.shizuoka.jp/gyousei/library/toukeisyo/004_h23toukeisyo.html,2026-03-11T20:25:25.856478+09:00,200,439296,"Wed, 12 Aug 2015 06:28:25 GMT","""6b400-51d1753723440""",application/vnd.ms-excel,36348f25442571d5a28921041351578371b1fb4c68127980bdd117deefe34e07,downloaded
再編前,other,other,329-14_h23dobokukensetsu-jyuukyo.xls,329-14_h23dobokukensetsu-jyuukyo.xls,https://www.city.hamamatsu.shizuoka.jp/documents/3782/329-14_h23dobokukensetsu-jyuukyo.xls,https://www.city.hamamatsu.shizuoka.jp/gyousei/library/toukeisyo/004_h23toukeisyo.html,2026-03-11T20:25:31.809478+09:00,200,455680,"Wed, 12 Aug 2015 06:28:25 GMT","""6f400-51d1753723440""",application/vnd.ms-excel,6ce14e5ab20b4bfa7a69e28a0615dac008c53a8b81ceae8138a23b64153ff3d1,downloaded
再編前,other,other,329-15_h23hokeneisei-seisou.xls,329-15_h23hokeneisei-seisou.xls,https://www.city.hamamatsu.shizuoka.jp/documents/3782/329-15_h23hokeneisei-seisou.xls,https://www.city.hamamatsu.shizuoka.jp/gyousei/library/toukeisyo/004_h23toukeisyo.html,2026-03-11T20:25:34.653478+09:00,200,534528,"Wed, 12 Aug 2015 06:28:25 GMT","""82800-51d1753723440""",application/vnd.ms-excel,b80e0e8f92ca7c7232d9e926befb55e116be8c64a624b77e72e3e09327b3a271,downloaded
再編前,other,other,329-16_h23kyouiku.xls,329-16_h23kyouiku.xls,https://www.city.hamamatsu.shizuoka.jp/documents/3782/329-16_h23kyouiku.xls,https://www.city.hamamatsu.shizuoka.jp/gyousei/library/toukeisyo/004_h23toukeisyo.html,2026-03-11T20:25:36.965478+09:00,200,120832,"Wed, 12 Aug 2015 06:28:25 GMT","""1d800-51d1753723440""",application/vnd.ms-excel,346ffe3cf04e6e4c1560287b8ea71a936291681ab30809ea6c70dbbe9f3ca5da,downloaded
再編前,other,other,329-17_h23bunka.xls,329-17_h23bunka.xls,https://www.city.hamamatsu.shizuoka.jp/documents/3782/329-17_h23bunka.xls,https://www.city.hamamatsu.shizuoka.jp/gyousei/library/toukeisyo/004_h23toukeisyo.html,2026-03-11T20:25:40.747478+09:00,200,359936,"Wed, 12 Aug 2015 06:28:25 GMT","""57e00-51d1753723440""",application/vnd.ms-excel,9bd6ef5df87d28d637b4905ba6aacbebb5070cb66f0a52552531d509c332946e,downloaded
再編前,other,other,329-18_h23kouan-shihou.xls,329-18_h23kouan-shihou.xls,https://www.city.hamamatsu.shizuoka.jp/documents/3782/329-18_h23kouan-shihou.xls,https://www.city.hamamatsu.shizuoka.jp/gyousei/library/toukeisyo/004_h23toukeisyo.html,2026-03-11T20:25:43.637478+09:00,200,310272,"Wed, 12 Aug 2015 06:28:26 GMT","""4bc00-51d1753817680""",application/vnd.ms-excel,9a169c0d0f16988fd98c5c54049aafca72546400414832239ce9cee55de602fc,downloaded
再編前,other,other,329-19_h23zaisei.xls,329-19_h23zaisei.xls,https://www.city.hamamatsu.shizuoka.jp/documents/3782/329-19_h23zaisei.xls,https://www.city.hamamatsu.shizuoka.jp/gyousei/library/toukeisyo/004_h23toukeisyo.html,2026-03-11T20:25:46.668478+09:00,200,360960,"Wed, 12 Aug 2015 06:28:26 GMT","""58200-51d1753817680""",application/vnd.ms-excel,13e7ea465006f3c4c88fe8b5a3932557f06c12ab8818ef15216773129f586210,downloaded
再編前,other,other,329-20_h23gyousei.xls,329-20_h23gyousei.xls,https://www.city.hamamatsu.shizuoka.jp/documents/3782/329-20_h23gyousei.xls,https://www.city.hamamatsu.shizuoka.jp/gyousei/library/toukeisyo/004_h23toukeisyo.html,2026-03-11T20:25:48.762478+09:00,200,349184,"Wed, 12 Aug 2015 06:28:26 GMT","""55400-51d1753817680""",application/vnd.ms-excel,91d8a706f9e71906f6ba755920a41e59a313c0f4137864570a67db031668bef1,downloaded
再編前,other,other,329-01_h22tochi-kisyou.xls,329-01_h22tochi-kisyou.xls,https://www.city.hamamatsu.shizuoka.jp/documents/3784/329-01_h22tochi-kisyou.xls,https://www.city.hamamatsu.shizuoka.jp/gyousei/library/toukeisyo/004_h22toukeisyo.html,2026-03-11T20:25:50.809478+09:00,200,262144,"Fri, 10 Apr 2015 03:03:04 GMT","""40000-5135600bc2a00""",application/vnd.ms-excel,6b7c588aa6376dbfa0d0b05fcca1e50618872163cddb8bea69bb4bf03fd2d428,downloaded
再編前,other,other,329-02_h22jinkou.xls,329-02_h22jinkou.xls,https://www.city.hamamatsu.shizuoka.jp/documents/3784/329-02_h22jinkou.xls,https://www.city.hamamatsu.shizuoka.jp/gyousei/library/toukeisyo/004_h22toukeisyo.html,2026-03-11T20:25:56.434478+09:00,200,332288,"Fri, 10 Apr 2015 03:03:04 GMT","""51200-5135600bc2a00""",application/vnd.ms-excel,ae0f564cc5cbb4e1134cc748d1700eb955099d2956e021105944fd7fbe8d2aa5,downloaded
再編前,other,other,329-03_h22jigyousyo.xls,329-03_h22jigyousyo.xls,https://www.city.hamamatsu.shizuoka.jp/documents/3784/329-03_h22jigyousyo.xls,https://www.city.hamamatsu.shizuoka.jp/gyousei/library/toukeisyo/004_h22toukeisyo.html,2026-03-11T20:25:58.325478+09:00,200,69632,"Fri, 10 Apr 2015 03:03:04 GMT","""11000-5135600bc2a00""",application/vnd.ms-excel,39033ea90817aacab04910ef351cd1461a22830ff1d59d182a59bfdde2effec9,downloaded
再編前,other,04,329-04_h22nougyou-suisangyou.xls,329-04_h22nougyou-suisangyou.xls,https://www.city.hamamatsu.shizuoka.jp/documents/3784/329-04_h22nougyou-suisangyou.xls,https://www.city.hamamatsu.shizuoka.jp/gyousei/library/toukeisyo/004_h22toukeisyo.html,2026-03-11T20:26:00.262478+09:00,200,290304,"Fri, 10 Apr 2015 03:03:05 GMT","""46e00-5135600cb6c40""",application/vnd.ms-excel,0d657b6cc04fe04fa6b908fd02214ddb72017ea26a0be325ef199afcbc00735f,downloaded
再編前,other,other,329-05_h22kougyou.xls,329-05_h22kougyou.xls,https://www.city.hamamatsu.shizuoka.jp/documents/3784/329-05_h22kougyou.xls,https://www.city.hamamatsu.shizuoka.jp/gyousei/library/toukeisyo/004_h22toukeisyo.html,2026-03-11T20:26:01.950478+09:00,200,105984,"Fri, 10 Apr 2015 03:03:05 GMT","""19e00-5135600cb6c40""",application/vnd.ms-excel,389f4fb715f19300c69bfb8e7034b62f67041c1094490d649b25e031e625ac96,downloaded
再編前,other,other,329-06_h22syougyou.xls,329-06_h22syougyou.xls,https://www.city.hamamatsu.shizuoka.jp/documents/3784/329-06_h22syougyou.xls,https://www.city.hamamatsu.shizuoka.jp/gyousei/library/toukeisyo/004_h22toukeisyo.html,2026-03-11T20:26:03.434478+09:00,200,140288,"Fri, 10 Apr 2015 03:03:05 GMT","""22400-5135600cb6c40""",application/vnd.ms-excel,5d29855f2c7d4a5139d12f5fe853d285cc6d15c5cc368f4aed9fec6ca579e415,downloaded
再編前,other,other,329-07_h22kinyuu.xls,329-07_h22kinyuu.xls,https://www.city.hamamatsu.shizuoka.jp/documents/3784/329-07_h22kinyuu.xls,https://www.city.hamamatsu.shizuoka.jp/gyousei/library/toukeisyo/004_h22toukeisyo.html,2026-03-11T20:26:05.215478+09:00,200,180224,"Fri, 10 Apr 2015 03:03:05 GMT","""2c000-5135600cb6c40""",application/vnd.ms-excel,9533fc50e228c94ed6bdb5f455373fbb3bcbae97b0c1630af47f2837e76d4c69,downloaded
再編前,other,other,329-08_h22denki-gasu-suidou.xls,329-08_h22denki-gasu-suidou.xls,https://www.city.hamamatsu.shizuoka.jp/documents/3784/329-08_h22denki-gasu-suidou.xls,https://www.city.hamamatsu.shizuoka.jp/gyousei/library/toukeisyo/004_h22toukeisyo.html,2026-03-11T20:26:06.997478+09:00,200,150016,"Fri, 10 Apr 2015 03:03:06 GMT","""24a00-5135600daae80""",application/vnd.ms-excel,3da28415f88ac5aa0e1a4ba99646e2a57d5ee6e8cec40c7f03effaaba07411e6,downloaded
再編前,other,other,329-09_h22unyu-tuusin.xls,329-09_h22unyu-tuusin.xls,https://www.city.hamamatsu.shizuoka.jp/documents/3784/329-09_h22unyu-tuusin.xls,https://www.city.hamamatsu.shizuoka.jp/gyousei/library/toukeisyo/004_h22toukeisyo.html,2026-03-11T20:26:08.872478+09:00,200,297984,"Fri, 10 Apr 2015 03:03:06 GMT","""48c00-5135600daae80""",application/vnd.ms-excel,6de191a4fc5ba370c85a2b4672e20715865f25ef24ab24285c160a506f4fd9e0,downloaded
再編前,other,10,329-10_h22kenminsyotoku.xls,329-10_h22kenminsyotoku.xls,https://www.city.hamamatsu.shizuoka.jp/documents/3784/329-10_h22kenminsyotoku.xls,https://www.city.hamamatsu.shizuoka.jp/gyousei/library/toukeisyo/004_h22toukeisyo.html,2026-03-11T20:26:10.512478+09:00,200,67072,"Fri, 10 Apr 2015 03:03:06 GMT","""10600-5135600daae80""",application/vnd.ms-excel,311da6b7d103a11883bdae1bfc0641ee6308cd8e60378cacddb85d47391b2306,downloaded
再編前,other,other,329-11_h22shiminseikatsu.xls,329-11_h22shiminseikatsu.xls,https://www.city.hamamatsu.shizuoka.jp/documents/3784/329-11_h22shiminseikatsu.xls,https://www.city.hamamatsu.shizuoka.jp/gyousei/library/toukeisyo/004_h22toukeisyo.html,2026-03-11T20:26:12.262478+09:00,200,268288,"Fri, 10 Apr 2015 03:03:06 GMT","""41800-5135600daae80""",application/vnd.ms-excel,7777b27855cb71b6922c6c7d5cc69a9296dcdfc03470e6ea473ab80aa51d0185,downloaded
再編前,other,other,329-12_h22roudou.xls,329-12_h22roudou.xls,https://www.city.hamamatsu.shizuoka.jp/documents/3784/329-12_h22roudou.xls,https://www.city.hamamatsu.shizuoka.jp/gyousei/library/toukeisyo/004_h22toukeisyo.html,2026-03-11T20:26:14.450478+09:00,200,354816,"Fri, 10 Apr 2015 03:03:06 GMT","""56a00-5135600daae80""",application/vnd.ms-excel,c098df3c72b3d8cd127e4e0122a735bb81419506b8fefb5c686d0191727bc3e7,downloaded
再編前,other,other,329-13_h22syakaifukushi.xls,329-13_h22syakaifukushi.xls,https://www.city.hamamatsu.shizuoka.jp/documents/3784/329-13_h22syakaifukushi.xls,https://www.city.hamamatsu.shizuoka.jp/gyousei/library/toukeisyo/004_h22toukeisyo.html,2026-03-11T20:26:16.809478+09:00,200,531968,"Fri, 10 Apr 2015 03:03:07 GMT","""81e00-5135600e9f0c0""",application/vnd.ms-excel,b98a30d59d569f55450223d14cb4c2a03546fa908e51f0f98819a3edae189867,downloaded
再編前,other,other,329-14_h22dobokukensetsu-jyuukyo.xls,329-14_h22dobokukensetsu-jyuukyo.xls,https://www.city.hamamatsu.shizuoka.jp/documents/3784/329-14_h22dobokukensetsu-jyuukyo.xls,https://www.city.hamamatsu.shizuoka.jp/gyousei/library/toukeisyo/004_h22toukeisyo.html,2026-03-11T20:26:18.934478+09:00,200,410112,"Fri, 10 Apr 2015 03:03:07 GMT","""64200-5135600e9f0c0""",application/vnd.ms-excel,264c5a71c44420bb4d4b76c2e825d7c96dad0cbb4423cf9e339341b6ce41466d,downloaded
再編前,other,other,329-15_h22hokeneisei-seisou.xls,329-15_h22hokeneisei-seisou.xls,https://www.city.hamamatsu.shizuoka.jp/documents/3784/329-15_h22hokeneisei-seisou.xls,https://www.city.hamamatsu.shizuoka.jp/gyousei/library/toukeisyo/004_h22toukeisyo.html,2026-03-11T20:26:21.293478+09:00,200,522752,"Fri, 10 Apr 2015 03:03:07 GMT","""7fa00-5135600e9f0c0""",application/vnd.ms-excel,06f11d3c6c83642b0fe7d3689b1b0ce5cc1043b7603c7712b615539d81335d54,downloaded
再編前,other,other,329-16_h22kyouiku.xls,329-16_h22kyouiku.xls,https://www.city.hamamatsu.shizuoka.jp/documents/3784/329-16_h22kyouiku.xls,https://www.city.hamamatsu.shizuoka.jp/gyousei/library/toukeisyo/004_h22toukeisyo.html,2026-03-11T20:26:23.090478+09:00,200,126976,"Fri, 10 Apr 2015 03:03:07 GMT","""1f000-5135600e9f0c0""",application/vnd.ms-excel,a6c86323b3578ebc3a51a07ff6989cb9481a700d3d233752083fef068f0ce0f2,downloaded
再編前,other,other,329-17_h22bunka.xls,329-17_h22bunka.xls,https://www.city.hamamatsu.shizuoka.jp/documents/3784/329-17_h22bunka.xls,https://www.city.hamamatsu.shizuoka.jp/gyousei/library/toukeisyo/004_h22toukeisyo.html,2026-03-11T20:26:24.606478+09:00,200,318464,"Fri, 10 Apr 2015 03:03:08 GMT","""4dc00-5135600f93300""",application/vnd.ms-excel,4b175c08ab0866a968d4431f21ff594621e3b29da2c6fd2e2518cb5763a236b5,downloaded
再編前,other,other,329-18_h22kouan-shihou.xls,329-18_h22kouan-shihou.xls,https://www.city.hamamatsu.shizuoka.jp/documents/3784/329-18_h22kouan-shihou.xls,https://www.city.hamamatsu.shizuoka.jp/gyousei/library/toukeisyo/004_h22toukeisyo.html,2026-03-11T20:26:26.497478+09:00,200,216576,"Fri, 10 Apr 2015 03:03:08 GMT","""34e00-5135600f93300""",application/vnd.ms-excel,a07e7579f0d88984ff4f0169dc4558cfc4fdb2609f35fd1f073aee1efd7bed8c,downloaded
再編前,other,other,329-19_h22zaisei.xls,329-19_h22zaisei.xls,https://www.city.hamamatsu.shizuoka.jp/documents/3784/329-19_h22zaisei.xls,https://www.city.hamamatsu.shizuoka.jp/gyousei/library/toukeisyo/004_h22toukeisyo.html,2026-03-11T20:26:28.403478+09:00,200,356864,"Fri, 10 Apr 2015 03:03:08 GMT","""57200-5135600f93300""",application/vnd.ms-excel,4ce92323d0c85b74c1118db602d27852e9016b8ca4eb7fecb0c904b3a20ae1ce,downloaded
再編前,other,other,329-20_h22gyousei.xls,329-20_h22gyousei.xls,https://www.city.hamamatsu.shizuoka.jp/documents/3784/329-20_h22gyousei.xls,https://www.city.hamamatsu.shizuoka.jp/gyousei/library/toukeisyo/004_h22toukeisyo.html,2026-03-11T20:26:30.465478+09:00,200,367104,"Fri, 10 Apr 2015 03:03:08 GMT","""59a00-5135600f93300""",application/vnd.ms-excel,886bb3ef8184a81b699f01a70812d62f5f61e3d0818bfb95317fd4c9aba1cc79,downloaded
再編前,other,other,329-01_h21tochi-kisyou.xls,329-01_h21tochi-kisyou.xls,https://www.city.hamamatsu.shizuoka.jp/documents/3783/329-01_h21tochi-kisyou.xls,https://www.city.hamamatsu.shizuoka.jp/gyousei/library/toukeisyo/004_h21toukeisyo.html,2026-03-11T20:26:32.090478+09:00,200,245248,"Fri, 10 Apr 2015 03:03:13 GMT","""3be00-5135601457e40""",application/vnd.ms-excel,3439f27caa057f5264ac950c4eed53b3f7a997bc8b31b360f8c82c80cee1e5ce,downloaded
再編前,other,other,329-02_h21jinkou.xls,329-02_h21jinkou.xls,https://www.city.hamamatsu.shizuoka.jp/documents/3783/329-02_h21jinkou.xls,https://www.city.hamamatsu.shizuoka.jp/gyousei/library/toukeisyo/004_h21toukeisyo.html,2026-03-11T20:26:33.622478+09:00,200,203264,"Fri, 10 Apr 2015 03:03:13 GMT","""31a00-5135601457e40""",application/vnd.ms-excel,1ce3955ec419ba6c448c29162ed6f618472c88c62670e64828ac3e307fba237f,downloaded
再編前,other,other,329-03_h21jigyousyo.xls,329-03_h21jigyousyo.xls,https://www.city.hamamatsu.shizuoka.jp/documents/3783/329-03_h21jigyousyo.xls,https://www.city.hamamatsu.shizuoka.jp/gyousei/library/toukeisyo/004_h21toukeisyo.html,2026-03-11T20:26:35.262478+09:00,200,69632,"Fri, 10 Apr 2015 03:03:14 GMT","""11000-513560154c080""",application/vnd.ms-excel,1098b6aa8ff705f75953f9136781c0d1dc68678ae0d4db754a52959483908ed5,downloaded
再編前,other,04,329-04_h21nougyou-suisangyou.xls,329-04_h21nougyou-suisangyou.xls,https://www.city.hamamatsu.shizuoka.jp/documents/3783/329-04_h21nougyou-suisangyou.xls,https://www.city.hamamatsu.shizuoka.jp/gyousei/library/toukeisyo/004_h21toukeisyo.html,2026-03-11T20:26:36.825478+09:00,200,167936,"Fri, 10 Apr 2015 03:03:14 GMT","""29000-513560154c080""",application/vnd.ms-excel,f480423e3c332377bd8bc69fd7e07296b777e1051d7ab0b14f408858e0dad161,downloaded
再編前,other,other,329-05_h21kougyou.xls,329-05_h21kougyou.xls,https://www.city.hamamatsu.shizuoka.jp/documents/3783/329-05_h21kougyou.xls,https://www.city.hamamatsu.shizuoka.jp/gyousei/library/toukeisyo/004_h21toukeisyo.html,2026-03-11T20:26:38.715478+09:00,200,93696,"Fri, 10 Apr 2015 03:03:14 GMT","""16e00-513560154c080""",application/vnd.ms-excel,5e0bfcc85acbdba58cf3630e744365a7eb16e507d5a0d462823e9a775bc636ac,downloaded
再編前,other,other,329-06_h21syougyou.xls,329-06_h21syougyou.xls,https://www.city.hamamatsu.shizuoka.jp/documents/3783/329-06_h21syougyou.xls,https://www.city.hamamatsu.shizuoka.jp/gyousei/library/toukeisyo/004_h21toukeisyo.html,2026-03-11T20:26:40.403478+09:00,200,111104,"Fri, 10 Apr 2015 03:03:14 GMT","""1b200-513560154c080""",application/vnd.ms-excel,2bcf25925aeb4fbb0a61754ffe3aab7d386b7a8748dc1663c4b94cd6ed69a242,downloaded
再編前,other,other,329-07_h21kinyuu.xls,329-07_h21kinyuu.xls,https://www.city.hamamatsu.shizuoka.jp/documents/3783/329-07_h21kinyuu.xls,https://www.city.hamamatsu.shizuoka.jp/gyousei/library/toukeisyo/004_h21toukeisyo.html,2026-03-11T20:26:42.840478+09:00,200,139776,"Fri, 10 Apr 2015 03:03:15 GMT","""22200-51356016402c0""",application/vnd.ms-excel,5c50bb81a7bd4788962eaaa22591fbd08d34baec71e06bf8c9a18d5dfc09dcc0,downloaded
再編前,other,other,329-08_h21denki-gasu-suidou.xls,329-08_h21denki-gasu-suidou.xls,https://www.city.hamamatsu.shizuoka.jp/documents/3783/329-08_h21denki-gasu-suidou.xls,https://www.city.hamamatsu.shizuoka.jp/gyousei/library/toukeisyo/004_h21toukeisyo.html,2026-03-11T20:26:44.684478+09:00,200,90624,"Fri, 10 Apr 2015 03:03:15 GMT","""16200-51356016402c0""",application/vnd.ms-excel,0fcf9a1f738f30e3cd0402d829a8596b71163eddd2e99fd21f8cd8db80e34e57,downloaded
再編前,other,other,329-09_h21unyu-tuusin.xls,329-09_h21unyu-tuusin.xls,https://www.city.hamamatsu.shizuoka.jp/documents/3783/329-09_h21unyu-tuusin.xls,https://www.city.hamamatsu.shizuoka.jp/gyousei/library/toukeisyo/004_h21toukeisyo.html,2026-03-11T20:26:47.059478+09:00,200,194560,"Fri, 10 Apr 2015 03:03:15 GMT","""2f800-51356016402c0""",application/vnd.ms-excel,1370ddff3c66ac4791a56436038de28f47dab431e07996f51f993a22fb3c5561,downloaded
再編前,other,10,329-10_h21kenminsyotoku.xls,329-10_h21kenminsyotoku.xls,https://www.city.hamamatsu.shizuoka.jp/documents/3783/329-10_h21kenminsyotoku.xls,https://www.city.hamamatsu.shizuoka.jp/gyousei/library/toukeisyo/004_h21toukeisyo.html,2026-03-11T20:26:48.528478+09:00,200,55808,"Fri, 10 Apr 2015 03:03:15 GMT","""da00-51356016402c0""",application/vnd.ms-excel,e6ae37b591ce0a22da04ff16464dd3167807405eed92251a04f2bcac35904c0c,downloaded
再編前,other,other,329-11_h21shiminseikatsu.xls,329-11_h21shiminseikatsu.xls,https://www.city.hamamatsu.shizuoka.jp/documents/3783/329-11_h21shiminseikatsu.xls,https://www.city.hamamatsu.shizuoka.jp/gyousei/library/toukeisyo/004_h21toukeisyo.html,2026-03-11T20:26:50.997478+09:00,200,205824,"Fri, 10 Apr 2015 03:03:15 GMT","""32400-51356016402c0""",application/vnd.ms-excel,982192bc50a4d69e38532e0f6701f2299fd4140f4e759d2ec138266643cfd3c2,downloaded
再編前,other,other,329-12_h21roudou.xls,329-12_h21roudou.xls,https://www.city.hamamatsu.shizuoka.jp/documents/3783/329-12_h21roudou.xls,https://www.city.hamamatsu.shizuoka.jp/gyousei/library/toukeisyo/004_h21toukeisyo.html,2026-03-11T20:26:53.668478+09:00,200,261120,"Fri, 10 Apr 2015 03:03:15 GMT","""3fc00-51356016402c0""",application/vnd.ms-excel,0df4004437b477a490b9956276576f9dd71d1d9f52503c981fca2d3cbb8de694,downloaded
再編前,other,other,329-13_h21syakaifukushi.xls,329-13_h21syakaifukushi.xls,https://www.city.hamamatsu.shizuoka.jp/documents/3783/329-13_h21syakaifukushi.xls,https://www.city.hamamatsu.shizuoka.jp/gyousei/library/toukeisyo/004_h21toukeisyo.html,2026-03-11T20:26:55.512478+09:00,200,197120,"Fri, 10 Apr 2015 03:03:16 GMT","""30200-5135601734500""",application/vnd.ms-excel,dcc0bb51de3cbfab3e0af28d1f942c8338e833425d6bfd812f037e38246d0bc9,downloaded
再編前,other,other,329-14_h21dobokukensetsu-jyuukyo.xls,329-14_h21dobokukensetsu-jyuukyo.xls,https://www.city.hamamatsu.shizuoka.jp/documents/3783/329-14_h21dobokukensetsu-jyuukyo.xls,https://www.city.hamamatsu.shizuoka.jp/gyousei/library/toukeisyo/004_h21toukeisyo.html,2026-03-11T20:26:57.075478+09:00,200,112128,"Fri, 10 Apr 2015 03:03:16 GMT","""1b600-5135601734500""",application/vnd.ms-excel,c6ad7b0ed727f3ce5c023df6314bbe78aea584c5844235dc30f4f13345e48365,downloaded
再編前,other,other,329-15_h21hokeneisei-seisou.xls,329-15_h21hokeneisei-seisou.xls,https://www.city.hamamatsu.shizuoka.jp/documents/3783/329-15_h21hokeneisei-seisou.xls,https://www.city.hamamatsu.shizuoka.jp/gyousei/library/toukeisyo/004_h21toukeisyo.html,2026-03-11T20:26:58.918478+09:00,200,286720,"Fri, 10 Apr 2015 03:03:16 GMT","""46000-5135601734500""",application/vnd.ms-excel,63b6c61bf6056b5c7e97da36b61326425bac6707f8589b74d1c7690b5d99da54,downloaded
再編前,other,other,329-16_h21kyouiku.xls,329-16_h21kyouiku.xls,https://www.city.hamamatsu.shizuoka.jp/documents/3783/329-16_h21kyouiku.xls,https://www.city.hamamatsu.shizuoka.jp/gyousei/library/toukeisyo/004_h21toukeisyo.html,2026-03-11T20:27:00.481478+09:00,200,82944,"Fri, 10 Apr 2015 03:03:16 GMT","""14400-5135601734500""",application/vnd.ms-excel,cd9ea32639bffc0d3e9727dfa42d31706ee3a35337440f8180fe2c4e5f5317de,downloaded
再編前,other,other,329-17_h21bunka.xls,329-17_h21bunka.xls,https://www.city.hamamatsu.shizuoka.jp/documents/3783/329-17_h21bunka.xls,https://www.city.hamamatsu.shizuoka.jp/gyousei/library/toukeisyo/004_h21toukeisyo.html,2026-03-11T20:27:02.387478+09:00,200,224768,"Fri, 10 Apr 2015 03:03:16 GMT","""36e00-5135601734500""",application/vnd.ms-excel,0008d7f52f13d748e394ecf98975130c0575b3175363b5c0e3a7f64ac57a6d28,downloaded
再編前,other,other,329-18_h21kouan-shihou.xls,329-18_h21kouan-shihou.xls,https://www.city.hamamatsu.shizuoka.jp/documents/3783/329-18_h21kouan-shihou.xls,https://www.city.hamamatsu.shizuoka.jp/gyousei/library/toukeisyo/004_h21toukeisyo.html,2026-03-11T20:27:04.153478+09:00,200,185856,"Fri, 10 Apr 2015 03:03:17 GMT","""2d600-5135601828740""",application/vnd.ms-excel,f51c504dbaf4ae3b170931349973f4c05a704f89e5748d0ded455403e0e735ac,downloaded
再編前,other,other,329-19_h21zaisei.xls,329-19_h21zaisei.xls,https://www.city.hamamatsu.shizuoka.jp/documents/3783/329-19_h21zaisei.xls,https://www.city.hamamatsu.shizuoka.jp/gyousei/library/toukeisyo/004_h21toukeisyo.html,2026-03-11T20:27:05.809478+09:00,200,131072,"Fri, 10 Apr 2015 03:03:17 GMT","""20000-5135601828740""",application/vnd.ms-excel,446b74d6e429ee2da1207b0b770e0e9e046124e6ebcabc62f2997fb219776cb8,downloaded
再編前,other,other,329-20_h21gyousei.xls,329-20_h21gyousei.xls,https://www.city.hamamatsu.shizuoka.jp/documents/3783/329-20_h21gyousei.xls,https://www.city.hamamatsu.shizuoka.jp/gyousei/library/toukeisyo/004_h21toukeisyo.html,2026-03-11T20:27:07.200478+09:00,200,167936,"Fri, 10 Apr 2015 03:03:17 GMT","""29000-5135601828740""",application/vnd.ms-excel,da158343934ee69f22d9a585ad8a8338537d57a7dc00442f0b70735934c4fab8,downloaded
再編前,other,other,329-01_h20tochi-kisyou.xls,329-01_h20tochi-kisyou.xls,https://www.city.hamamatsu.shizuoka.jp/documents/3785/329-01_h20tochi-kisyou.xls,https://www.city.hamamatsu.shizuoka.jp/gyousei/library/toukeisyo/004_h20toukeisyo.html,2026-03-11T20:27:08.747478+09:00,200,243712,"Fri, 10 Apr 2015 03:03:30 GMT","""3b800-513560248e480""",application/vnd.ms-excel,0c637f6ea23b30ca48be9dbbc1a13b4b9298f4b74b5c27aefb942a1928208086,downloaded
再編前,other,other,329-02_h20jinkou.xls,329-02_h20jinkou.xls,https://www.city.hamamatsu.shizuoka.jp/documents/3785/329-02_h20jinkou.xls,https://www.city.hamamatsu.shizuoka.jp/gyousei/library/toukeisyo/004_h20toukeisyo.html,2026-03-11T20:27:10.450478+09:00,200,199680,"Fri, 10 Apr 2015 03:03:30 GMT","""30c00-513560248e480""",application/vnd.ms-excel,47cb3849f7ea2fafa55111ac3b974f74b5d6fed4085f0f2f12644f8dcfcf9adf,downloaded
再編前,other,other,329-03_h20jigyousyo.xls,329-03_h20jigyousyo.xls,https://www.city.hamamatsu.shizuoka.jp/documents/3785/329-03_h20jigyousyo.xls,https://www.city.hamamatsu.shizuoka.jp/gyousei/library/toukeisyo/004_h20toukeisyo.html,2026-03-11T20:27:12.043478+09:00,200,69120,"Fri, 10 Apr 2015 03:03:30 GMT","""10e00-513560248e480""",application/vnd.ms-excel,5c9046de1f8a16320b959cecc202c2393a01d879adbc28fd3fa577ca09f00a80,downloaded
再編前,other,04,329-04_h20nougyou-suisangyou.xls,329-04_h20nougyou-suisangyou.xls,https://www.city.hamamatsu.shizuoka.jp/documents/3785/329-04_h20nougyou-suisangyou.xls,https://www.city.hamamatsu.shizuoka.jp/gyousei/library/toukeisyo/004_h20toukeisyo.html,2026-03-11T20:27:13.465478+09:00,200,135168,"Fri, 10 Apr 2015 03:03:31 GMT","""21000-51356025826c0""",application/vnd.ms-excel,51061719057b73d7abea06f719856b4cfb67b53e940591e41d57c96f3e22b566,downloaded
再編前,other,other,329-05_h20kougyou.xls,329-05_h20kougyou.xls,https://www.city.hamamatsu.shizuoka.jp/documents/3785/329-05_h20kougyou.xls,https://www.city.hamamatsu.shizuoka.jp/gyousei/library/toukeisyo/004_h20toukeisyo.html,2026-03-11T20:27:15.137478+09:00,200,76288,"Fri, 10 Apr 2015 03:03:31 GMT","""12a00-51356025826c0""",application/vnd.ms-excel,fa85ed1e1ea1f378d6f8c38ac0af3c0f5062c9598bc34d9b6229cfb99f4ae496,downloaded
再編前,other,other,329-06_h20syougyou.xls,329-06_h20syougyou.xls,https://www.city.hamamatsu.shizuoka.jp/documents/3785/329-06_h20syougyou.xls,https://www.city.hamamatsu.shizuoka.jp/gyousei/library/toukeisyo/004_h20toukeisyo.html,2026-03-11T20:27:16.668478+09:00,200,109056,"Fri, 10 Apr 2015 03:03:31 GMT","""1aa00-51356025826c0""",application/vnd.ms-excel,e7072ad61449215857cc67236e7c051df9d1a8a1884d004d4ddea3857a110912,downloaded
再編前,other,other,329-07_h20kinyuu.xls,329-07_h20kinyuu.xls,https://www.city.hamamatsu.shizuoka.jp/documents/3785/329-07_h20kinyuu.xls,https://www.city.hamamatsu.shizuoka.jp/gyousei/library/toukeisyo/004_h20toukeisyo.html,2026-03-11T20:27:18.325478+09:00,200,86528,"Fri, 10 Apr 2015 03:03:31 GMT","""15200-51356025826c0""",application/vnd.ms-excel,dd5e5cc17deb304fcaea7f722d04ce4a55c8d91c9b00370fb0e86de8b79cbf31,downloaded
再編前,other,other,329-08_h20denki-gasu-suidou.xls,329-08_h20denki-gasu-suidou.xls,https://www.city.hamamatsu.shizuoka.jp/documents/3785/329-08_h20denki-gasu-suidou.xls,https://www.city.hamamatsu.shizuoka.jp/gyousei/library/toukeisyo/004_h20toukeisyo.html,2026-03-11T20:27:19.715478+09:00,200,72704,"Fri, 10 Apr 2015 03:03:31 GMT","""11c00-51356025826c0""",application/vnd.ms-excel,cbf2e3cd2a40ee9a5b9c4926340af15c1b427713469b0b03bd7cb3a402ef88c0,downloaded
再編前,other,other,329-09_h20unyu-tuusin.xls,329-09_h20unyu-tuusin.xls,https://www.city.hamamatsu.shizuoka.jp/documents/3785/329-09_h20unyu-tuusin.xls,https://www.city.hamamatsu.shizuoka.jp/gyousei/library/toukeisyo/004_h20toukeisyo.html,2026-03-11T20:27:21.106478+09:00,200,142848,"Fri, 10 Apr 2015 03:03:32 GMT","""22e00-5135602676900""",application/vnd.ms-excel,097a3abea72779431eb0bfeddb196027d1a700472303d55f3ec4cbeaf79f9b9d,downloaded
再編前,other,10,329-10_h20kenminsyotoku.xls,329-10_h20kenminsyotoku.xls,https://www.city.hamamatsu.shizuoka.jp/documents/3785/329-10_h20kenminsyotoku.xls,https://www.city.hamamatsu.shizuoka.jp/gyousei/library/toukeisyo/004_h20toukeisyo.html,2026-03-11T20:27:22.684478+09:00,200,40960,"Fri, 10 Apr 2015 03:03:32 GMT","""a000-5135602676900""",application/vnd.ms-excel,53255bd8fd7c291dde2bb5f9c4254d75a9436a405414023a665a524ab0a2087e,downloaded
再編前,other,other,329-11_h20shiminseikatsu.xls,329-11_h20shiminseikatsu.xls,https://www.city.hamamatsu.shizuoka.jp/documents/3785/329-11_h20shiminseikatsu.xls,https://www.city.hamamatsu.shizuoka.jp/gyousei/library/toukeisyo/004_h20toukeisyo.html,2026-03-11T20:27:24.184478+09:00,200,125440,"Fri, 10 Apr 2015 03:03:32 GMT","""1ea00-5135602676900""",application/vnd.ms-excel,4d68499b669d845d4e3a41004141ec32ce5944e13c75c6fb14be664ac0495d33,downloaded
再編前,other,other,329-12_h20roudou.xls,329-12_h20roudou.xls,https://www.city.hamamatsu.shizuoka.jp/documents/3785/329-12_h20roudou.xls,https://www.city.hamamatsu.shizuoka.jp/gyousei/library/toukeisyo/004_h20toukeisyo.html,2026-03-11T20:27:25.700478+09:00,200,168960,"Fri, 10 Apr 2015 03:03:32 GMT","""29400-5135602676900""",application/vnd.ms-excel,c229fc69070bc2cbcc570ce8804d66a12cfcb5402f1c63e1abef564337398443,downloaded
再編前,other,other,329-13_h20syakaifukushi.xls,329-13_h20syakaifukushi.xls,https://www.city.hamamatsu.shizuoka.jp/documents/3785/329-13_h20syakaifukushi.xls,https://www.city.hamamatsu.shizuoka.jp/gyousei/library/toukeisyo/004_h20toukeisyo.html,2026-03-11T20:27:27.356478+09:00,200,232448,"Fri, 10 Apr 2015 03:03:32 GMT","""38c00-5135602676900""",application/vnd.ms-excel,f1f34b6fb335656a7bfff1a928f336f9247405442efe08e59fa45b7c69958952,downloaded
再編前,other,other,329-14_h20dobokukensetsu-jyuukyo.xls,329-14_h20dobokukensetsu-jyuukyo.xls,https://www.city.hamamatsu.shizuoka.jp/documents/3785/329-14_h20dobokukensetsu-jyuukyo.xls,https://www.city.hamamatsu.shizuoka.jp/gyousei/library/toukeisyo/004_h20toukeisyo.html,2026-03-11T20:27:28.965478+09:00,200,144384,"Fri, 10 Apr 2015 03:03:33 GMT","""23400-513560276ab40""",application/vnd.ms-excel,0268e751dea2ee8eb0b654aca7616ad63595bd3ea2a4403c8cb581706a7da17f,downloaded
再編前,other,other,329-15_h20hokeneisei-seisou.xls,329-15_h20hokeneisei-seisou.xls,https://www.city.hamamatsu.shizuoka.jp/documents/3785/329-15_h20hokeneisei-seisou.xls,https://www.city.hamamatsu.shizuoka.jp/gyousei/library/toukeisyo/004_h20toukeisyo.html,2026-03-11T20:27:30.528478+09:00,200,211968,"Fri, 10 Apr 2015 03:03:33 GMT","""33c00-513560276ab40""",application/vnd.ms-excel,d203f9153047498f5b8f22c80c0fe3096e7a484bf8198309b1f12f3560553feb,downloaded
再編前,other,other,329-16_h20kyouiku.xls,329-16_h20kyouiku.xls,https://www.city.hamamatsu.shizuoka.jp/documents/3785/329-16_h20kyouiku.xls,https://www.city.hamamatsu.shizuoka.jp/gyousei/library/toukeisyo/004_h20toukeisyo.html,2026-03-11T20:27:31.872478+09:00,200,57344,"Fri, 10 Apr 2015 03:03:33 GMT","""e000-513560276ab40""",application/vnd.ms-excel,d6d67be2021ffc71e386f493b63c4aac0611235f826166a9a556109c2ab764b3,downloaded
再編前,other,other,329-17_h20bunka.xls,329-17_h20bunka.xls,https://www.city.hamamatsu.shizuoka.jp/documents/3785/329-17_h20bunka.xls,https://www.city.hamamatsu.shizuoka.jp/gyousei/library/toukeisyo/004_h20toukeisyo.html,2026-03-11T20:27:33.325478+09:00,200,156160,"Fri, 10 Apr 2015 03:03:33 GMT","""26200-513560276ab40""",application/vnd.ms-excel,9ac483be1020fae012c27878660b0f82a67f40e3d1c55596fb926b54053e08a7,downloaded
再編前,other,other,329-18_h20kouan-shihou.xls,329-18_h20kouan-shihou.xls,https://www.city.hamamatsu.shizuoka.jp/documents/3785/329-18_h20kouan-shihou.xls,https://www.city.hamamatsu.shizuoka.jp/gyousei/library/toukeisyo/004_h20toukeisyo.html,2026-03-11T20:27:34.840478+09:00,200,131584,"Fri, 10 Apr 2015 03:03:34 GMT","""20200-513560285ed80""",application/vnd.ms-excel,c788a9d0c36740e0ca31508e9ae0a5d5d47e852630baba52cdbad89fd076fc89,downloaded
再編前,other,other,329-19_h20zaisei.xls,329-19_h20zaisei.xls,https://www.city.hamamatsu.shizuoka.jp/documents/3785/329-19_h20zaisei.xls,https://www.city.hamamatsu.shizuoka.jp/gyousei/library/toukeisyo/004_h20toukeisyo.html,2026-03-11T20:27:36.543478+09:00,200,157184,"Fri, 10 Apr 2015 03:03:34 GMT","""26600-513560285ed80""",application/vnd.ms-excel,89f2b42e9c4f8bb245135fb34eabc240ccae889635eb8f2833f1fc05d4de1e8c,downloaded
再編前,other,other,329-20_h20gyousei.xls,329-20_h20gyousei.xls,https://www.city.hamamatsu.shizuoka.jp/documents/3785/329-20_h20gyousei.xls,https://www.city.hamamatsu.shizuoka.jp/gyousei/library/toukeisyo/004_h20toukeisyo.html,2026-03-11T20:27:38.153478+09:00,200,194048,"Fri, 10 Apr 2015 03:03:34 GMT","""2f600-513560285ed80""",application/vnd.ms-excel,88672c16777df35855db160f2985bc6847322904efba4c65c26c678f7cce5c65,downloaded
再編前,other,other,329-01_h19tochi-kisyou.xls,329-01_h19tochi-kisyou.xls,https://www.city.hamamatsu.shizuoka.jp/documents/3779/329-01_h19tochi-kisyou.xls,https://www.city.hamamatsu.shizuoka.jp/gyousei/library/toukeisyo/004_h19toukeisyo.html,2026-03-11T20:27:39.840478+09:00,200,232448,"Fri, 10 Apr 2015 03:02:55 GMT","""38c00-513560032d5c0""",application/vnd.ms-excel,30a5309370854dfcca8484e530a3567fb3c65e11957783471f9405403ca55499,downloaded
再編前,other,other,329-02_h19jinkou.xls,329-02_h19jinkou.xls,https://www.city.hamamatsu.shizuoka.jp/documents/3779/329-02_h19jinkou.xls,https://www.city.hamamatsu.shizuoka.jp/gyousei/library/toukeisyo/004_h19toukeisyo.html,2026-03-11T20:27:41.387478+09:00,200,221696,"Fri, 10 Apr 2015 03:02:55 GMT","""36200-513560032d5c0""",application/vnd.ms-excel,167ea12dee6f3b132fd12f0cdb06c3f2eee4487165bb76ae6cae759a58c6300a,downloaded
再編前,other,other,329-03_h19jigyousyo.xls,329-03_h19jigyousyo.xls,https://www.city.hamamatsu.shizuoka.jp/documents/3779/329-03_h19jigyousyo.xls,https://www.city.hamamatsu.shizuoka.jp/gyousei/library/toukeisyo/004_h19toukeisyo.html,2026-03-11T20:27:42.637478+09:00,200,57856,"Fri, 10 Apr 2015 03:02:56 GMT","""e200-5135600421800""",application/vnd.ms-excel,fcfe3a82e2bd851e85277d217f6370ce38a46ca13702bc591bc7d79894a198ef,downloaded
再編前,other,04,329-04_h19nougyou-suisangyou.xls,329-04_h19nougyou-suisangyou.xls,https://www.city.hamamatsu.shizuoka.jp/documents/3779/329-04_h19nougyou-suisangyou.xls,https://www.city.hamamatsu.shizuoka.jp/gyousei/library/toukeisyo/004_h19toukeisyo.html,2026-03-11T20:27:44.168478+09:00,200,243712,"Fri, 10 Apr 2015 03:02:56 GMT","""3b800-5135600421800""",application/vnd.ms-excel,d18727f76b0b87b61abbb926f45672ca0878e77111f69fc775b64e5c076a615a,downloaded
再編前,other,other,329-05_h19kougyou.xls,329-05_h19kougyou.xls,https://www.city.hamamatsu.shizuoka.jp/documents/3779/329-05_h19kougyou.xls,https://www.city.hamamatsu.shizuoka.jp/gyousei/library/toukeisyo/004_h19toukeisyo.html,2026-03-11T20:27:45.606478+09:00,200,80896,"Fri, 10 Apr 2015 03:02:56 GMT","""13c00-5135600421800""",application/vnd.ms-excel,2ef0004e60994b89687f51fc9c6930a55029937ddbff1ee7d9317fe82dca5294,downloaded
再編前,other,other,329-06_h19syougyou.xls,329-06_h19syougyou.xls,https://www.city.hamamatsu.shizuoka.jp/documents/3779/329-06_h19syougyou.xls,https://www.city.hamamatsu.shizuoka.jp/gyousei/library/toukeisyo/004_h19toukeisyo.html,2026-03-11T20:27:47.872478+09:00,200,120832,"Fri, 10 Apr 2015 03:02:56 GMT","""1d800-5135600421800""",application/vnd.ms-excel,8228c22d0983748cd922d9a53439a16c86f659800476b7ec17951250d71e35cd,downloaded
再編前,other,other,329-07_h19kinyuu.xls,329-07_h19kinyuu.xls,https://www.city.hamamatsu.shizuoka.jp/documents/3779/329-07_h19kinyuu.xls,https://www.city.hamamatsu.shizuoka.jp/gyousei/library/toukeisyo/004_h19toukeisyo.html,2026-03-11T20:27:49.840478+09:00,200,154112,"Fri, 10 Apr 2015 03:02:57 GMT","""25a00-5135600515a40""",application/vnd.ms-excel,0fc0d148ff0ba6f44b674bfc970bf6d3f399b291d183778642c38d23a7488ef6,downloaded
再編前,other,other,329-08_h19denki-gasu-suidou.xls,329-08_h19denki-gasu-suidou.xls,https://www.city.hamamatsu.shizuoka.jp/documents/3779/329-08_h19denki-gasu-suidou.xls,https://www.city.hamamatsu.shizuoka.jp/gyousei/library/toukeisyo/004_h19toukeisyo.html,2026-03-11T20:27:51.215478+09:00,200,118784,"Fri, 10 Apr 2015 03:02:57 GMT","""1d000-5135600515a40""",application/vnd.ms-excel,2c4439d2f1175e97e45fec76a40d5391294d6457d91793601f3613394579bb09,downloaded
再編前,other,other,329-09_h19unyu-tuusin.xls,329-09_h19unyu-tuusin.xls,https://www.city.hamamatsu.shizuoka.jp/documents/3779/329-09_h19unyu-tuusin.xls,https://www.city.hamamatsu.shizuoka.jp/gyousei/library/toukeisyo/004_h19toukeisyo.html,2026-03-11T20:27:52.637478+09:00,200,221184,"Fri, 10 Apr 2015 03:02:57 GMT","""36000-5135600515a40""",application/vnd.ms-excel,de5452a1f0f03cafaad881093a20cd67065b162b04869a0fe1aed9051c8ed2c6,downloaded
再編前,other,10,329-10_h19kenminsyotoku.xls,329-10_h19kenminsyotoku.xls,https://www.city.hamamatsu.shizuoka.jp/documents/3779/329-10_h19kenminsyotoku.xls,https://www.city.hamamatsu.shizuoka.jp/gyousei/library/toukeisyo/004_h19toukeisyo.html,2026-03-11T20:27:54.043478+09:00,200,62464,"Fri, 10 Apr 2015 03:02:57 GMT","""f400-5135600515a40""",application/vnd.ms-excel,63eafffb9113f7750252a07852aa9616a29c0129a14fe2fbfe5b5b81e2116a0a,downloaded
再編前,other,other,329-11_h19shiminseikatsu.xls,329-11_h19shiminseikatsu.xls,https://www.city.hamamatsu.shizuoka.jp/documents/3779/329-11_h19shiminseikatsu.xls,https://www.city.hamamatsu.shizuoka.jp/gyousei/library/toukeisyo/004_h19toukeisyo.html,2026-03-11T20:27:55.622478+09:00,200,216576,"Fri, 10 Apr 2015 03:02:57 GMT","""34e00-5135600515a40""",application/vnd.ms-excel,732094bc0d379e71c7bd1c4eb98b8f4838744e3594fc7fd084bafb4d3d8ab57e,downloaded
再編前,other,other,329-12_h19roudou.xls,329-12_h19roudou.xls,https://www.city.hamamatsu.shizuoka.jp/documents/3779/329-12_h19roudou.xls,https://www.city.hamamatsu.shizuoka.jp/gyousei/library/toukeisyo/004_h19toukeisyo.html,2026-03-11T20:27:57.450478+09:00,200,329216,"Fri, 10 Apr 2015 03:02:58 GMT","""50600-5135600609c80""",application/vnd.ms-excel,33df98257936ad1b732fbbfdf6cdae2910aaaf41b8a4bb8ebafab9321f63ce53,downloaded
再編前,other,other,329-13_h19syakaifukushi.xls,329-13_h19syakaifukushi.xls,https://www.city.hamamatsu.shizuoka.jp/documents/3779/329-13_h19syakaifukushi.xls,https://www.city.hamamatsu.shizuoka.jp/gyousei/library/toukeisyo/004_h19toukeisyo.html,2026-03-11T20:27:59.403478+09:00,200,392192,"Fri, 10 Apr 2015 03:02:58 GMT","""5fc00-5135600609c80""",application/vnd.ms-excel,ac7b8d6902940b0f939b87b77fdd2eac9965a9dc29a053db49765bd43b9b63c6,downloaded
再編前,other,other,329-14_h19dobokukensetsu-jyuukyo.xls,329-14_h19dobokukensetsu-jyuukyo.xls,https://www.city.hamamatsu.shizuoka.jp/documents/3779/329-14_h19dobokukensetsu-jyuukyo.xls,https://www.city.hamamatsu.shizuoka.jp/gyousei/library/toukeisyo/004_h19toukeisyo.html,2026-03-11T20:28:01.043478+09:00,200,256512,"Fri, 10 Apr 2015 03:02:58 GMT","""3ea00-5135600609c80""",application/vnd.ms-excel,5de5a632019e0a95707a00f49185c17e6f7be1e95bb19f79caecd5fbb12633a8,downloaded
再編前,other,other,329-15_h19hokeneisei-seisou.xls,329-15_h19hokeneisei-seisou.xls,https://www.city.hamamatsu.shizuoka.jp/documents/3779/329-15_h19hokeneisei-seisou.xls,https://www.city.hamamatsu.shizuoka.jp/gyousei/library/toukeisyo/004_h19toukeisyo.html,2026-03-11T20:28:02.856478+09:00,200,392704,"Fri, 10 Apr 2015 03:02:58 GMT","""5fe00-5135600609c80""",application/vnd.ms-excel,1028fdf3e27aea10c609ba8192c3e2ec26faaa79eb27316f560a396f9c45353b,downloaded
再編前,other,other,329-16_h19kyouiku.xls,329-16_h19kyouiku.xls,https://www.city.hamamatsu.shizuoka.jp/documents/3779/329-16_h19kyouiku.xls,https://www.city.hamamatsu.shizuoka.jp/gyousei/library/toukeisyo/004_h19toukeisyo.html,2026-03-11T20:28:04.215478+09:00,200,112128,"Fri, 10 Apr 2015 03:02:58 GMT","""1b600-5135600609c80""",application/vnd.ms-excel,c8a6396767d96bbe24a4934a3210aa100d71c306b7cd26224d7f5ca3dc64f3a5,downloaded
再編前,other,other,329-17_h19bunka.xls,329-17_h19bunka.xls,https://www.city.hamamatsu.shizuoka.jp/documents/3779/329-17_h19bunka.xls,https://www.city.hamamatsu.shizuoka.jp/gyousei/library/toukeisyo/004_h19toukeisyo.html,2026-03-11T20:28:06.356478+09:00,200,305152,"Fri, 10 Apr 2015 03:02:59 GMT","""4a800-51356006fdec0""",application/vnd.ms-excel,5030ecd5d7042c2bb9736c21724e6d3dabd8330979011c538fa3eaac287b3929,downloaded
再編前,other,other,329-18_h19kouan-shihou.xls,329-18_h19kouan-shihou.xls,https://www.city.hamamatsu.shizuoka.jp/documents/3779/329-18_h19kouan-shihou.xls,https://www.city.hamamatsu.shizuoka.jp/gyousei/library/toukeisyo/004_h19toukeisyo.html,2026-03-11T20:28:08.309478+09:00,200,249856,"Fri, 10 Apr 2015 03:02:59 GMT","""3d000-51356006fdec0""",application/vnd.ms-excel,27770fd42a7ef850801eb3a7306155620349127bf8ba9d07f53cebb9ccc796c7,downloaded
再編前,other,other,329-19_h19zaisei.xls,329-19_h19zaisei.xls,https://www.city.hamamatsu.shizuoka.jp/documents/3779/329-19_h19zaisei.xls,https://www.city.hamamatsu.shizuoka.jp/gyousei/library/toukeisyo/004_h19toukeisyo.html,2026-03-11T20:28:10.465478+09:00,200,294912,"Fri, 10 Apr 2015 03:02:59 GMT","""48000-51356006fdec0""",application/vnd.ms-excel,c26e28c19842d1b109ab731552adeb29eba87640638a25c79795bee98a3b47a6,downloaded
再編前,other,other,329-20_h19gyousei.xls,329-20_h19gyousei.xls,https://www.city.hamamatsu.shizuoka.jp/documents/3779/329-20_h19gyousei.xls,https://www.city.hamamatsu.shizuoka.jp/gyousei/library/toukeisyo/004_h19toukeisyo.html,2026-03-11T20:28:12.372478+09:00,200,374272,"Fri, 10 Apr 2015 03:02:59 GMT","""5b600-51356006fdec0""",application/vnd.ms-excel,a8d11012fe384176393e2d4e89eca556199470b609b2c4ea65ae280310f4fd98,downloaded
other,other,other,329-01_tochi-kisyou.xls,329-01_tochi-kisyou.xls,https://www.city.hamamatsu.shizuoka.jp/documents/3780/329-01_tochi-kisyou.xls,https://www.city.hamamatsu.shizuoka.jp/gyousei/library/toukeisyo/004_h18toukeisyo.html,2026-03-11T20:28:14.043478+09:00,200,228352,"Fri, 10 Apr 2015 03:02:47 GMT","""37c00-51355ffb8c3c0""",application/vnd.ms-excel,e514b2c57739ab4b7f135f21e3c67b41120739dcc580edbfdb083f3621d3da8a,downloaded
other,other,other,329-02_jinkou.xls,329-02_jinkou.xls,https://www.city.hamamatsu.shizuoka.jp/documents/3780/329-02_jinkou.xls,https://www.city.hamamatsu.shizuoka.jp/gyousei/library/toukeisyo/004_h18toukeisyo.html,2026-03-11T20:28:15.793478+09:00,200,215552,"Fri, 10 Apr 2015 03:02:47 GMT","""34a00-51355ffb8c3c0""",application/vnd.ms-excel,c53d2a186fa93cca80597b640cfb463e86ec25fd122ff04488e90861595a83ba,downloaded
other,other,other,329-03_jigyousyo.xls,329-03_jigyousyo.xls,https://www.city.hamamatsu.shizuoka.jp/documents/3780/329-03_jigyousyo.xls,https://www.city.hamamatsu.shizuoka.jp/gyousei/library/toukeisyo/004_h18toukeisyo.html,2026-03-11T20:28:17.200478+09:00,200,73216,"Fri, 10 Apr 2015 03:02:48 GMT","""11e00-51355ffc80600""",application/vnd.ms-excel,29a9700eed4ba694a046907f1f1e4df8fe605c1fbc1b42233cd55e491ba24a23,downloaded
other,other,04,329-04_nougyou-suisangyou.xls,329-04_nougyou-suisangyou.xls,https://www.city.hamamatsu.shizuoka.jp/documents/3780/329-04_nougyou-suisangyou.xls,https://www.city.hamamatsu.shizuoka.jp/gyousei/library/toukeisyo/004_h18toukeisyo.html,2026-03-11T20:28:18.965478+09:00,200,237056,"Fri, 10 Apr 2015 03:02:48 GMT","""39e00-51355ffc80600""",application/vnd.ms-excel,6b0e0328e38f6aeb4a355bc9e8f7198d096492f10e7ead73bff2fc1630dea4f5,downloaded
other,other,other,329-05_kougyou.xls,329-05_kougyou.xls,https://www.city.hamamatsu.shizuoka.jp/documents/3780/329-05_kougyou.xls,https://www.city.hamamatsu.shizuoka.jp/gyousei/library/toukeisyo/004_h18toukeisyo.html,2026-03-11T20:28:20.465478+09:00,200,95232,"Fri, 10 Apr 2015 03:02:48 GMT","""17400-51355ffc80600""",application/vnd.ms-excel,2de5088090c0e01ee1b45316bca8b3a0eb8a694ac01f6270f82a3c075328ad88,downloaded
other,other,other,329-06_syougyou.xls,329-06_syougyou.xls,https://www.city.hamamatsu.shizuoka.jp/documents/3780/329-06_syougyou.xls,https://www.city.hamamatsu.shizuoka.jp/gyousei/library/toukeisyo/004_h18toukeisyo.html,2026-03-11T20:28:22.200478+09:00,200,133120,"Fri, 10 Apr 2015 03:02:48 GMT","""20800-51355ffc80600""",application/vnd.ms-excel,2919900fe0832505a838acb1dd20af2260bab983aab071da380fe25074b521c4,downloaded
other,other,other,329-07_kinyuu.xls,329-07_kinyuu.xls,https://www.city.hamamatsu.shizuoka.jp/documents/3780/329-07_kinyuu.xls,https://www.city.hamamatsu.shizuoka.jp/gyousei/library/toukeisyo/004_h18toukeisyo.html,2026-03-11T20:28:23.653478+09:00,200,156672,"Fri, 10 Apr 2015 03:02:48 GMT","""26400-51355ffc80600""",application/vnd.ms-excel,3829cba6f47e06d84aa2fdb9ae0976d5574dc24ec277e671e532b7a567a446e4,downloaded
other,other,other,329-08_denki-gasu-suidou.xls,329-08_denki-gasu-suidou.xls,https://www.city.hamamatsu.shizuoka.jp/documents/3780/329-08_denki-gasu-suidou.xls,https://www.city.hamamatsu.shizuoka.jp/gyousei/library/toukeisyo/004_h18toukeisyo.html,2026-03-11T20:28:24.997478+09:00,200,126464,"Fri, 10 Apr 2015 03:02:49 GMT","""1ee00-51355ffd74840""",application/vnd.ms-excel,5ae02edb3a19cbff760907f9bf3a4a30fc29ae462c39ce98c6c997ad4491c5d9,downloaded
other,other,other,329-09_unyu-tuusin.xls,329-09_unyu-tuusin.xls,https://www.city.hamamatsu.shizuoka.jp/documents/3780/329-09_unyu-tuusin.xls,https://www.city.hamamatsu.shizuoka.jp/gyousei/library/toukeisyo/004_h18toukeisyo.html,2026-03-11T20:28:26.450478+09:00,200,202240,"Fri, 10 Apr 2015 03:02:49 GMT","""31600-51355ffd74840""",application/vnd.ms-excel,90593c5a04e97a3cf13a3d739811cac38ba010a15fadc27115fa5adf637c550f,downloaded
other,other,10,329-10_kenminsyotoku.xls,329-10_kenminsyotoku.xls,https://www.city.hamamatsu.shizuoka.jp/documents/3780/329-10_kenminsyotoku.xls,https://www.city.hamamatsu.shizuoka.jp/gyousei/library/toukeisyo/004_h18toukeisyo.html,2026-03-11T20:28:27.793478+09:00,200,68096,"Fri, 10 Apr 2015 03:02:49 GMT","""10a00-51355ffd74840""",application/vnd.ms-excel,36f09a872385bb76532b88d45ecb3c7dbc03a9326a2de49b2723981064b9910f,downloaded
other,other,other,329-11_shiminseikatsu.xls,329-11_shiminseikatsu.xls,https://www.city.hamamatsu.shizuoka.jp/documents/3780/329-11_shiminseikatsu.xls,https://www.city.hamamatsu.shizuoka.jp/gyousei/library/toukeisyo/004_h18toukeisyo.html,2026-03-11T20:28:29.247478+09:00,200,214528,"Fri, 10 Apr 2015 03:02:49 GMT","""34600-51355ffd74840""",application/vnd.ms-excel,21effd3022a830b4a2690a4dadb72ab210d2cd3b165e5b5afebec59f90acd8ce,downloaded
other,other,other,329-12_roudou.xls,329-12_roudou.xls,https://www.city.hamamatsu.shizuoka.jp/documents/3780/329-12_roudou.xls,https://www.city.hamamatsu.shizuoka.jp/gyousei/library/toukeisyo/004_h18toukeisyo.html,2026-03-11T20:28:30.840478+09:00,200,297472,"Fri, 10 Apr 2015 03:02:49 GMT","""48a00-51355ffd74840""",application/vnd.ms-excel,4f0b297b3dc82925a8cea2c4df967e6c784df462127156f91223c9428a10c93a,downloaded
other,other,other,329-13_syakaifukushi.xls,329-13_syakaifukushi.xls,https://www.city.hamamatsu.shizuoka.jp/documents/3780/329-13_syakaifukushi.xls,https://www.city.hamamatsu.shizuoka.jp/gyousei/library/toukeisyo/004_h18toukeisyo.html,2026-03-11T20:28:32.700478+09:00,200,364032,"Fri, 10 Apr 2015 03:02:49 GMT","""58e00-51355ffd74840""",application/vnd.ms-excel,7be225de464a93f4a57bc679aab4b38ca8048b85e072de9b257f5f41ccede9aa,downloaded
other,other,other,329-14_dobokukensetsu-jyuukyo.xls,329-14_dobokukensetsu-jyuukyo.xls,https://www.city.hamamatsu.shizuoka.jp/documents/3780/329-14_dobokukensetsu-jyuukyo.xls,https://www.city.hamamatsu.shizuoka.jp/gyousei/library/toukeisyo/004_h18toukeisyo.html,2026-03-11T20:28:34.434478+09:00,200,256000,"Fri, 10 Apr 2015 03:02:49 GMT","""3e800-51355ffd74840""",application/vnd.ms-excel,d22a72a661f296b599d19ed4ab92cb5061280fa6c11beb22b9b39a6a99528f34,downloaded
other,other,other,329-15_hokeneisei-seisou.xls,329-15_hokeneisei-seisou.xls,https://www.city.hamamatsu.shizuoka.jp/documents/3780/329-15_hokeneisei-seisou.xls,https://www.city.hamamatsu.shizuoka.jp/gyousei/library/toukeisyo/004_h18toukeisyo.html,2026-03-11T20:28:36.262478+09:00,200,385536,"Fri, 10 Apr 2015 03:02:50 GMT","""5e200-51355ffe68a80""",application/vnd.ms-excel,6d45549fc18cafb1a689710f11fd1b866b8f8ac3693c80d95e6250abdc1b97d9,downloaded
other,other,other,329-16_kyouiku.xls,329-16_kyouiku.xls,https://www.city.hamamatsu.shizuoka.jp/documents/3780/329-16_kyouiku.xls,https://www.city.hamamatsu.shizuoka.jp/gyousei/library/toukeisyo/004_h18toukeisyo.html,2026-03-11T20:28:37.700478+09:00,200,114688,"Fri, 10 Apr 2015 03:02:50 GMT","""1c000-51355ffe68a80""",application/vnd.ms-excel,45283f9f86fc831eaf26d858011ee410a7201fdde508b2a7d0f63894207246ac,downloaded
other,other,other,329-17_bunka.xls,329-17_bunka.xls,https://www.city.hamamatsu.shizuoka.jp/documents/3780/329-17_bunka.xls,https://www.city.hamamatsu.shizuoka.jp/gyousei/library/toukeisyo/004_h18toukeisyo.html,2026-03-11T20:28:39.356478+09:00,200,283136,"Fri, 10 Apr 2015 03:02:50 GMT","""45200-51355ffe68a80""",application/vnd.ms-excel,47880a224796557732d41d4f31909a11985f43444e98139d905664ea06efbbc0,downloaded
other,other,other,329-18_kouan-shihou.xls,329-18_kouan-shihou.xls,https://www.city.hamamatsu.shizuoka.jp/documents/3780/329-18_kouan-shihou.xls,https://www.city.hamamatsu.shizuoka.jp/gyousei/library/toukeisyo/004_h18toukeisyo.html,2026-03-11T20:28:40.700478+09:00,200,243200,"Fri, 10 Apr 2015 03:02:50 GMT","""3b600-51355ffe68a80""",application/vnd.ms-excel,bcdbaefc71316940f426fce95caee534ad77074b32d2c0c5f1fb053bc0608d0b,downloaded
other,other,other,329-19_zaisei.xls,329-19_zaisei.xls,https://www.city.hamamatsu.shizuoka.jp/documents/3780/329-19_zaisei.xls,https://www.city.hamamatsu.shizuoka.jp/gyousei/library/toukeisyo/004_h18toukeisyo.html,2026-03-11T20:28:42.512478+09:00,200,280064,"Fri, 10 Apr 2015 03:02:50 GMT","""44600-51355ffe68a80""",application/vnd.ms-excel,a768f1f1fc31892825fd34695638ea86ef8ef0f0915a46c1f4b670c80fdb7917,downloaded
other,other,other,329-20_gyousei.xls,329-20_gyousei.xls,https://www.city.hamamatsu.shizuoka.jp/documents/3780/329-20_gyousei.xls,https://www.city.hamamatsu.shizuoka.jp/gyousei/library/toukeisyo/004_h18toukeisyo.html,2026-03-11T20:28:44.559478+09:00,200,378880,"Fri, 10 Apr 2015 03:02:50 GMT","""5c800-51355ffe68a80""",application/vnd.ms-excel,e93bbc3e26ec139d3598f16894db066aacd0c8d5b854f8562b806a5ed8186f3c,downloaded
